id,category,sentence
1,calculations,"A company with 148 million shares outstanding at a price of 257.65 pounds has a market capitalization of about 38,132.2 million pounds."
2,calculations,"The future value of 8,500 euros invested for 23 years at a 1.5% annual rate, compounded yearly, is about 11,971.21 euros."
3,calculations,"A bond with a face value of 1,000 pounds, a 4% annual coupon, and a price of 895 pounds has a current yield of about 4.47%. The bond trades at a discount."
4,comparative,"The return on a certificate of deposit comes from fixed interest, while the return on a money market fund comes from short-term interest income."
5,calculations,An annual dividend of 5.59 euros on a share priced at 206 euros gives a dividend yield of 2.71%.
6,calculations,"If revenue changes from 9,600 to 9,539 thousand pounds, the percentage change is -0.6%."
7,concepts,"In finance, working capital equals current assets minus current liabilities."
8,comparative,"The return on a zero-coupon bond comes from the difference between the purchase price and face value, while the return on a treasury bill comes from the discount between the purchase price and face value."
9,calculations,"A company with 392 million shares outstanding at a price of 126.98 euros has a market capitalization of about 49,776.2 million euros."
10,calculations,An annual dividend of 7.90 pounds on a share priced at 12 pounds gives a dividend yield of 65.83%.
11,instruments,"Regarding liquidity, an interest rate swap offers moderate liquidity for standard maturities."
12,calculations,Net income of 9 million dollars divided by 282 million shares gives earnings per share of 0.03 dollars.
13,calculations,"With a nominal return of 4% and inflation of 1.5%, the real return is about 2.46% using the exact Fisher relation."
14,comparative,"An interest rate swap is a derivative, whereas a government bond is a debt security."
15,ratios,The days sales outstanding measures the average number of days needed to collect payment from customers.
16,calculations,A share priced at 280 pounds with earnings per share of 13.34 pounds has a price-to-earnings ratio of about 21.0.
17,concepts,"As a general principle, hedging is the use of financial instruments to reduce exposure to a specific risk."
18,calculations,"If a 5% coupon bond with a 1,000 euros face value trades at 870 euros, its current yield is approximately 5.75%. The bond trades at a discount."
19,calculations,"The monthly payment on a 10-year amortizing loan of 35,000 euros at 3% annual interest is approximately 337.96 euros."
20,concepts,"In finance, the consumer price index tracks changes in the price of a basket of consumer goods and services."
21,calculations,Net income of 619 million euros divided by 249 million shares gives earnings per share of 2.49 euros.
22,calculations,"If a 4% coupon bond with a 1,000 pounds face value trades at 965 pounds, its current yield is approximately 4.15%. The bond trades at a discount."
23,calculations,"A company with net income of 28,100,000 euros and average equity of 346,200,000 euros has a return on equity of 8.1%."
24,calculations,"Net income of 38,800,000 pounds on shareholders' equity of 282,800,000 pounds corresponds to a return on equity of about 13.7%."
25,concepts,"In finance, a leveraged buyout is an acquisition financed largely with borrowed money."
26,calculations,Net income of 176 million pounds divided by 84 million shares gives earnings per share of 2.10 pounds.
27,calculations,A nominal interest rate of 3% combined with 1% inflation implies a real interest rate of approximately 1.98%.
28,calculations,"A company with current assets of 4,820 thousand dollars and current liabilities of 1,090 thousand dollars has a current ratio of 4.42."
29,calculations,"If a 6% coupon bond with a 1,000 pounds face value trades at 875 pounds, its current yield is approximately 6.86%. The bond trades at a discount."
30,comparative,"The return on an exchange-traded fund comes from distributions and price changes, while the return on a put option comes from payoff when the underlying price falls below the strike price."
31,calculations,"If earnings per share are 8.34 dollars and the share price is 83 dollars, the P/E ratio is approximately 10.0."
32,calculations,Net income of 595 million pounds divided by 94 million shares gives earnings per share of 6.33 pounds.
33,calculations,"Net income of 21,400,000 dollars on shareholders' equity of 336,100,000 dollars corresponds to a return on equity of about 6.4%."
34,calculations,"An investment of 5,000 euros at 6% annual interest compounded annually grows to about 13,463.86 euros after 17 years."
35,comparative,"A convertible bond is a hybrid security, whereas an exchange-traded fund is a pooled investment vehicle."
36,calculations,"With a nominal return of 9% and inflation of 5%, the real return is about 3.81% using the exact Fisher relation."
37,calculations,"Discounting 47,000 pounds due in 5 years at an annual rate of 6% gives a present value of approximately 35,121.13 pounds."
38,calculations,"At a simple interest rate of 4% per year, a principal of 10,750 dollars earns 4,300.00 dollars in interest over 10 years."
39,calculations,"The future value of 28,000 dollars invested for 6 years at a 7% annual rate, compounded yearly, is about 42,020.45 dollars."
40,ratios,"In financial statement analysis, the net debt to EBITDA, defined as total debt minus cash, divided by EBITDA, indicates roughly how many years of operating earnings would be needed to repay net debt."
41,comparative,"The return on an interest rate swap comes from net exchanged interest payments, while the return on a mutual fund comes from distributions and changes in net asset value."
42,concepts,"From a financial perspective, present value is the current worth of a future cash flow discounted at an appropriate rate."
43,calculations,A nominal interest rate of 2% combined with 6% inflation implies a real interest rate of approximately -3.77%.
44,calculations,"With a nominal return of 9% and inflation of 2%, the real return is about 6.86% using the exact Fisher relation."
45,calculations,Net income of 974 million pounds divided by 326 million shares gives earnings per share of 2.99 pounds.
46,calculations,"Discounting 88,000 pounds due in 15 years at an annual rate of 6% gives a present value of approximately 36,719.33 pounds."
47,calculations,An annual dividend of 9.49 dollars on a share priced at 17 dollars gives a dividend yield of 55.82%.
48,concepts,Inflation is the general increase in prices and the fall in the purchasing power of money.
49,calculations,A nominal interest rate of 5% combined with 1% inflation implies a real interest rate of approximately 3.96%.
50,calculations,"If a 3% coupon bond with a 1,000 pounds face value trades at 990 pounds, its current yield is approximately 3.03%. The bond trades at a discount."
51,calculations,Net income of 962 million pounds divided by 98 million shares gives earnings per share of 9.82 pounds.
52,instruments,"Regarding the real estate investment trust, it allows investors to gain exposure to property without buying buildings directly."
53,calculations,"If a 3% coupon bond with a 1,000 pounds face value trades at 1,025 pounds, its current yield is approximately 2.93%. The bond trades at a premium."
54,concepts,"In finance, Modern portfolio theory was developed by Harry Markowitz in the 1950s."
55,calculations,"A company with 279 million shares outstanding at a price of 191.28 euros has a market capitalization of about 53,367.1 million euros."
56,ratios,The net profit margin is calculated as net income divided by revenue.
57,calculations,Net income of 59 million euros divided by 458 million shares gives earnings per share of 0.13 euros.
58,calculations,"With a nominal return of 6% and inflation of 1%, the real return is about 4.95% using the exact Fisher relation."
59,calculations,"If revenue changes from 8,300 to 12,035 thousand dollars, the percentage change is +45.0%."
60,comparative,"A forward contract is a derivative, whereas a mutual fund is a pooled investment vehicle."
61,comparative,"The return on a corporate bond comes from periodic coupon payments, while the return on a convertible bond comes from coupon payments plus the option to convert into shares."
62,calculations,"A company with 139 million shares outstanding at a price of 428.30 euros has a market capitalization of about 59,533.7 million euros."
63,calculations,"A bond with a face value of 1,000 dollars, a 4% annual coupon, and a price of 910 dollars has a current yield of about 4.40%. The bond trades at a discount."
64,calculations,"Simple interest on 5,500 pounds at 4% for 7 years amounts to 1,540.00 pounds."
65,calculations,"With a nominal return of 8% and inflation of 5%, the real return is about 2.86% using the exact Fisher relation."
66,calculations,Net income of 772 million euros divided by 239 million shares gives earnings per share of 3.23 euros.
67,calculations,"A bond with a face value of 1,000 dollars, a 4% annual coupon, and a price of 955 dollars has a current yield of about 4.19%. The bond trades at a discount."
68,calculations,"With annual compounding at 4%, 10,500 pounds becomes approximately 14,369.98 pounds in 8 years."
69,calculations,"Discounting 68,000 euros due in 9 years at an annual rate of 6% gives a present value of approximately 40,249.10 euros."
70,concepts,An annuity is a series of equal payments made at regular intervals.
71,calculations,"A loan of 100,000 dollars at a 5% annual rate, repaid monthly over 10 years, has a monthly payment of about 1,060.66 dollars."
72,comparative,"The return on a forward contract comes from gains or losses at settlement, while the return on a certificate of deposit comes from fixed interest."
73,calculations,"If revenue changes from 5,500 to 4,684 thousand dollars, the percentage change is -14.8%."
74,calculations,An annual dividend of 7.37 euros on a share priced at 194 euros gives a dividend yield of 3.80%.
75,calculations,"The future value of 20,500 dollars invested for 21 years at a 1% annual rate, compounded yearly, is about 25,264.03 dollars."
76,calculations,"If a 7% coupon bond with a 1,000 euros face value trades at 940 euros, its current yield is approximately 7.45%. The bond trades at a discount."
77,calculations,A share priced at 174 euros with earnings per share of 0.96 euros has a price-to-earnings ratio of about 181.2.
78,concepts,"From a financial perspective, commercial banks accept deposits and make loans."
79,concepts,"From a financial perspective, raising policy interest rates is a common tool used by central banks to reduce inflation."
80,comparative,"The return on a call option comes from payoff when the underlying price rises above the strike price, while the return on a forward contract comes from gains or losses at settlement."
81,calculations,"A company with current assets of 3,560 thousand pounds and current liabilities of 4,330 thousand pounds has a current ratio of 0.82."
82,calculations,"A loan of 75,000 euros at a 4% annual rate, repaid monthly over 3 years, has a monthly payment of about 2,214.30 euros."
83,concepts,"From a financial perspective, the effective annual rate accounts for the effect of compounding within a year."
84,comparative,"The return on a futures contract comes from gains or losses from price changes in the underlying asset, while the return on an interest rate swap comes from net exchanged interest payments."
85,comparative,"The return on a zero-coupon bond comes from the difference between the purchase price and face value, while the return on an exchange-traded fund comes from distributions and price changes."
86,calculations,"A company with 855 million shares outstanding at a price of 258.98 euros has a market capitalization of about 221,427.9 million euros."
87,comparative,"The return on a corporate bond comes from periodic coupon payments, while the return on a put option comes from payoff when the underlying price falls below the strike price."
88,calculations,"With a nominal return of 5% and inflation of 2.5%, the real return is about 2.44% using the exact Fisher relation."
89,calculations,"A bond with a face value of 1,000 pounds, a 4% annual coupon, and a price of 850 pounds has a current yield of about 4.71%. The bond trades at a discount."
90,calculations,"Net income of 13,400,000 euros on shareholders' equity of 152,100,000 euros corresponds to a return on equity of about 8.8%."
91,calculations,"If revenue changes from 1,200 to 1,227 thousand pounds, the percentage change is +2.2%."
92,calculations,An annual dividend of 1.24 euros on a share priced at 273 euros gives a dividend yield of 0.45%.
93,concepts,"From a financial perspective, a share buyback reduces the number of shares outstanding."
94,calculations,"An investment of 7,500 euros at 1.5% annual interest compounded annually grows to about 7,960.23 euros after 4 years."
95,calculations,"The monthly payment on a 20-year amortizing loan of 325,000 dollars at 3% annual interest is approximately 1,802.44 dollars."
96,comparative,"The return on a money market fund comes from short-term interest income, while the return on a call option comes from payoff when the underlying price rises above the strike price."
97,calculations,"A bond with a face value of 1,000 dollars, a 6% annual coupon, and a price of 965 dollars has a current yield of about 6.22%. The bond trades at a discount."
98,calculations,"A loan of 110,000 dollars at a 4% annual rate, repaid monthly over 25 years, has a monthly payment of about 580.62 dollars."
99,calculations,"A company with net income of 49,400,000 dollars and average equity of 175,500,000 dollars has a return on equity of 28.1%."
100,instruments,"Regarding the convertible bond, it usually pays a lower coupon than a comparable straight bond."
101,calculations,"An investment of 24,000 pounds at 5% annual interest compounded annually grows to about 30,630.76 pounds after 5 years."
102,calculations,"A company with net income of 35,400,000 pounds and average equity of 611,900,000 pounds has a return on equity of 5.8%."
103,comparative,"The return on a common stock comes from dividends and capital gains, while the return on a treasury bill comes from the discount between the purchase price and face value."
104,ratios,The dividend yield is calculated as annual dividends per share divided by the share price.
105,instruments,"In terms of risk, a forward contract carries counterparty risk and market risk."
106,calculations,"Simple interest on 11,500 euros at 2% for 6 years amounts to 1,380.00 euros."
107,comparative,"A common stock is an equity security, whereas a money market fund is a pooled investment vehicle."
108,instruments,"Regarding the preferred stock, its dividends must usually be paid before any dividends on common stock."
109,comparative,"The return on a mutual fund comes from distributions and changes in net asset value, while the return on a futures contract comes from gains or losses from price changes in the underlying asset."
110,calculations,"If a 5% coupon bond with a 1,000 euros face value trades at 1,005 euros, its current yield is approximately 4.98%. The bond trades at a premium."
111,calculations,"If revenue changes from 6,750 to 9,689 thousand dollars, the percentage change is +43.5%."
112,concepts,"In finance, the coupon rate is the annual interest payment expressed as a percentage of a bond's face value."
113,calculations,A share priced at 207 pounds with earnings per share of 0.92 pounds has a price-to-earnings ratio of about 225.0.
114,comparative,"A common stock is an equity security, whereas a corporate bond is a debt security."
115,calculations,An annual dividend of 7.39 dollars on a share priced at 205 dollars gives a dividend yield of 3.60%.
116,ratios,The interest coverage ratio is a solvency ratio.
117,calculations,"Simple interest on 1,500 dollars at 2% for 8 years amounts to 240.00 dollars."
118,calculations,"The present value of 43,000 euros received in 17 years, discounted at 6% per year, is about 15,968.67 euros."
119,calculations,"Simple interest on 11,750 pounds at 2% for 9 years amounts to 2,115.00 pounds."
120,calculations,"If revenue changes from 150 to 152 thousand euros, the percentage change is +1.3%."
121,calculations,"An asset whose price moves from 9,700 to 6,910 pounds has a return of -28.8%, excluding income."
122,concepts,"From a financial perspective, a perpetuity is a stream of equal cash flows that continues indefinitely."
123,calculations,"The present value of 3,000 pounds received in 14 years, discounted at 5% per year, is about 1,515.20 pounds."
124,comparative,"The return on a corporate bond comes from periodic coupon payments, while the return on a real estate investment trust comes from rental income distributions and price changes."
125,calculations,"With annual compounding at 2%, 31,000 dollars becomes approximately 32,252.40 dollars in 2 years."
126,calculations,"The future value of 25,500 pounds invested for 18 years at a 6% annual rate, compounded yearly, is about 72,785.65 pounds."
127,concepts,"From a financial perspective, an asset with a beta greater than one tends to move more than the market."
128,calculations,"A company with net income of 43,600,000 pounds and average equity of 409,900,000 pounds has a return on equity of 10.6%."
129,calculations,"With annual compounding at 1%, 1,000 pounds becomes approximately 1,257.16 pounds in 23 years."
130,ratios,The enterprise value to EBITDA measures a company's total value relative to its operating cash earnings.
131,ratios,The net debt to EBITDA measures roughly how many years of operating earnings would be needed to repay net debt.
132,calculations,"A company with net income of 43,300,000 dollars and average equity of 472,900,000 dollars has a return on equity of 9.2%."
133,calculations,"Net income of 45,200,000 dollars on shareholders' equity of 232,700,000 dollars corresponds to a return on equity of about 19.4%."
134,calculations,"If a 4% coupon bond with a 1,000 dollars face value trades at 875 dollars, its current yield is approximately 4.57%. The bond trades at a discount."
135,instruments,The convertible bond is classified as a hybrid security.
136,concepts,"In finance, unsystematic risk is specific to a company or industry and can be reduced through diversification."
137,calculations,"Simple interest on 5,250 dollars at 4% for 3 years amounts to 630.00 dollars."
138,concepts,"From a financial perspective, a stock split increases the number of shares outstanding without changing the company's market value."
139,comparative,"A mutual fund is a pooled investment vehicle, whereas a treasury bill is a money market instrument."
140,calculations,Net income of 234 million dollars divided by 167 million shares gives earnings per share of 1.40 dollars.
141,calculations,"A company with 628 million shares outstanding at a price of 491.67 dollars has a market capitalization of about 308,768.8 million dollars."
142,calculations,"A company with net income of 42,500,000 pounds and average equity of 470,600,000 pounds has a return on equity of 9.0%."
143,instruments,Investors in a forward contract face counterparty risk and market risk.
144,calculations,"The monthly payment on a 15-year amortizing loan of 40,000 pounds at 7% annual interest is approximately 359.53 pounds."
145,comparative,"The return on a forward contract comes from gains or losses at settlement, while the return on a real estate investment trust comes from rental income distributions and price changes."
146,calculations,Net income of 217 million pounds divided by 398 million shares gives earnings per share of 0.55 pounds.
147,calculations,"A company with net income of 12,100,000 euros and average equity of 103,800,000 euros has a return on equity of 11.7%."
148,calculations,Net income of 607 million dollars divided by 379 million shares gives earnings per share of 1.60 dollars.
149,calculations,"With annual compounding at 2%, 6,500 dollars becomes approximately 10,877.22 dollars in 26 years."
150,calculations,"A company with current assets of 3,790 thousand pounds and current liabilities of 660 thousand pounds has a current ratio of 5.74."
151,calculations,A share priced at 196 dollars with earnings per share of 7.38 dollars has a price-to-earnings ratio of about 26.6.
152,calculations,A nominal interest rate of 6% combined with 6% inflation implies a real interest rate of approximately 0.00%.
153,calculations,"An investment of 45,000 dollars at 4% annual interest compounded annually grows to about 102,544.56 dollars after 21 years."
154,instruments,Investors in an exchange-traded fund face risk that depends on its underlying index or holdings.
155,instruments,A key feature of a zero-coupon bond is that its price is especially sensitive to changes in interest rates.
156,calculations,"A company with current assets of 4,210 thousand dollars and current liabilities of 4,820 thousand dollars has a current ratio of 0.87."
157,concepts,"In economics and finance, the payback period is the time required for cumulative cash flows to recover the initial investment."
158,calculations,A nominal interest rate of 10% combined with 6% inflation implies a real interest rate of approximately 3.77%.
159,calculations,"At a simple interest rate of 6% per year, a principal of 18,250 euros earns 10,950.00 euros in interest over 10 years."
160,instruments,A mortgage-backed security is typically created by securitizing pools of home loans.
161,comparative,"A put option is a derivative, whereas a corporate bond is a debt security."
162,comparative,"A mortgage-backed security is an asset-backed security, whereas a preferred stock is a hybrid security."
163,calculations,"At a simple interest rate of 6% per year, a principal of 10,250 dollars earns 2,460.00 dollars in interest over 4 years."
164,comparative,"The return on a mortgage-backed security comes from principal and interest payments passed through from borrowers, while the return on a futures contract comes from gains or losses from price changes in the underlying asset."
165,concepts,"In finance, credit risk is the risk that a borrower fails to make required payments."
166,calculations,"A company with 925 million shares outstanding at a price of 405.96 pounds has a market capitalization of about 375,513.0 million pounds."
167,concepts,A stock split increases the number of shares outstanding without changing the company's market value.
168,concepts,"In economics and finance, a stock index tracks the performance of a selected group of shares."
169,concepts,"As a general principle, unsystematic risk is specific to a company or industry and can be reduced through diversification."
170,calculations,An annual dividend of 8.93 dollars on a share priced at 298 dollars gives a dividend yield of 3.00%.
171,calculations,"A company with current assets of 540 thousand dollars and current liabilities of 1,940 thousand dollars has a current ratio of 0.28."
172,calculations,"The monthly payment on a 10-year amortizing loan of 375,000 pounds at 3% annual interest is approximately 3,621.03 pounds."
173,calculations,"Net income of 25,800,000 pounds on shareholders' equity of 286,200,000 pounds corresponds to a return on equity of about 9.0%."
174,calculations,"Net income of 44,700,000 pounds on shareholders' equity of 427,100,000 pounds corresponds to a return on equity of about 10.5%."
175,calculations,"If a 2% coupon bond with a 1,000 dollars face value trades at 1,110 dollars, its current yield is approximately 1.80%. The bond trades at a premium."
176,instruments,A common stock is an equity security.
177,calculations,"A bond with a face value of 1,000 dollars, a 4% annual coupon, and a price of 1,060 dollars has a current yield of about 3.77%. The bond trades at a premium."
178,calculations,"Net income of 1,300,000 pounds on shareholders' equity of 11,100,000 pounds corresponds to a return on equity of about 11.7%."
179,calculations,"The monthly payment on a 25-year amortizing loan of 55,000 euros at 2% annual interest is approximately 233.12 euros."
180,calculations,"The present value of 42,000 dollars received in 14 years, discounted at 10% per year, is about 11,059.91 dollars."
181,calculations,Net income of 506 million dollars divided by 319 million shares gives earnings per share of 1.59 dollars.
182,calculations,"If earnings per share are 13.61 pounds and the share price is 119 pounds, the P/E ratio is approximately 8.7."
183,comparative,"The return on a money market fund comes from short-term interest income, while the return on a forward contract comes from gains or losses at settlement."
184,calculations,"If earnings per share are 5.56 pounds and the share price is 56 pounds, the P/E ratio is approximately 10.1."
185,calculations,Net income of 13 million dollars divided by 194 million shares gives earnings per share of 0.07 dollars.
186,calculations,A share priced at 263 euros with earnings per share of 10.55 euros has a price-to-earnings ratio of about 24.9.
187,concepts,"From a financial perspective, behavioral finance studies how psychological biases influence financial decisions."
188,calculations,"If revenue changes from 1,150 to 1,499 thousand euros, the percentage change is +30.3%."
189,calculations,"An asset whose price moves from 5,450 to 5,051 pounds has a return of -7.3%, excluding income."
190,concepts,Capital adequacy requirements oblige banks to hold capital in proportion to their risk-weighted assets.
191,calculations,"At a simple interest rate of 4% per year, a principal of 16,750 euros earns 6,030.00 euros in interest over 9 years."
192,calculations,"A company with 516 million shares outstanding at a price of 226.86 euros has a market capitalization of about 117,059.8 million euros."
193,concepts,"In economics and finance, dollar-cost averaging involves investing a fixed amount at regular intervals."
194,calculations,An annual dividend of 0.97 dollars on a share priced at 252 dollars gives a dividend yield of 0.38%.
195,calculations,"With annual compounding at 4%, 22,000 dollars becomes approximately 31,312.86 dollars in 9 years."
196,calculations,"Simple interest on 15,000 euros at 4% for 8 years amounts to 4,800.00 euros."
197,calculations,"Discounting 88,000 euros due in 12 years at an annual rate of 3% gives a present value of approximately 61,721.43 euros."
198,calculations,"At a simple interest rate of 3% per year, a principal of 6,500 dollars earns 1,365.00 dollars in interest over 7 years."
199,calculations,"If revenue changes from 7,400 to 9,833 thousand euros, the percentage change is +32.9%."
200,calculations,"The future value of 46,000 euros invested for 2 years at a 8% annual rate, compounded yearly, is about 53,654.40 euros."
201,concepts,"From a financial perspective, duration measures the sensitivity of a bond's price to changes in interest rates."
202,calculations,"A bond with a face value of 1,000 pounds, a 6% annual coupon, and a price of 1,060 pounds has a current yield of about 5.66%. The bond trades at a premium."
203,calculations,"If a 2% coupon bond with a 1,000 euros face value trades at 1,070 euros, its current yield is approximately 1.87%. The bond trades at a premium."
204,comparative,"A certificate of deposit is a time deposit, whereas a corporate bond is a debt security."
205,comparative,"A corporate bond is a debt security, whereas a put option is a derivative."
206,calculations,"A bond with a face value of 1,000 euros, a 5% annual coupon, and a price of 965 euros has a current yield of about 5.18%. The bond trades at a discount."
207,comparative,"The return on a forward contract comes from gains or losses at settlement, while the return on a preferred stock comes from fixed or floating dividends."
208,comparative,"The return on a certificate of deposit comes from fixed interest, while the return on a futures contract comes from gains or losses from price changes in the underlying asset."
209,calculations,An annual dividend of 6.72 euros on a share priced at 156 euros gives a dividend yield of 4.31%.
210,calculations,"The monthly payment on a 5-year amortizing loan of 210,000 dollars at 4.5% annual interest is approximately 3,915.03 dollars."
211,calculations,"Simple interest on 14,250 pounds at 2% for 5 years amounts to 1,425.00 pounds."
212,calculations,"If a 7% coupon bond with a 1,000 dollars face value trades at 1,145 dollars, its current yield is approximately 6.11%. The bond trades at a premium."
213,instruments,"In terms of risk, a certificate of deposit carries low risk."
214,calculations,"The future value of 16,000 pounds invested for 24 years at a 4% annual rate, compounded yearly, is about 41,012.87 pounds."
215,calculations,"Net income of 35,700,000 euros on shareholders' equity of 610,800,000 euros corresponds to a return on equity of about 5.8%."
216,calculations,"If revenue changes from 8,650 to 8,239 thousand dollars, the percentage change is -4.8%."
217,calculations,"A company with 372 million shares outstanding at a price of 317.68 pounds has a market capitalization of about 118,177.0 million pounds."
218,calculations,"The future value of 3,000 dollars invested for 22 years at a 1.5% annual rate, compounded yearly, is about 4,162.69 dollars."
219,calculations,"A company with 990 million shares outstanding at a price of 61.71 pounds has a market capitalization of about 61,092.9 million pounds."
220,calculations,"A company with current assets of 4,450 thousand euros and current liabilities of 2,180 thousand euros has a current ratio of 2.04."
221,comparative,"The return on a mutual fund comes from distributions and changes in net asset value, while the return on a common stock comes from dividends and capital gains."
222,calculations,"The monthly payment on a 25-year amortizing loan of 355,000 dollars at 4.5% annual interest is approximately 1,973.21 dollars."
223,calculations,A nominal interest rate of 3% combined with 5% inflation implies a real interest rate of approximately -1.90%.
224,concepts,"As a general principle, bond prices fall when market interest rates rise."
225,comparative,"The return on a convertible bond comes from coupon payments plus the option to convert into shares, while the return on a call option comes from payoff when the underlying price rises above the strike price."
226,calculations,"A company with current assets of 4,970 thousand dollars and current liabilities of 740 thousand dollars has a current ratio of 6.72."
227,instruments,The return on a forward contract comes from gains or losses at settlement.
228,calculations,"A loan of 180,000 euros at a 6% annual rate, repaid monthly over 5 years, has a monthly payment of about 3,479.90 euros."
229,calculations,A share priced at 166 pounds with earnings per share of 8.20 pounds has a price-to-earnings ratio of about 20.2.
230,calculations,"A company with net income of 12,600,000 dollars and average equity of 72,900,000 dollars has a return on equity of 17.3%."
231,calculations,"A company with current assets of 2,500 thousand dollars and current liabilities of 4,290 thousand dollars has a current ratio of 0.58."
232,calculations,Net income of 710 million dollars divided by 73 million shares gives earnings per share of 9.73 dollars.
233,comparative,"The return on a real estate investment trust comes from rental income distributions and price changes, while the return on a convertible bond comes from coupon payments plus the option to convert into shares."
234,calculations,"If revenue changes from 3,950 to 4,697 thousand pounds, the percentage change is +18.9%."
235,concepts,"In economics and finance, the coupon rate is the annual interest payment expressed as a percentage of a bond's face value."
236,concepts,Compound interest is interest calculated on both the initial principal and the accumulated interest.
237,calculations,"Net income of 18,700,000 pounds on shareholders' equity of 113,000,000 pounds corresponds to a return on equity of about 16.5%."
238,comparative,"A zero-coupon bond is a debt security, whereas a real estate investment trust is a pooled investment vehicle."
239,calculations,"If revenue changes from 8,300 to 7,396 thousand euros, the percentage change is -10.9%."
240,calculations,Net income of 832 million pounds divided by 268 million shares gives earnings per share of 3.10 pounds.
241,concepts,"As a general principle, credit risk is the risk that a borrower fails to make required payments."
242,comparative,"The return on a real estate investment trust comes from rental income distributions and price changes, while the return on an interest rate swap comes from net exchanged interest payments."
243,calculations,"Net income of 2,800,000 euros on shareholders' equity of 18,900,000 euros corresponds to a return on equity of about 14.8%."
244,calculations,"A company with 263 million shares outstanding at a price of 145.07 euros has a market capitalization of about 38,153.4 million euros."
245,concepts,"From a financial perspective, simple interest is calculated only on the original principal."
246,calculations,"If revenue changes from 300 to 222 thousand dollars, the percentage change is -26.0%."
247,calculations,"A company with current assets of 3,900 thousand pounds and current liabilities of 630 thousand pounds has a current ratio of 6.19."
248,calculations,"If a 4% coupon bond with a 1,000 euros face value trades at 915 euros, its current yield is approximately 4.37%. The bond trades at a discount."
249,calculations,"At a simple interest rate of 6% per year, a principal of 18,750 euros earns 2,250.00 euros in interest over 2 years."
250,calculations,"The monthly payment on a 30-year amortizing loan of 75,000 pounds at 5% annual interest is approximately 402.62 pounds."
251,calculations,"Simple interest on 4,250 euros at 4% for 5 years amounts to 850.00 euros."
252,comparative,"A common stock is an equity security, whereas an interest rate swap is a derivative."
253,instruments,A corporate bond is a debt security.
254,instruments,A put option is typically traded on exchanges and over the counter.
255,comparative,"The return on a call option comes from payoff when the underlying price rises above the strike price, while the return on a put option comes from payoff when the underlying price falls below the strike price."
256,calculations,Net income of 235 million pounds divided by 54 million shares gives earnings per share of 4.35 pounds.
257,calculations,An annual dividend of 8.08 euros on a share priced at 215 euros gives a dividend yield of 3.76%.
258,concepts,"From a financial perspective, a secondary market is where previously issued securities are traded between investors."
259,calculations,"A company with 574 million shares outstanding at a price of 242.20 euros has a market capitalization of about 139,022.8 million euros."
260,calculations,"A loan of 240,000 dollars at a 4% annual rate, repaid monthly over 15 years, has a monthly payment of about 1,775.25 dollars."
261,calculations,"A company with current assets of 1,820 thousand euros and current liabilities of 440 thousand euros has a current ratio of 4.14."
262,concepts,"In economics and finance, the time value of money states that a sum of money today is worth more than the same sum in the future."
263,calculations,"An asset whose price moves from 4,600 to 6,137 euros has a return of +33.4%, excluding income."
264,calculations,"Net income of 34,000,000 dollars on shareholders' equity of 566,300,000 dollars corresponds to a return on equity of about 6.0%."
265,calculations,"If earnings per share are 9.66 euros and the share price is 86 euros, the P/E ratio is approximately 8.9."
266,ratios,"In financial statement analysis, the net profit margin, defined as net income divided by revenue, indicates the share of revenue that becomes net profit."
267,calculations,An annual dividend of 6.08 pounds on a share priced at 39 pounds gives a dividend yield of 15.59%.
268,instruments,"Regarding the futures contract, a clearinghouse acts as the counterparty to both sides, reducing counterparty risk."
269,instruments,"Regarding the forward contract, unlike a futures contract, it is usually not marked to market daily."
270,comparative,"The return on a certificate of deposit comes from fixed interest, while the return on a convertible bond comes from coupon payments plus the option to convert into shares."
271,calculations,A share priced at 79 euros with earnings per share of 13.51 euros has a price-to-earnings ratio of about 5.8.
272,comparative,"The return on a certificate of deposit comes from fixed interest, while the return on a preferred stock comes from fixed or floating dividends."
273,calculations,"Discounting 30,000 dollars due in 2 years at an annual rate of 3% gives a present value of approximately 28,277.88 dollars."
274,calculations,"At a simple interest rate of 5% per year, a principal of 2,500 dollars earns 1,125.00 dollars in interest over 9 years."
275,calculations,"Net income of 36,200,000 dollars on shareholders' equity of 566,200,000 dollars corresponds to a return on equity of about 6.4%."
276,calculations,"The monthly payment on a 30-year amortizing loan of 290,000 euros at 5% annual interest is approximately 1,556.78 euros."
277,calculations,"A company with 83 million shares outstanding at a price of 325.53 euros has a market capitalization of about 27,019.0 million euros."
278,comparative,"The return on a preferred stock comes from fixed or floating dividends, while the return on a corporate bond comes from periodic coupon payments."
279,calculations,"Discounting 19,000 pounds due in 17 years at an annual rate of 6% gives a present value of approximately 7,055.92 pounds."
280,concepts,An asset with a beta greater than one tends to move more than the market.
281,calculations,"A company with current assets of 1,970 thousand pounds and current liabilities of 3,420 thousand pounds has a current ratio of 0.58."
282,comparative,"A convertible bond is a hybrid security, whereas a real estate investment trust is a pooled investment vehicle."
283,calculations,"A company with net income of 49,800,000 euros and average equity of 510,400,000 euros has a return on equity of 9.8%."
284,calculations,"The future value of 1,000 euros invested for 19 years at a 6% annual rate, compounded yearly, is about 3,025.60 euros."
285,concepts,"From a financial perspective, dollar-cost averaging involves investing a fixed amount at regular intervals."
286,concepts,Depreciation allocates the cost of a tangible asset over its useful life.
287,calculations,"If revenue changes from 9,200 to 11,227 thousand euros, the percentage change is +22.0%."
288,comparative,"The return on a common stock comes from dividends and capital gains, while the return on a money market fund comes from short-term interest income."
289,comparative,"A preferred stock is a hybrid security, whereas a government bond is a debt security."
290,comparative,"The return on a convertible bond comes from coupon payments plus the option to convert into shares, while the return on a futures contract comes from gains or losses from price changes in the underlying asset."
291,calculations,"Discounting 94,000 dollars due in 1 years at an annual rate of 2% gives a present value of approximately 92,156.86 dollars."
292,concepts,"In economics and finance, Know your customer procedures require financial institutions to verify the identity of their clients."
293,comparative,"The return on a mortgage-backed security comes from principal and interest payments passed through from borrowers, while the return on a government bond comes from periodic coupon payments."
294,calculations,"If revenue changes from 7,100 to 8,506 thousand pounds, the percentage change is +19.8%."
295,calculations,"A company with 465 million shares outstanding at a price of 321.13 euros has a market capitalization of about 149,325.5 million euros."
296,instruments,A forward contract is a derivative.
297,instruments,"Regarding the interest rate swap, the notional principal itself is usually not exchanged."
298,calculations,"If a 2% coupon bond with a 1,000 euros face value trades at 885 euros, its current yield is approximately 2.26%. The bond trades at a discount."
299,calculations,"Net income of 44,200,000 euros on shareholders' equity of 614,500,000 euros corresponds to a return on equity of about 7.2%."
300,calculations,"If revenue changes from 4,700 to 4,356 thousand dollars, the percentage change is -7.3%."
301,calculations,"A company with 574 million shares outstanding at a price of 462.69 pounds has a market capitalization of about 265,584.1 million pounds."
302,instruments,"Regarding the money market fund, it aims to preserve capital while providing liquidity."
303,calculations,A share priced at 195 dollars with earnings per share of 0.72 dollars has a price-to-earnings ratio of about 270.8.
304,calculations,"The monthly payment on a 15-year amortizing loan of 230,000 euros at 5% annual interest is approximately 1,818.83 euros."
305,comparative,"The return on a certificate of deposit comes from fixed interest, while the return on a mortgage-backed security comes from principal and interest payments passed through from borrowers."
306,calculations,"A company with net income of 17,400,000 pounds and average equity of 230,600,000 pounds has a return on equity of 7.5%."
307,ratios,"In financial statement analysis, the gross margin, defined as gross profit divided by revenue, indicates the share of revenue remaining after the cost of goods sold."
308,concepts,"In finance, deflation is a sustained decrease in the general price level."
309,calculations,A share priced at 69 dollars with earnings per share of 10.26 dollars has a price-to-earnings ratio of about 6.7.
310,calculations,"Discounting 78,000 dollars due in 12 years at an annual rate of 6% gives a present value of approximately 38,763.61 dollars."
311,calculations,"An asset whose price moves from 9,700 to 11,066 euros has a return of +14.1%, excluding income."
312,concepts,"In economics and finance, bond prices fall when market interest rates rise."
313,calculations,"The future value of 35,000 pounds invested for 14 years at a 6% annual rate, compounded yearly, is about 79,131.64 pounds."
314,calculations,"Simple interest on 19,750 pounds at 2% for 7 years amounts to 2,765.00 pounds."
315,concepts,Convexity describes how a bond's duration changes as interest rates change.
316,calculations,"A company with 474 million shares outstanding at a price of 402.97 dollars has a market capitalization of about 191,007.8 million dollars."
317,ratios,The cash ratio measures the ability to pay short-term liabilities using only cash.
318,calculations,"At a simple interest rate of 6% per year, a principal of 12,250 pounds earns 7,350.00 pounds in interest over 10 years."
319,concepts,"From a financial perspective, the yield curve plots the yields of bonds with equal credit quality across different maturities."
320,concepts,"From a financial perspective, amortization allocates the cost of an intangible asset over its useful life."
321,calculations,"A loan of 400,000 pounds at a 3% annual rate, repaid monthly over 25 years, has a monthly payment of about 1,896.85 pounds."
322,calculations,"If earnings per share are 6.05 pounds and the share price is 61 pounds, the P/E ratio is approximately 10.1."
323,concepts,"From a financial perspective, Modern portfolio theory was developed by Harry Markowitz in the 1950s."
324,comparative,"An interest rate swap is a derivative, whereas an exchange-traded fund is a pooled investment vehicle."
325,comparative,"A corporate bond is a debt security, whereas a forward contract is a derivative."
326,instruments,"Regarding the government bond, it is still exposed to interest rate risk and inflation risk."
327,calculations,"An asset whose price moves from 5,900 to 5,247 pounds has a return of -11.1%, excluding income."
328,calculations,"At a simple interest rate of 5% per year, a principal of 9,500 dollars earns 3,325.00 dollars in interest over 7 years."
329,concepts,"In economics and finance, behavioral finance studies how psychological biases influence financial decisions."
330,calculations,"A bond with a face value of 1,000 pounds, a 7% annual coupon, and a price of 1,035 pounds has a current yield of about 6.76%. The bond trades at a premium."
331,calculations,"The present value of 72,000 dollars received in 11 years, discounted at 2% per year, is about 57,906.94 dollars."
332,calculations,"The monthly payment on a 20-year amortizing loan of 255,000 euros at 3% annual interest is approximately 1,414.22 euros."
333,calculations,"If earnings per share are 7.49 dollars and the share price is 72 dollars, the P/E ratio is approximately 9.6."
334,calculations,"Net income of 26,400,000 euros on shareholders' equity of 291,500,000 euros corresponds to a return on equity of about 9.1%."
335,calculations,"A company with 454 million shares outstanding at a price of 353.40 dollars has a market capitalization of about 160,443.6 million dollars."
336,calculations,"An asset whose price moves from 8,300 to 12,753 pounds has a return of +53.7%, excluding income."
337,calculations,"Discounting 94,000 pounds due in 19 years at an annual rate of 5% gives a present value of approximately 37,198.99 pounds."
338,comparative,"The return on a treasury bill comes from the discount between the purchase price and face value, while the return on a certificate of deposit comes from fixed interest."
339,concepts,"As a general principle, compound interest is interest calculated on both the initial principal and the accumulated interest."
340,ratios,Analysts use the payout ratio to assess the share of earnings paid out to shareholders as dividends.
341,calculations,"A loan of 75,000 pounds at a 4% annual rate, repaid monthly over 30 years, has a monthly payment of about 358.06 pounds."
342,calculations,"A company with net income of 27,100,000 dollars and average equity of 181,000,000 dollars has a return on equity of 15.0%."
343,calculations,"A bond with a face value of 1,000 pounds, a 5% annual coupon, and a price of 935 pounds has a current yield of about 5.35%. The bond trades at a discount."
344,calculations,"A loan of 20,000 dollars at a 5% annual rate, repaid monthly over 15 years, has a monthly payment of about 158.16 dollars."
345,instruments,"Regarding the mutual fund, its units are priced at net asset value calculated at the end of each trading day."
346,calculations,"Discounting 10,000 euros due in 19 years at an annual rate of 10% gives a present value of approximately 1,635.08 euros."
347,concepts,"In finance, customer due diligence involves assessing the risks associated with a business relationship."
348,ratios,"To compute the cash ratio, divide as follows: cash and cash equivalents divided by current liabilities."
349,calculations,"Net income of 44,500,000 dollars on shareholders' equity of 700,400,000 dollars corresponds to a return on equity of about 6.4%."
350,calculations,"Discounting 85,000 pounds due in 10 years at an annual rate of 8% gives a present value of approximately 39,371.45 pounds."
351,comparative,"The return on a futures contract comes from gains or losses from price changes in the underlying asset, while the return on a mutual fund comes from distributions and changes in net asset value."
352,concepts,"In finance, depreciation allocates the cost of a tangible asset over its useful life."
353,concepts,Rebalancing restores a portfolio to its target asset allocation.
354,calculations,"Simple interest on 7,000 dollars at 5% for 4 years amounts to 1,400.00 dollars."
355,calculations,"Discounting 1,000 euros due in 15 years at an annual rate of 10% gives a present value of approximately 239.39 euros."
356,calculations,"If revenue changes from 5,100 to 5,315 thousand euros, the percentage change is +4.2%."
357,ratios,The cash ratio belongs to the family of liquidity metrics.
358,comparative,"A real estate investment trust is a pooled investment vehicle, whereas a certificate of deposit is a time deposit."
359,concepts,"In finance, the accounting equation states that assets equal liabilities plus shareholders' equity."
360,comparative,"The return on a government bond comes from periodic coupon payments, while the return on a corporate bond comes from periodic coupon payments."
361,calculations,"An investment of 45,500 dollars at 8% annual interest compounded annually grows to about 196,364.40 dollars after 19 years."
362,calculations,"If a 2% coupon bond with a 1,000 pounds face value trades at 860 pounds, its current yield is approximately 2.33%. The bond trades at a discount."
363,calculations,"The monthly payment on a 15-year amortizing loan of 375,000 pounds at 3% annual interest is approximately 2,589.68 pounds."
364,comparative,"A mutual fund is a pooled investment vehicle, whereas a put option is a derivative."
365,instruments,"Regarding liquidity, a mortgage-backed security offers variable liquidity."
366,ratios,Analysts use the return on equity to assess how efficiently a company generates profit from shareholders' capital.
367,calculations,"The monthly payment on a 20-year amortizing loan of 30,000 euros at 4.5% annual interest is approximately 189.79 euros."
368,comparative,"The return on a government bond comes from periodic coupon payments, while the return on a preferred stock comes from fixed or floating dividends."
369,calculations,"If a 4% coupon bond with a 1,000 pounds face value trades at 1,135 pounds, its current yield is approximately 3.52%. The bond trades at a premium."
370,calculations,A nominal interest rate of 6% combined with 2% inflation implies a real interest rate of approximately 3.92%.
371,concepts,"From a financial perspective, The Fisher equation links nominal interest rates, real interest rates, and expected inflation."
372,concepts,"As a general principle, value at risk estimates the potential loss of a portfolio over a given period at a given confidence level."
373,calculations,"If a 6% coupon bond with a 1,000 pounds face value trades at 960 pounds, its current yield is approximately 6.25%. The bond trades at a discount."
374,concepts,An inverted yield curve occurs when short-term yields exceed long-term yields.
375,calculations,A share priced at 79 pounds with earnings per share of 8.19 pounds has a price-to-earnings ratio of about 9.6.
376,comparative,"A preferred stock is a hybrid security, whereas an interest rate swap is a derivative."
377,concepts,"In economics and finance, the income statement reports a company's revenues, expenses, and profit over a period."
378,calculations,An annual dividend of 7.26 euros on a share priced at 242 euros gives a dividend yield of 3.00%.
379,instruments,"Regarding the interest rate swap, it exchanges fixed-rate interest payments for floating-rate payments on a notional principal."
380,calculations,"With a nominal return of 8% and inflation of 1.5%, the real return is about 6.40% using the exact Fisher relation."
381,calculations,"If revenue changes from 350 to 250 thousand euros, the percentage change is -28.6%."
382,comparative,"A preferred stock is a hybrid security, whereas a real estate investment trust is a pooled investment vehicle."
383,instruments,"Regarding the mutual fund, it pools money from many investors to buy a diversified portfolio."
384,calculations,A company with 12 million shares outstanding at a price of 8.48 pounds has a market capitalization of about 101.8 million pounds.
385,comparative,"A mortgage-backed security is an asset-backed security, whereas a convertible bond is a hybrid security."
386,calculations,"If a 7% coupon bond with a 1,000 dollars face value trades at 1,055 dollars, its current yield is approximately 6.64%. The bond trades at a premium."
387,comparative,"The return on a forward contract comes from gains or losses at settlement, while the return on a call option comes from payoff when the underlying price rises above the strike price."
388,calculations,"A bond with a face value of 1,000 pounds, a 3% annual coupon, and a price of 850 pounds has a current yield of about 3.53%. The bond trades at a discount."
389,calculations,"Simple interest on 3,750 dollars at 3% for 2 years amounts to 225.00 dollars."
390,comparative,"The return on a money market fund comes from short-term interest income, while the return on an interest rate swap comes from net exchanged interest payments."
391,calculations,A share priced at 269 pounds with earnings per share of 6.70 pounds has a price-to-earnings ratio of about 40.1.
392,instruments,A key feature of a mortgage-backed security is that its cash flows depend on the payments made by the underlying mortgage borrowers.
393,calculations,Net income of 274 million dollars divided by 293 million shares gives earnings per share of 0.94 dollars.
394,calculations,"A company with 268 million shares outstanding at a price of 471.10 euros has a market capitalization of about 126,254.8 million euros."
395,ratios,"To compute the current ratio, divide as follows: current assets divided by current liabilities."
396,instruments,The return on a real estate investment trust comes from rental income distributions and price changes.
397,calculations,"With annual compounding at 4%, 10,000 euros becomes approximately 13,159.32 euros in 7 years."
398,calculations,"If earnings per share are 1.94 euros and the share price is 35 euros, the P/E ratio is approximately 18.0."
399,calculations,Net income of 846 million euros divided by 463 million shares gives earnings per share of 1.83 euros.
400,calculations,An annual dividend of 5.43 pounds on a share priced at 32 pounds gives a dividend yield of 16.97%.
401,concepts,"In economics and finance, inflation is the general increase in prices and the fall in the purchasing power of money."
402,concepts,"In finance, free cash flow is the cash a company generates after capital expenditures."
403,calculations,"A bond with a face value of 1,000 dollars, a 3% annual coupon, and a price of 1,080 dollars has a current yield of about 2.78%. The bond trades at a premium."
404,calculations,"Net income of 48,100,000 euros on shareholders' equity of 307,000,000 euros corresponds to a return on equity of about 15.7%."
405,calculations,An annual dividend of 1.64 euros on a share priced at 29 euros gives a dividend yield of 5.66%.
406,calculations,"With annual compounding at 2.5%, 29,000 euros becomes approximately 52,453.05 euros in 24 years."
407,calculations,"A company with net income of 13,400,000 dollars and average equity of 267,600,000 dollars has a return on equity of 5.0%."
408,calculations,"If a 7% coupon bond with a 1,000 dollars face value trades at 850 dollars, its current yield is approximately 8.24%. The bond trades at a discount."
409,calculations,"With annual compounding at 8%, 39,500 dollars becomes approximately 270,514.77 dollars in 25 years."
410,calculations,A share priced at 286 dollars with earnings per share of 9.51 dollars has a price-to-earnings ratio of about 30.1.
411,calculations,"A company with 138 million shares outstanding at a price of 400.37 euros has a market capitalization of about 55,251.1 million euros."
412,comparative,"A corporate bond is a debt security, whereas a futures contract is a derivative."
413,calculations,Net income of 249 million euros divided by 85 million shares gives earnings per share of 2.93 euros.
414,calculations,"If a 3% coupon bond with a 1,000 dollars face value trades at 895 dollars, its current yield is approximately 3.35%. The bond trades at a discount."
415,calculations,"With annual compounding at 7%, 6,000 pounds becomes approximately 26,582.41 pounds in 22 years."
416,comparative,"A government bond is a debt security, whereas a real estate investment trust is a pooled investment vehicle."
417,calculations,"A company with net income of 29,100,000 pounds and average equity of 479,900,000 pounds has a return on equity of 6.1%."
418,concepts,"In economics and finance, short selling involves selling borrowed securities in the expectation of buying them back at a lower price."
419,calculations,"If a 4% coupon bond with a 1,000 dollars face value trades at 880 dollars, its current yield is approximately 4.55%. The bond trades at a discount."
420,concepts,A secondary market is where previously issued securities are traded between investors.
421,instruments,A certificate of deposit generates income through fixed interest.
422,concepts,"In finance, a secondary market is where previously issued securities are traded between investors."
423,calculations,"At a simple interest rate of 5% per year, a principal of 9,000 pounds earns 1,350.00 pounds in interest over 3 years."
424,comparative,"The return on a money market fund comes from short-term interest income, while the return on a preferred stock comes from fixed or floating dividends."
425,calculations,An annual dividend of 1.57 euros on a share priced at 271 euros gives a dividend yield of 0.58%.
426,concepts,The efficient frontier represents portfolios that offer the highest expected return for each level of risk.
427,calculations,"The present value of 90,000 euros received in 1 years, discounted at 3% per year, is about 87,378.64 euros."
428,calculations,An annual dividend of 1.59 pounds on a share priced at 250 pounds gives a dividend yield of 0.64%.
429,calculations,"A company with net income of 33,000,000 dollars and average equity of 595,600,000 dollars has a return on equity of 5.5%."
430,calculations,An annual dividend of 0.50 dollars on a share priced at 27 dollars gives a dividend yield of 1.85%.
431,calculations,"Discounting 86,000 dollars due in 14 years at an annual rate of 8% gives a present value of approximately 29,279.65 dollars."
432,calculations,An annual dividend of 3.82 euros on a share priced at 203 euros gives a dividend yield of 1.88%.
433,instruments,A put option generates income through payoff when the underlying price falls below the strike price.
434,instruments,An exchange-traded fund is a pooled investment vehicle.
435,comparative,"The return on a government bond comes from periodic coupon payments, while the return on a money market fund comes from short-term interest income."
436,calculations,A share priced at 273 euros with earnings per share of 2.54 euros has a price-to-earnings ratio of about 107.5.
437,comparative,"A call option is a derivative, whereas a common stock is an equity security."
438,calculations,"A loan of 310,000 dollars at a 4% annual rate, repaid monthly over 5 years, has a monthly payment of about 5,709.12 dollars."
439,ratios,The earnings per share measures the profit attributable to each common share.
440,calculations,"If a 5% coupon bond with a 1,000 euros face value trades at 1,095 euros, its current yield is approximately 4.57%. The bond trades at a premium."
441,concepts,"As a general principle, market makers provide liquidity by quoting both bid and ask prices."
442,calculations,"If a 3% coupon bond with a 1,000 pounds face value trades at 850 pounds, its current yield is approximately 3.53%. The bond trades at a discount."
443,calculations,"A company with 912 million shares outstanding at a price of 285.36 dollars has a market capitalization of about 260,248.3 million dollars."
444,calculations,"An investment of 16,500 pounds at 2.5% annual interest compounded annually grows to about 27,037.17 pounds after 20 years."
445,calculations,"At a simple interest rate of 5% per year, a principal of 12,750 euros earns 6,375.00 euros in interest over 10 years."
446,ratios,"In financial statement analysis, the days sales outstanding, defined as accounts receivable divided by revenue, multiplied by the number of days in the period, indicates the average number of days needed to collect payment from customers."
447,calculations,A share priced at 285 dollars with earnings per share of 1.36 dollars has a price-to-earnings ratio of about 209.6.
448,comparative,"The return on a real estate investment trust comes from rental income distributions and price changes, while the return on a mortgage-backed security comes from principal and interest payments passed through from borrowers."
449,concepts,"In finance, a stock index tracks the performance of a selected group of shares."
450,calculations,"The future value of 40,000 pounds invested for 17 years at a 4% annual rate, compounded yearly, is about 77,916.02 pounds."
451,calculations,Net income of 927 million dollars divided by 37 million shares gives earnings per share of 25.05 dollars.
452,concepts,Market makers provide liquidity by quoting both bid and ask prices.
453,calculations,Net income of 458 million euros divided by 264 million shares gives earnings per share of 1.73 euros.
454,comparative,"A call option is a derivative, whereas a mortgage-backed security is an asset-backed security."
455,calculations,"At a simple interest rate of 5% per year, a principal of 7,500 pounds earns 750.00 pounds in interest over 2 years."
456,calculations,"If revenue changes from 9,750 to 11,273 thousand pounds, the percentage change is +15.6%."
457,calculations,"With annual compounding at 2.5%, 26,000 dollars becomes approximately 54,536.76 dollars in 30 years."
458,instruments,Investors in a money market fund face low risk.
459,calculations,"A company with net income of 12,900,000 pounds and average equity of 119,900,000 pounds has a return on equity of 10.8%."
460,calculations,"A loan of 330,000 euros at a 5% annual rate, repaid monthly over 5 years, has a monthly payment of about 6,227.51 euros."
461,calculations,An annual dividend of 0.70 pounds on a share priced at 21 pounds gives a dividend yield of 3.33%.
462,calculations,"Net income of 1,700,000 euros on shareholders' equity of 29,400,000 euros corresponds to a return on equity of about 5.8%."
463,calculations,"A company with net income of 22,500,000 euros and average equity of 70,900,000 euros has a return on equity of 31.7%."
464,calculations,Net income of 375 million euros divided by 49 million shares gives earnings per share of 7.65 euros.
465,comparative,"The return on a preferred stock comes from fixed or floating dividends, while the return on a mutual fund comes from distributions and changes in net asset value."
466,instruments,"Regarding the futures contract, it is marked to market daily, with gains and losses settled through margin accounts."
467,concepts,"As a general principle, an exchange rate is the price of one currency expressed in terms of another."
468,calculations,Net income of 152 million pounds divided by 456 million shares gives earnings per share of 0.33 pounds.
469,calculations,"The future value of 5,000 dollars invested for 6 years at a 7% annual rate, compounded yearly, is about 7,503.65 dollars."
470,comparative,"A treasury bill is a money market instrument, whereas a convertible bond is a hybrid security."
471,comparative,"The return on a treasury bill comes from the discount between the purchase price and face value, while the return on a convertible bond comes from coupon payments plus the option to convert into shares."
472,calculations,Net income of 119 million pounds divided by 495 million shares gives earnings per share of 0.24 pounds.
473,calculations,"A loan of 195,000 euros at a 7% annual rate, repaid monthly over 20 years, has a monthly payment of about 1,511.83 euros."
474,calculations,Net income of 177 million euros divided by 351 million shares gives earnings per share of 0.50 euros.
475,calculations,"The present value of 68,000 dollars received in 1 years, discounted at 2% per year, is about 66,666.67 dollars."
476,calculations,"Discounting 27,000 euros due in 12 years at an annual rate of 6% gives a present value of approximately 13,418.17 euros."
477,concepts,"From a financial perspective, the real interest rate is the nominal interest rate adjusted for inflation."
478,calculations,"At a simple interest rate of 5% per year, a principal of 4,250 euros earns 1,062.50 euros in interest over 5 years."
479,calculations,"If earnings per share are 11.07 pounds and the share price is 87 pounds, the P/E ratio is approximately 7.9."
480,comparative,"The return on a forward contract comes from gains or losses at settlement, while the return on a money market fund comes from short-term interest income."
481,calculations,"If a 3% coupon bond with a 1,000 euros face value trades at 960 euros, its current yield is approximately 3.12%. The bond trades at a discount."
482,comparative,"The return on a put option comes from payoff when the underlying price falls below the strike price, while the return on an interest rate swap comes from net exchanged interest payments."
483,calculations,"Discounting 10,000 dollars due in 2 years at an annual rate of 8% gives a present value of approximately 8,573.39 dollars."
484,concepts,"In finance, asset allocation is the division of a portfolio among asset classes such as equities, bonds, and cash."
485,calculations,"At a simple interest rate of 3% per year, a principal of 13,000 euros earns 1,950.00 euros in interest over 5 years."
486,calculations,"The monthly payment on a 20-year amortizing loan of 155,000 pounds at 5% annual interest is approximately 1,022.93 pounds."
487,calculations,A share priced at 55 euros with earnings per share of 12.12 euros has a price-to-earnings ratio of about 4.5.
488,concepts,"As a general principle, the time value of money states that a sum of money today is worth more than the same sum in the future."
489,calculations,"The present value of 86,000 euros received in 8 years, discounted at 10% per year, is about 40,119.63 euros."
490,comparative,"The return on a futures contract comes from gains or losses from price changes in the underlying asset, while the return on a preferred stock comes from fixed or floating dividends."
491,instruments,A certificate of deposit is typically offered by banks.
492,comparative,"The return on an interest rate swap comes from net exchanged interest payments, while the return on a zero-coupon bond comes from the difference between the purchase price and face value."
493,instruments,"Regarding the preferred stock, cumulative preferred shares accumulate unpaid dividends as arrears."
494,calculations,A share priced at 115 dollars with earnings per share of 5.58 dollars has a price-to-earnings ratio of about 20.6.
495,instruments,"A key feature of a forward contract is that unlike a futures contract, it is usually not marked to market daily."
496,concepts,"In economics and finance, hedging is the use of financial instruments to reduce exposure to a specific risk."
497,calculations,"The present value of 89,000 euros received in 1 years, discounted at 8% per year, is about 82,407.41 euros."
498,calculations,"A loan of 80,000 euros at a 4% annual rate, repaid monthly over 25 years, has a monthly payment of about 422.27 euros."
499,concepts,"In economics and finance, duration measures the sensitivity of a bond's price to changes in interest rates."
500,comparative,"The return on an exchange-traded fund comes from distributions and price changes, while the return on an interest rate swap comes from net exchanged interest payments."
501,comparative,"The return on a treasury bill comes from the discount between the purchase price and face value, while the return on a futures contract comes from gains or losses from price changes in the underlying asset."
502,calculations,A share priced at 121 euros with earnings per share of 6.96 euros has a price-to-earnings ratio of about 17.4.
503,calculations,"A company with net income of 19,400,000 pounds and average equity of 317,300,000 pounds has a return on equity of 6.1%."
504,instruments,The return on a mortgage-backed security comes from principal and interest payments passed through from borrowers.
505,calculations,"The present value of 58,000 pounds received in 8 years, discounted at 5% per year, is about 39,256.68 pounds."
506,calculations,"At a simple interest rate of 2% per year, a principal of 3,500 euros earns 70.00 euros in interest over 1 years."
507,calculations,"A bond with a face value of 1,000 euros, a 5% annual coupon, and a price of 960 euros has a current yield of about 5.21%. The bond trades at a discount."
508,calculations,"If revenue changes from 1,600 to 1,272 thousand pounds, the percentage change is -20.5%."
509,calculations,"A bond with a face value of 1,000 dollars, a 2% annual coupon, and a price of 920 dollars has a current yield of about 2.17%. The bond trades at a discount."
510,calculations,"With a nominal return of 5% and inflation of 5%, the real return is about 0.00% using the exact Fisher relation."
511,calculations,"A company with current assets of 1,620 thousand pounds and current liabilities of 2,990 thousand pounds has a current ratio of 0.54."
512,calculations,"A company with current assets of 3,740 thousand dollars and current liabilities of 440 thousand dollars has a current ratio of 8.50."
513,calculations,An annual dividend of 4.99 dollars on a share priced at 253 dollars gives a dividend yield of 1.97%.
514,calculations,A nominal interest rate of 8% combined with 4% inflation implies a real interest rate of approximately 3.85%.
515,calculations,An annual dividend of 7.17 pounds on a share priced at 222 pounds gives a dividend yield of 3.23%.
516,calculations,"With annual compounding at 1.5%, 30,500 pounds becomes approximately 42,320.69 pounds in 22 years."
517,concepts,"From a financial perspective, the payback period is the time required for cumulative cash flows to recover the initial investment."
518,calculations,"The monthly payment on a 10-year amortizing loan of 385,000 euros at 6% annual interest is approximately 4,274.29 euros."
519,comparative,"A forward contract is a derivative, whereas a certificate of deposit is a time deposit."
520,calculations,"Simple interest on 18,750 pounds at 5% for 10 years amounts to 9,375.00 pounds."
521,comparative,"The return on a put option comes from payoff when the underlying price falls below the strike price, while the return on a mutual fund comes from distributions and changes in net asset value."
522,comparative,"The return on a government bond comes from periodic coupon payments, while the return on a treasury bill comes from the discount between the purchase price and face value."
523,calculations,"An investment of 30,000 dollars at 2.5% annual interest compounded annually grows to about 41,355.33 dollars after 13 years."
524,instruments,A key feature of a zero-coupon bond is that its Macaulay duration equals its time to maturity.
525,calculations,"Discounting 12,000 euros due in 8 years at an annual rate of 4% gives a present value of approximately 8,768.28 euros."
526,calculations,A share priced at 258 dollars with earnings per share of 0.83 dollars has a price-to-earnings ratio of about 310.8.
527,concepts,Retained earnings are accumulated profits that have not been distributed as dividends.
528,calculations,"A company with 774 million shares outstanding at a price of 109.81 euros has a market capitalization of about 84,992.9 million euros."
529,calculations,A share priced at 242 euros with earnings per share of 9.41 euros has a price-to-earnings ratio of about 25.7.
530,comparative,"An exchange-traded fund is a pooled investment vehicle, whereas a common stock is an equity security."
531,comparative,"A convertible bond is a hybrid security, whereas a common stock is an equity security."
532,instruments,A key feature of a mutual fund is that it pools money from many investors to buy a diversified portfolio.
533,comparative,"A convertible bond is a hybrid security, whereas a zero-coupon bond is a debt security."
534,calculations,"A company with current assets of 2,350 thousand euros and current liabilities of 1,850 thousand euros has a current ratio of 1.27."
535,calculations,"The present value of 57,000 dollars received in 19 years, discounted at 10% per year, is about 9,319.96 dollars."
536,calculations,"An asset whose price moves from 1,450 to 1,894 dollars has a return of +30.6%, excluding income."
537,calculations,An annual dividend of 4.18 dollars on a share priced at 283 dollars gives a dividend yield of 1.48%.
538,calculations,"The monthly payment on a 15-year amortizing loan of 125,000 dollars at 2% annual interest is approximately 804.39 dollars."
539,calculations,"If earnings per share are 6.89 euros and the share price is 88 euros, the P/E ratio is approximately 12.8."
540,calculations,"If revenue changes from 8,550 to 5,319 thousand dollars, the percentage change is -37.8%."
541,calculations,A share priced at 134 euros with earnings per share of 5.34 euros has a price-to-earnings ratio of about 25.1.
542,calculations,"If a 3% coupon bond with a 1,000 pounds face value trades at 880 pounds, its current yield is approximately 3.41%. The bond trades at a discount."
543,calculations,"The monthly payment on a 5-year amortizing loan of 95,000 euros at 3.5% annual interest is approximately 1,728.22 euros."
544,comparative,"The return on a corporate bond comes from periodic coupon payments, while the return on a money market fund comes from short-term interest income."
545,concepts,"In economics and finance, Generally accepted accounting principles in the United States are known as US GAAP."
546,calculations,"If earnings per share are 4.84 pounds and the share price is 233 pounds, the P/E ratio is approximately 48.1."
547,calculations,"A company with current assets of 1,130 thousand euros and current liabilities of 4,150 thousand euros has a current ratio of 0.27."
548,calculations,"With a nominal return of 10% and inflation of 3%, the real return is about 6.80% using the exact Fisher relation."
549,calculations,"If earnings per share are 12.54 dollars and the share price is 238 dollars, the P/E ratio is approximately 19.0."
550,concepts,Credit risk is the risk that a borrower fails to make required payments.
551,calculations,"If earnings per share are 5.86 pounds and the share price is 109 pounds, the P/E ratio is approximately 18.6."
552,calculations,"If a 4% coupon bond with a 1,000 pounds face value trades at 1,150 pounds, its current yield is approximately 3.48%. The bond trades at a premium."
553,concepts,"From a financial perspective, Anti-money laundering rules require financial institutions to detect and report suspicious transactions."
554,calculations,Net income of 502 million pounds divided by 292 million shares gives earnings per share of 1.72 pounds.
555,calculations,"An investment of 33,500 dollars at 4.5% annual interest compounded annually grows to about 73,984.04 dollars after 18 years."
556,concepts,"In finance, credit rating agencies assess the creditworthiness of bond issuers."
557,calculations,"The monthly payment on a 3-year amortizing loan of 280,000 pounds at 3.5% annual interest is approximately 8,204.58 pounds."
558,calculations,Net income of 871 million euros divided by 461 million shares gives earnings per share of 1.89 euros.
559,calculations,"The monthly payment on a 15-year amortizing loan of 165,000 euros at 2% annual interest is approximately 1,061.79 euros."
560,calculations,"With annual compounding at 3.5%, 41,000 dollars becomes approximately 57,834.55 dollars in 10 years."
561,calculations,"If revenue changes from 8,300 to 9,780 thousand pounds, the percentage change is +17.8%."
562,instruments,Investors in a zero-coupon bond face interest rate risk that rises with maturity.
563,calculations,A share priced at 60 pounds with earnings per share of 12.96 pounds has a price-to-earnings ratio of about 4.6.
564,calculations,"If a 2% coupon bond with a 1,000 dollars face value trades at 1,120 dollars, its current yield is approximately 1.79%. The bond trades at a premium."
565,instruments,"Regarding the call option, its buyer pays a premium to the seller, called the writer."
566,ratios,The interest coverage ratio is calculated as earnings before interest and taxes divided by interest expense.
567,calculations,"At a simple interest rate of 6% per year, a principal of 20,000 euros earns 6,000.00 euros in interest over 5 years."
568,concepts,"As a general principle, Generally accepted accounting principles in the United States are known as US GAAP."
569,calculations,"An investment of 37,000 euros at 7% annual interest compounded annually grows to about 63,572.89 euros after 8 years."
570,comparative,"The return on an exchange-traded fund comes from distributions and price changes, while the return on a corporate bond comes from periodic coupon payments."
571,calculations,"An investment of 33,000 dollars at 2.5% annual interest compounded annually grows to about 38,269.88 dollars after 6 years."
572,calculations,"A company with current assets of 3,630 thousand euros and current liabilities of 4,480 thousand euros has a current ratio of 0.81."
573,calculations,"Simple interest on 5,000 pounds at 6% for 4 years amounts to 1,200.00 pounds."
574,calculations,"A company with current assets of 2,510 thousand pounds and current liabilities of 890 thousand pounds has a current ratio of 2.82."
575,instruments,"Regarding the put option, it is commonly used to protect a portfolio against falling prices."
576,calculations,"At a simple interest rate of 5% per year, a principal of 10,000 pounds earns 4,500.00 pounds in interest over 9 years."
577,comparative,"A zero-coupon bond is a debt security, whereas a preferred stock is a hybrid security."
578,calculations,"A company with 945 million shares outstanding at a price of 250.66 euros has a market capitalization of about 236,873.7 million euros."
579,calculations,"With a nominal return of 4% and inflation of 5%, the real return is about -0.95% using the exact Fisher relation."
580,instruments,A key feature of a forward contract is that companies often use it to hedge foreign exchange exposure.
581,instruments,"Regarding liquidity, a corporate bond offers moderate liquidity."
582,concepts,"From a financial perspective, goodwill arises when a company acquires another business for more than the fair value of its identifiable net assets."
583,calculations,"At a simple interest rate of 5% per year, a principal of 10,250 dollars earns 1,537.50 dollars in interest over 3 years."
584,concepts,Deflation is a sustained decrease in the general price level.
585,comparative,"A treasury bill is a money market instrument, whereas a mutual fund is a pooled investment vehicle."
586,calculations,"At a simple interest rate of 3% per year, a principal of 12,000 dollars earns 3,600.00 dollars in interest over 10 years."
587,calculations,"The present value of 30,000 pounds received in 3 years, discounted at 5% per year, is about 25,915.13 pounds."
588,calculations,Net income of 560 million dollars divided by 214 million shares gives earnings per share of 2.62 dollars.
589,concepts,Amortizing loans repay both principal and interest through scheduled payments.
590,calculations,"A company with current assets of 4,700 thousand euros and current liabilities of 290 thousand euros has a current ratio of 16.21."
591,comparative,"The return on a mortgage-backed security comes from principal and interest payments passed through from borrowers, while the return on a put option comes from payoff when the underlying price falls below the strike price."
592,concepts,"In finance, hedging is the use of financial instruments to reduce exposure to a specific risk."
593,calculations,"An investment of 50,000 dollars at 1.5% annual interest compounded annually grows to about 69,378.18 dollars after 22 years."
594,calculations,An annual dividend of 2.83 euros on a share priced at 195 euros gives a dividend yield of 1.45%.
595,calculations,"Net income of 27,300,000 pounds on shareholders' equity of 449,300,000 pounds corresponds to a return on equity of about 6.1%."
596,calculations,"A company with net income of 7,500,000 pounds and average equity of 68,400,000 pounds has a return on equity of 11.0%."
597,calculations,"A company with 421 million shares outstanding at a price of 261.32 dollars has a market capitalization of about 110,015.7 million dollars."
598,ratios,"To compute the net debt to EBITDA, divide as follows: total debt minus cash, divided by EBITDA."
599,calculations,"Net income of 43,200,000 euros on shareholders' equity of 603,100,000 euros corresponds to a return on equity of about 7.2%."
600,comparative,"A certificate of deposit is a time deposit, whereas a call option is a derivative."
601,calculations,"Discounting 40,000 pounds due in 19 years at an annual rate of 2% gives a present value of approximately 27,457.23 pounds."
602,concepts,A perpetuity is a stream of equal cash flows that continues indefinitely.
603,concepts,"As a general principle, fractional reserve banking allows banks to lend out a portion of their deposits."
604,calculations,"With annual compounding at 7%, 6,000 dollars becomes approximately 7,864.78 dollars in 4 years."
605,calculations,"Net income of 45,000,000 euros on shareholders' equity of 219,400,000 euros corresponds to a return on equity of about 20.5%."
606,calculations,"If earnings per share are 7.72 dollars and the share price is 41 dollars, the P/E ratio is approximately 5.3."
607,calculations,"An investment of 36,500 euros at 1% annual interest compounded annually grows to about 38,745.49 euros after 6 years."
608,calculations,"A company with net income of 16,700,000 euros and average equity of 158,600,000 euros has a return on equity of 10.5%."
609,concepts,"As a general principle, a project with a positive net present value is expected to add value to the firm."
610,calculations,"A company with 902 million shares outstanding at a price of 53.89 euros has a market capitalization of about 48,608.8 million euros."
611,calculations,An annual dividend of 8.21 pounds on a share priced at 77 pounds gives a dividend yield of 10.66%.
612,concepts,"From a financial perspective, venture capital provides financing to early-stage companies with high growth potential."
613,calculations,"If revenue changes from 2,650 to 3,277 thousand euros, the percentage change is +23.7%."
614,calculations,"An asset whose price moves from 1,750 to 1,386 euros has a return of -20.8%, excluding income."
615,concepts,"In finance, duration measures the sensitivity of a bond's price to changes in interest rates."
616,calculations,"A company with current assets of 1,240 thousand euros and current liabilities of 2,550 thousand euros has a current ratio of 0.49."
617,calculations,"A company with current assets of 3,410 thousand euros and current liabilities of 1,870 thousand euros has a current ratio of 1.82."
618,calculations,Net income of 53 million pounds divided by 26 million shares gives earnings per share of 2.04 pounds.
619,concepts,Dollar-cost averaging involves investing a fixed amount at regular intervals.
620,comparative,"The return on a money market fund comes from short-term interest income, while the return on a common stock comes from dividends and capital gains."
621,concepts,"In finance, dollar-cost averaging involves investing a fixed amount at regular intervals."
622,calculations,"A company with current assets of 4,730 thousand dollars and current liabilities of 4,270 thousand dollars has a current ratio of 1.11."
623,calculations,"A company with current assets of 3,410 thousand pounds and current liabilities of 2,250 thousand pounds has a current ratio of 1.52."
624,calculations,"An asset whose price moves from 6,150 to 4,844 pounds has a return of -21.2%, excluding income."
625,calculations,"A bond with a face value of 1,000 euros, a 3% annual coupon, and a price of 1,105 euros has a current yield of about 2.71%. The bond trades at a premium."
626,calculations,"Discounting 45,000 pounds due in 6 years at an annual rate of 6% gives a present value of approximately 31,723.22 pounds."
627,comparative,"The return on an exchange-traded fund comes from distributions and price changes, while the return on a real estate investment trust comes from rental income distributions and price changes."
628,calculations,"At a simple interest rate of 5% per year, a principal of 9,500 euros earns 950.00 euros in interest over 2 years."
629,concepts,"In economics and finance, a bond trading below its face value is said to trade at a discount."
630,calculations,"Discounting 59,000 pounds due in 18 years at an annual rate of 3% gives a present value of approximately 34,656.28 pounds."
631,calculations,"A loan of 175,000 euros at a 4.5% annual rate, repaid monthly over 30 years, has a monthly payment of about 886.70 euros."
632,ratios,The debt-to-equity ratio is calculated as total debt divided by shareholders' equity.
633,calculations,"A company with 141 million shares outstanding at a price of 321.21 pounds has a market capitalization of about 45,290.6 million pounds."
634,comparative,"A futures contract is a derivative, whereas a corporate bond is a debt security."
635,calculations,"The monthly payment on a 5-year amortizing loan of 80,000 dollars at 4% annual interest is approximately 1,473.32 dollars."
636,calculations,"A company with 227 million shares outstanding at a price of 479.40 euros has a market capitalization of about 108,823.8 million euros."
637,comparative,"A call option is a derivative, whereas a corporate bond is a debt security."
638,calculations,"The present value of 6,000 pounds received in 4 years, discounted at 5% per year, is about 4,936.21 pounds."
639,calculations,"Discounting 42,000 dollars due in 8 years at an annual rate of 10% gives a present value of approximately 19,593.31 dollars."
640,comparative,"The return on a convertible bond comes from coupon payments plus the option to convert into shares, while the return on a money market fund comes from short-term interest income."
641,instruments,"Regarding the corporate bond, bonds rated below investment grade are called high-yield bonds."
642,concepts,"As a general principle, systematic risk affects the entire market and cannot be eliminated by diversification."
643,calculations,"A company with 994 million shares outstanding at a price of 356.21 euros has a market capitalization of about 354,072.7 million euros."
644,calculations,"Discounting 52,000 dollars due in 20 years at an annual rate of 2% gives a present value of approximately 34,994.51 dollars."
645,calculations,"Simple interest on 20,000 dollars at 4% for 8 years amounts to 6,400.00 dollars."
646,comparative,"The return on a common stock comes from dividends and capital gains, while the return on an interest rate swap comes from net exchanged interest payments."
647,concepts,Generally accepted accounting principles in the United States are known as US GAAP.
648,instruments,A real estate investment trust is a pooled investment vehicle.
649,concepts,"In economics and finance, amortization allocates the cost of an intangible asset over its useful life."
650,concepts,"In finance, the balance sheet reports a company's assets, liabilities, and equity at a specific point in time."
651,calculations,"Net income of 7,400,000 euros on shareholders' equity of 142,700,000 euros corresponds to a return on equity of about 5.2%."
652,calculations,"A company with current assets of 4,970 thousand dollars and current liabilities of 1,980 thousand dollars has a current ratio of 2.51."
653,concepts,"As a general principle, rebalancing restores a portfolio to its target asset allocation."
654,concepts,"From a financial perspective, the time value of money states that a sum of money today is worth more than the same sum in the future."
655,calculations,"If a 4% coupon bond with a 1,000 pounds face value trades at 875 pounds, its current yield is approximately 4.57%. The bond trades at a discount."
656,calculations,Net income of 235 million euros divided by 169 million shares gives earnings per share of 1.39 euros.
657,concepts,Insurance transfers risk from the policyholder to the insurer in exchange for a premium.
658,concepts,"In economics and finance, rebalancing restores a portfolio to its target asset allocation."
659,calculations,"A company with net income of 26,400,000 pounds and average equity of 410,800,000 pounds has a return on equity of 6.4%."
660,comparative,"An interest rate swap is a derivative, whereas a common stock is an equity security."
661,calculations,"If earnings per share are 4.58 euros and the share price is 72 euros, the P/E ratio is approximately 15.7."
662,calculations,"A company with current assets of 4,450 thousand pounds and current liabilities of 1,510 thousand pounds has a current ratio of 2.95."
663,calculations,Net income of 586 million dollars divided by 320 million shares gives earnings per share of 1.83 dollars.
664,calculations,"Simple interest on 6,500 pounds at 6% for 3 years amounts to 1,170.00 pounds."
665,comparative,"A convertible bond is a hybrid security, whereas a government bond is a debt security."
666,calculations,"If revenue changes from 3,850 to 4,730 thousand euros, the percentage change is +22.9%."
667,calculations,"At a simple interest rate of 4% per year, a principal of 4,750 pounds earns 1,330.00 pounds in interest over 7 years."
668,calculations,Net income of 765 million pounds divided by 427 million shares gives earnings per share of 1.79 pounds.
669,calculations,An annual dividend of 0.38 euros on a share priced at 268 euros gives a dividend yield of 0.14%.
670,comparative,"A certificate of deposit is a time deposit, whereas a mortgage-backed security is an asset-backed security."
671,calculations,"A loan of 175,000 dollars at a 6% annual rate, repaid monthly over 5 years, has a monthly payment of about 3,383.24 dollars."
672,comparative,"The return on an interest rate swap comes from net exchanged interest payments, while the return on a preferred stock comes from fixed or floating dividends."
673,instruments,A key feature of a put option is that it is commonly used to protect a portfolio against falling prices.
674,calculations,"The present value of 65,000 pounds received in 7 years, discounted at 6% per year, is about 43,228.71 pounds."
675,calculations,"A company with current assets of 4,780 thousand pounds and current liabilities of 3,080 thousand pounds has a current ratio of 1.55."
676,calculations,An annual dividend of 0.54 pounds on a share priced at 294 pounds gives a dividend yield of 0.18%.
677,instruments,The return on a certificate of deposit comes from fixed interest.
678,calculations,"At a simple interest rate of 2% per year, a principal of 6,500 pounds earns 520.00 pounds in interest over 4 years."
679,calculations,"An asset whose price moves from 1,000 to 1,112 dollars has a return of +11.2%, excluding income."
680,comparative,"The return on a convertible bond comes from coupon payments plus the option to convert into shares, while the return on an exchange-traded fund comes from distributions and price changes."
681,calculations,"The monthly payment on a 15-year amortizing loan of 375,000 pounds at 2% annual interest is approximately 2,413.16 pounds."
682,comparative,"A forward contract is a derivative, whereas a money market fund is a pooled investment vehicle."
683,calculations,Net income of 272 million dollars divided by 202 million shares gives earnings per share of 1.35 dollars.
684,calculations,"If earnings per share are 1.42 dollars and the share price is 149 dollars, the P/E ratio is approximately 104.9."
685,ratios,The current ratio belongs to the family of liquidity metrics.
686,calculations,Net income of 982 million pounds divided by 208 million shares gives earnings per share of 4.72 pounds.
687,calculations,Net income of 59 million pounds divided by 329 million shares gives earnings per share of 0.18 pounds.
688,calculations,A nominal interest rate of 8% combined with 3% inflation implies a real interest rate of approximately 4.85%.
689,instruments,"Regarding the forward contract, companies often use it to hedge foreign exchange exposure."
690,instruments,"Regarding the call option, its value increases with the volatility of the underlying asset."
691,calculations,"At a simple interest rate of 5% per year, a principal of 6,500 euros earns 325.00 euros in interest over 1 years."
692,calculations,An annual dividend of 3.35 pounds on a share priced at 185 pounds gives a dividend yield of 1.81%.
693,ratios,Analysts use the current ratio to assess a company's ability to meet short-term obligations.
694,calculations,"A company with 579 million shares outstanding at a price of 470.84 pounds has a market capitalization of about 272,616.4 million pounds."
695,comparative,"The return on a call option comes from payoff when the underlying price rises above the strike price, while the return on a mortgage-backed security comes from principal and interest payments passed through from borrowers."
696,instruments,A zero-coupon bond is typically issued by governments and companies.
697,calculations,"The present value of 93,000 dollars received in 5 years, discounted at 6% per year, is about 69,495.01 dollars."
698,calculations,Net income of 446 million dollars divided by 150 million shares gives earnings per share of 2.97 dollars.
699,concepts,"As a general principle, raising policy interest rates is a common tool used by central banks to reduce inflation."
700,calculations,"A company with net income of 200,000 euros and average equity of 2,200,000 euros has a return on equity of 9.1%."
701,calculations,An annual dividend of 1.14 euros on a share priced at 199 euros gives a dividend yield of 0.57%.
702,calculations,"A company with 415 million shares outstanding at a price of 195.97 euros has a market capitalization of about 81,327.6 million euros."
703,calculations,"Simple interest on 11,500 euros at 3% for 3 years amounts to 1,035.00 euros."
704,concepts,"In economics and finance, the real interest rate is the nominal interest rate adjusted for inflation."
705,calculations,"At a simple interest rate of 2% per year, a principal of 3,750 euros earns 525.00 euros in interest over 7 years."
706,ratios,The quick ratio is a liquidity ratio.
707,calculations,"Discounting 26,000 pounds due in 18 years at an annual rate of 8% gives a present value of approximately 6,506.47 pounds."
708,calculations,"Discounting 21,000 dollars due in 11 years at an annual rate of 2% gives a present value of approximately 16,889.52 dollars."
709,calculations,"A company with 502 million shares outstanding at a price of 340.65 pounds has a market capitalization of about 171,006.3 million pounds."
710,instruments,"Regarding liquidity, a mutual fund offers daily redemption at net asset value in most open-ended funds."
711,calculations,An annual dividend of 3.13 dollars on a share priced at 289 dollars gives a dividend yield of 1.08%.
712,calculations,Net income of 979 million pounds divided by 119 million shares gives earnings per share of 8.23 pounds.
713,concepts,"In economics and finance, quantitative easing involves a central bank buying financial assets to increase the money supply."
714,calculations,"The monthly payment on a 15-year amortizing loan of 320,000 euros at 2% annual interest is approximately 2,059.23 euros."
715,calculations,"A company with net income of 26,900,000 euros and average equity of 151,500,000 euros has a return on equity of 17.8%."
716,comparative,"The return on a convertible bond comes from coupon payments plus the option to convert into shares, while the return on a put option comes from payoff when the underlying price falls below the strike price."
717,calculations,An annual dividend of 4.48 pounds on a share priced at 57 pounds gives a dividend yield of 7.86%.
718,concepts,"In finance, an inverted yield curve occurs when short-term yields exceed long-term yields."
719,calculations,"A company with 822 million shares outstanding at a price of 420.04 dollars has a market capitalization of about 345,272.9 million dollars."
720,calculations,Net income of 205 million euros divided by 275 million shares gives earnings per share of 0.75 euros.
721,calculations,An annual dividend of 0.34 euros on a share priced at 209 euros gives a dividend yield of 0.16%.
722,calculations,"If revenue changes from 3,900 to 3,527 thousand euros, the percentage change is -9.6%."
723,calculations,"A company with net income of 3,400,000 dollars and average equity of 14,300,000 dollars has a return on equity of 23.8%."
724,calculations,"The present value of 82,000 euros received in 16 years, discounted at 3% per year, is about 51,099.69 euros."
725,instruments,A money market fund generates income through short-term interest income.
726,calculations,A share priced at 100 euros with earnings per share of 13.63 euros has a price-to-earnings ratio of about 7.3.
727,calculations,An annual dividend of 4.21 pounds on a share priced at 189 pounds gives a dividend yield of 2.23%.
728,calculations,"With annual compounding at 3.5%, 3,000 euros becomes approximately 3,442.57 euros in 4 years."
729,concepts,"From a financial perspective, the weighted average cost of capital is the average rate a company pays to finance its assets, weighted by the proportion of debt and equity."
730,calculations,An annual dividend of 4.34 pounds on a share priced at 44 pounds gives a dividend yield of 9.86%.
731,calculations,"Simple interest on 15,500 dollars at 4% for 10 years amounts to 6,200.00 dollars."
732,comparative,"The return on a real estate investment trust comes from rental income distributions and price changes, while the return on a certificate of deposit comes from fixed interest."
733,calculations,"A company with net income of 28,200,000 euros and average equity of 349,200,000 euros has a return on equity of 8.1%."
734,calculations,Net income of 992 million dollars divided by 310 million shares gives earnings per share of 3.20 dollars.
735,concepts,"From a financial perspective, a limit order is executed only at a specified price or better."
736,calculations,"The future value of 30,000 euros invested for 8 years at a 1% annual rate, compounded yearly, is about 32,485.70 euros."
737,ratios,Analysts use the return on assets to assess how efficiently a company uses its assets to generate profit.
738,calculations,"An asset whose price moves from 6,100 to 5,867 pounds has a return of -3.8%, excluding income."
739,concepts,Interest rate risk is the risk that changes in interest rates reduce the value of an investment.
740,calculations,An annual dividend of 8.25 euros on a share priced at 154 euros gives a dividend yield of 5.36%.
741,calculations,"The monthly payment on a 10-year amortizing loan of 135,000 pounds at 3.5% annual interest is approximately 1,334.96 pounds."
742,comparative,"An interest rate swap is a derivative, whereas a preferred stock is a hybrid security."
743,instruments,The return on a put option comes from payoff when the underlying price falls below the strike price.
744,concepts,"In economics and finance, the weighted average cost of capital is the average rate a company pays to finance its assets, weighted by the proportion of debt and equity."
745,calculations,"A bond with a face value of 1,000 pounds, a 4% annual coupon, and a price of 1,150 pounds has a current yield of about 3.48%. The bond trades at a premium."
746,ratios,The price-to-earnings ratio belongs to the family of valuation metrics.
747,ratios,Analysts use the enterprise value to EBITDA to assess a company's total value relative to its operating cash earnings.
748,calculations,"An asset whose price moves from 7,450 to 9,402 dollars has a return of +26.2%, excluding income."
749,comparative,"The return on a treasury bill comes from the discount between the purchase price and face value, while the return on a zero-coupon bond comes from the difference between the purchase price and face value."
750,calculations,A share priced at 205 euros with earnings per share of 13.24 euros has a price-to-earnings ratio of about 15.5.
751,comparative,"The return on a government bond comes from periodic coupon payments, while the return on a common stock comes from dividends and capital gains."
752,instruments,"In terms of risk, a call option carries high risk for the buyer, whose maximum loss is the premium."
753,calculations,"If a 5% coupon bond with a 1,000 pounds face value trades at 1,015 pounds, its current yield is approximately 4.93%. The bond trades at a premium."
754,calculations,"If earnings per share are 6.45 dollars and the share price is 24 dollars, the P/E ratio is approximately 3.7."
755,calculations,A share priced at 78 dollars with earnings per share of 2.56 dollars has a price-to-earnings ratio of about 30.5.
756,calculations,"Simple interest on 13,000 dollars at 5% for 9 years amounts to 5,850.00 dollars."
757,comparative,"The return on a certificate of deposit comes from fixed interest, while the return on a forward contract comes from gains or losses at settlement."
758,ratios,Analysts use the interest coverage ratio to assess how easily a company can pay interest on its debt.
759,concepts,"In economics and finance, the cash flow statement shows cash flows from operating, investing, and financing activities."
760,calculations,"With a nominal return of 4% and inflation of 1%, the real return is about 2.97% using the exact Fisher relation."
761,instruments,"Regarding the zero-coupon bond, it pays no periodic coupons and is sold at a discount to its face value."
762,calculations,Net income of 529 million euros divided by 21 million shares gives earnings per share of 25.19 euros.
763,calculations,"An asset whose price moves from 8,550 to 12,473 dollars has a return of +45.9%, excluding income."
764,calculations,"Net income of 43,200,000 dollars on shareholders' equity of 786,600,000 dollars corresponds to a return on equity of about 5.5%."
765,calculations,"An asset whose price moves from 3,150 to 2,838 pounds has a return of -9.9%, excluding income."
766,calculations,"Net income of 37,600,000 dollars on shareholders' equity of 649,000,000 dollars corresponds to a return on equity of about 5.8%."
767,calculations,"A bond with a face value of 1,000 pounds, a 2% annual coupon, and a price of 970 pounds has a current yield of about 2.06%. The bond trades at a discount."
768,calculations,"A bond with a face value of 1,000 dollars, a 7% annual coupon, and a price of 1,055 dollars has a current yield of about 6.64%. The bond trades at a premium."
769,calculations,Net income of 161 million dollars divided by 363 million shares gives earnings per share of 0.44 dollars.
770,calculations,"An asset whose price moves from 9,000 to 11,606 dollars has a return of +29.0%, excluding income."
771,calculations,An annual dividend of 6.80 dollars on a share priced at 37 dollars gives a dividend yield of 18.38%.
772,concepts,"In finance, rebalancing restores a portfolio to its target asset allocation."
773,comparative,"A corporate bond is a debt security, whereas an interest rate swap is a derivative."
774,calculations,Net income of 295 million dollars divided by 321 million shares gives earnings per share of 0.92 dollars.
775,instruments,A key feature of a government bond is that its price moves inversely to changes in market interest rates.
776,calculations,"At a simple interest rate of 5% per year, a principal of 9,000 dollars earns 1,350.00 dollars in interest over 3 years."
777,concepts,"In finance, a central bank manages a country's monetary policy and money supply."
778,instruments,A convertible bond is typically issued by companies.
779,calculations,"If revenue changes from 9,750 to 6,126 thousand euros, the percentage change is -37.2%."
780,calculations,Net income of 11 million dollars divided by 413 million shares gives earnings per share of 0.03 dollars.
781,comparative,"The return on a forward contract comes from gains or losses at settlement, while the return on a put option comes from payoff when the underlying price falls below the strike price."
782,calculations,"A company with 780 million shares outstanding at a price of 457.10 pounds has a market capitalization of about 356,538.0 million pounds."
783,comparative,"The return on a treasury bill comes from the discount between the purchase price and face value, while the return on a real estate investment trust comes from rental income distributions and price changes."
784,concepts,"In economics and finance, retained earnings are accumulated profits that have not been distributed as dividends."
785,comparative,"A treasury bill is a money market instrument, whereas a futures contract is a derivative."
786,calculations,"A company with current assets of 170 thousand pounds and current liabilities of 4,350 thousand pounds has a current ratio of 0.04."
787,calculations,"A company with current assets of 2,380 thousand pounds and current liabilities of 3,990 thousand pounds has a current ratio of 0.60."
788,calculations,"A loan of 195,000 pounds at a 5% annual rate, repaid monthly over 3 years, has a monthly payment of about 5,844.32 pounds."
789,calculations,"An investment of 10,500 pounds at 4% annual interest compounded annually grows to about 23,006.79 pounds after 20 years."
790,calculations,Net income of 380 million euros divided by 386 million shares gives earnings per share of 0.98 euros.
791,comparative,"A common stock is an equity security, whereas a treasury bill is a money market instrument."
792,concepts,"In finance, The Fisher equation links nominal interest rates, real interest rates, and expected inflation."
793,calculations,"The present value of 40,000 euros received in 3 years, discounted at 8% per year, is about 31,753.29 euros."
794,calculations,A share priced at 102 pounds with earnings per share of 2.50 pounds has a price-to-earnings ratio of about 40.8.
795,calculations,"The present value of 57,000 euros received in 16 years, discounted at 5% per year, is about 26,112.36 euros."
796,calculations,"The present value of 18,000 euros received in 15 years, discounted at 5% per year, is about 8,658.31 euros."
797,calculations,"If earnings per share are 3.16 pounds and the share price is 287 pounds, the P/E ratio is approximately 90.8."
798,calculations,Net income of 800 million euros divided by 470 million shares gives earnings per share of 1.70 euros.
799,calculations,"Net income of 27,100,000 euros on shareholders' equity of 206,000,000 euros corresponds to a return on equity of about 13.2%."
800,calculations,"An asset whose price moves from 9,100 to 9,863 pounds has a return of +8.4%, excluding income."
801,concepts,"From a financial perspective, free cash flow is the cash a company generates after capital expenditures."
802,calculations,"A company with 37 million shares outstanding at a price of 250.71 pounds has a market capitalization of about 9,276.3 million pounds."
803,ratios,The return on equity belongs to the family of profitability metrics.
804,calculations,"A company with current assets of 3,950 thousand euros and current liabilities of 4,460 thousand euros has a current ratio of 0.89."
805,calculations,"A bond with a face value of 1,000 dollars, a 5% annual coupon, and a price of 950 dollars has a current yield of about 5.26%. The bond trades at a discount."
806,calculations,"A company with 145 million shares outstanding at a price of 355.23 dollars has a market capitalization of about 51,508.4 million dollars."
807,concepts,"From a financial perspective, mergers and acquisitions involve the combination or purchase of companies."
808,calculations,"A company with 433 million shares outstanding at a price of 480.65 euros has a market capitalization of about 208,121.4 million euros."
809,comparative,"The return on a put option comes from payoff when the underlying price falls below the strike price, while the return on a futures contract comes from gains or losses from price changes in the underlying asset."
810,calculations,"The future value of 41,000 pounds invested for 16 years at a 6% annual rate, compounded yearly, is about 104,154.42 pounds."
811,calculations,Net income of 778 million euros divided by 274 million shares gives earnings per share of 2.84 euros.
812,calculations,"A company with 919 million shares outstanding at a price of 392.18 dollars has a market capitalization of about 360,413.4 million dollars."
813,calculations,"The present value of 36,000 pounds received in 17 years, discounted at 3% per year, is about 21,780.59 pounds."
814,calculations,"A loan of 355,000 dollars at a 3.5% annual rate, repaid monthly over 15 years, has a monthly payment of about 2,537.83 dollars."
815,comparative,"The return on a treasury bill comes from the discount between the purchase price and face value, while the return on a money market fund comes from short-term interest income."
816,comparative,"The return on a convertible bond comes from coupon payments plus the option to convert into shares, while the return on a treasury bill comes from the discount between the purchase price and face value."
817,concepts,"In economics and finance, customer due diligence involves assessing the risks associated with a business relationship."
818,calculations,"With a nominal return of 2% and inflation of 6%, the real return is about -3.77% using the exact Fisher relation."
819,calculations,"A bond with a face value of 1,000 dollars, a 3% annual coupon, and a price of 1,030 dollars has a current yield of about 2.91%. The bond trades at a premium."
820,calculations,Net income of 751 million dollars divided by 67 million shares gives earnings per share of 11.21 dollars.
821,calculations,"A bond with a face value of 1,000 euros, a 4% annual coupon, and a price of 850 euros has a current yield of about 4.71%. The bond trades at a discount."
822,concepts,"In finance, the real interest rate is the nominal interest rate adjusted for inflation."
823,instruments,"Regarding the exchange-traded fund, many are designed to track a market index passively."
824,calculations,"Net income of 8,800,000 dollars on shareholders' equity of 122,000,000 dollars corresponds to a return on equity of about 7.2%."
825,concepts,"From a financial perspective, the bid-ask spread is the difference between the highest price a buyer will pay and the lowest price a seller will accept."
826,calculations,"A company with current assets of 2,400 thousand dollars and current liabilities of 1,500 thousand dollars has a current ratio of 1.60."
827,calculations,"Net income of 29,500,000 pounds on shareholders' equity of 586,000,000 pounds corresponds to a return on equity of about 5.0%."
828,calculations,"At a simple interest rate of 3% per year, a principal of 15,750 dollars earns 472.50 dollars in interest over 1 years."
829,calculations,"At a simple interest rate of 4% per year, a principal of 4,250 dollars earns 170.00 dollars in interest over 1 years."
830,calculations,"An asset whose price moves from 7,000 to 7,448 pounds has a return of +6.4%, excluding income."
831,comparative,"The return on a mutual fund comes from distributions and changes in net asset value, while the return on a treasury bill comes from the discount between the purchase price and face value."
832,calculations,"A company with 489 million shares outstanding at a price of 116.50 dollars has a market capitalization of about 56,968.5 million dollars."
833,comparative,"The return on a call option comes from payoff when the underlying price rises above the strike price, while the return on a money market fund comes from short-term interest income."
834,comparative,"The return on a call option comes from payoff when the underlying price rises above the strike price, while the return on a preferred stock comes from fixed or floating dividends."
835,calculations,"If a 4% coupon bond with a 1,000 dollars face value trades at 925 dollars, its current yield is approximately 4.32%. The bond trades at a discount."
836,concepts,"As a general principle, depreciation allocates the cost of a tangible asset over its useful life."
837,concepts,"As a general principle, the internal rate of return is the discount rate at which a project's net present value equals zero."
838,calculations,"A loan of 305,000 euros at a 4.5% annual rate, repaid monthly over 30 years, has a monthly payment of about 1,545.39 euros."
839,instruments,"Regarding the zero-coupon bond, its Macaulay duration equals its time to maturity."
840,calculations,"Discounting 52,000 pounds due in 12 years at an annual rate of 4% gives a present value of approximately 32,479.05 pounds."
841,comparative,"The return on a certificate of deposit comes from fixed interest, while the return on a real estate investment trust comes from rental income distributions and price changes."
842,calculations,"The monthly payment on a 20-year amortizing loan of 95,000 dollars at 6% annual interest is approximately 680.61 dollars."
843,calculations,"A company with current assets of 2,330 thousand dollars and current liabilities of 2,570 thousand dollars has a current ratio of 0.91."
844,comparative,"The return on a real estate investment trust comes from rental income distributions and price changes, while the return on an exchange-traded fund comes from distributions and price changes."
845,calculations,"At a simple interest rate of 4% per year, a principal of 6,250 euros earns 1,750.00 euros in interest over 7 years."
846,calculations,"A company with 88 million shares outstanding at a price of 321.80 pounds has a market capitalization of about 28,318.4 million pounds."
847,calculations,"Net income of 38,500,000 euros on shareholders' equity of 225,900,000 euros corresponds to a return on equity of about 17.0%."
848,instruments,A key feature of a corporate bond is that its holders rank ahead of shareholders in a bankruptcy.
849,comparative,"The return on a call option comes from payoff when the underlying price rises above the strike price, while the return on an interest rate swap comes from net exchanged interest payments."
850,concepts,"In finance, correlation measures how closely the returns of two assets move together."
851,calculations,"A company with current assets of 4,510 thousand pounds and current liabilities of 1,520 thousand pounds has a current ratio of 2.97."
852,comparative,"An exchange-traded fund is a pooled investment vehicle, whereas a futures contract is a derivative."
853,calculations,"If a 2% coupon bond with a 1,000 euros face value trades at 900 euros, its current yield is approximately 2.22%. The bond trades at a discount."
854,calculations,"The future value of 15,000 euros invested for 4 years at a 3.5% annual rate, compounded yearly, is about 17,212.85 euros."
855,comparative,"A treasury bill is a money market instrument, whereas a call option is a derivative."
856,calculations,"If revenue changes from 7,500 to 11,072 thousand pounds, the percentage change is +47.6%."
857,comparative,"The return on a futures contract comes from gains or losses from price changes in the underlying asset, while the return on a call option comes from payoff when the underlying price rises above the strike price."
858,ratios,Analysts use the operating margin to assess the share of revenue remaining after operating expenses.
859,instruments,An exchange-traded fund generates income through distributions and price changes.
860,calculations,"A company with 961 million shares outstanding at a price of 91.56 dollars has a market capitalization of about 87,989.2 million dollars."
861,calculations,A share priced at 152 dollars with earnings per share of 14.40 dollars has a price-to-earnings ratio of about 10.6.
862,calculations,"Simple interest on 7,250 pounds at 6% for 2 years amounts to 870.00 pounds."
863,calculations,"A company with net income of 13,100,000 dollars and average equity of 160,300,000 dollars has a return on equity of 8.2%."
864,comparative,"The return on a mutual fund comes from distributions and changes in net asset value, while the return on a government bond comes from periodic coupon payments."
865,calculations,A share priced at 166 euros with earnings per share of 5.54 euros has a price-to-earnings ratio of about 30.0.
866,calculations,"If earnings per share are 0.72 dollars and the share price is 38 dollars, the P/E ratio is approximately 52.8."
867,ratios,The cash ratio is a liquidity ratio.
868,instruments,A real estate investment trust is typically that owns or finances income-producing property.
869,calculations,"The monthly payment on a 25-year amortizing loan of 65,000 euros at 3.5% annual interest is approximately 325.41 euros."
870,concepts,"As a general principle, the bid-ask spread is the difference between the highest price a buyer will pay and the lowest price a seller will accept."
871,calculations,"Net income of 13,300,000 dollars on shareholders' equity of 92,500,000 dollars corresponds to a return on equity of about 14.4%."
872,concepts,"In economics and finance, The Sharpe ratio measures excess return per unit of total risk."
873,instruments,The return on a preferred stock comes from fixed or floating dividends.
874,comparative,"A forward contract is a derivative, whereas a mortgage-backed security is an asset-backed security."
875,calculations,"A company with 105 million shares outstanding at a price of 495.49 dollars has a market capitalization of about 52,026.5 million dollars."
876,calculations,A nominal interest rate of 10% combined with 1% inflation implies a real interest rate of approximately 8.91%.
877,calculations,"A company with current assets of 3,830 thousand euros and current liabilities of 4,740 thousand euros has a current ratio of 0.81."
878,calculations,"If earnings per share are 7.89 euros and the share price is 28 euros, the P/E ratio is approximately 3.5."
879,calculations,"A company with 102 million shares outstanding at a price of 243.59 pounds has a market capitalization of about 24,846.2 million pounds."
880,comparative,"The return on a common stock comes from dividends and capital gains, while the return on a call option comes from payoff when the underlying price rises above the strike price."
881,comparative,"The return on a treasury bill comes from the discount between the purchase price and face value, while the return on a corporate bond comes from periodic coupon payments."
882,comparative,"The return on a futures contract comes from gains or losses from price changes in the underlying asset, while the return on a put option comes from payoff when the underlying price falls below the strike price."
883,calculations,"A bond with a face value of 1,000 euros, a 5% annual coupon, and a price of 1,020 euros has a current yield of about 4.90%. The bond trades at a premium."
884,concepts,"As a general principle, the cash flow statement shows cash flows from operating, investing, and financing activities."
885,comparative,"A convertible bond is a hybrid security, whereas a treasury bill is a money market instrument."
886,comparative,"The return on an exchange-traded fund comes from distributions and price changes, while the return on a zero-coupon bond comes from the difference between the purchase price and face value."
887,comparative,"The return on a zero-coupon bond comes from the difference between the purchase price and face value, while the return on a government bond comes from periodic coupon payments."
888,calculations,"A bond with a face value of 1,000 dollars, a 6% annual coupon, and a price of 900 dollars has a current yield of about 6.67%. The bond trades at a discount."
889,comparative,"A forward contract is a derivative, whereas a preferred stock is a hybrid security."
890,calculations,Net income of 152 million euros divided by 333 million shares gives earnings per share of 0.46 euros.
891,ratios,"In financial statement analysis, the price-to-book ratio, defined as market price per share divided by book value per share, indicates the market value of equity relative to its accounting value."
892,concepts,"As a general principle, currency risk arises when the value of an investment changes because of exchange rate movements."
893,calculations,"A company with net income of 42,700,000 euros and average equity of 768,300,000 euros has a return on equity of 5.6%."
894,calculations,"A company with net income of 15,700,000 pounds and average equity of 168,500,000 pounds has a return on equity of 9.3%."
895,ratios,"In financial statement analysis, the operating margin, defined as operating income divided by revenue, indicates the share of revenue remaining after operating expenses."
896,calculations,"Net income of 25,200,000 euros on shareholders' equity of 487,000,000 euros corresponds to a return on equity of about 5.2%."
897,comparative,"A certificate of deposit is a time deposit, whereas a common stock is an equity security."
898,calculations,"If a 6% coupon bond with a 1,000 pounds face value trades at 1,015 pounds, its current yield is approximately 5.91%. The bond trades at a premium."
899,concepts,"From a financial perspective, collateral is an asset pledged by a borrower to secure a loan."
900,concepts,"In finance, the yield to maturity is the discount rate that equates a bond's price with the present value of its cash flows."
901,comparative,"The return on a mortgage-backed security comes from principal and interest payments passed through from borrowers, while the return on a treasury bill comes from the discount between the purchase price and face value."
902,calculations,"If a 4% coupon bond with a 1,000 pounds face value trades at 885 pounds, its current yield is approximately 4.52%. The bond trades at a discount."
903,calculations,"A bond with a face value of 1,000 euros, a 5% annual coupon, and a price of 990 euros has a current yield of about 5.05%. The bond trades at a discount."
904,calculations,Net income of 820 million dollars divided by 268 million shares gives earnings per share of 3.06 dollars.
905,comparative,"The return on a forward contract comes from gains or losses at settlement, while the return on a futures contract comes from gains or losses from price changes in the underlying asset."
906,calculations,"A company with current assets of 3,590 thousand euros and current liabilities of 3,870 thousand euros has a current ratio of 0.93."
907,calculations,"Discounting 61,000 euros due in 5 years at an annual rate of 10% gives a present value of approximately 37,876.20 euros."
908,calculations,"A loan of 10,000 pounds at a 3% annual rate, repaid monthly over 5 years, has a monthly payment of about 179.69 pounds."
909,concepts,"In economics and finance, a recession is commonly described as a significant decline in economic activity lasting several months."
910,calculations,"A company with 826 million shares outstanding at a price of 224.56 pounds has a market capitalization of about 185,486.6 million pounds."
911,calculations,"The present value of 41,000 euros received in 11 years, discounted at 8% per year, is about 17,584.20 euros."
912,calculations,"Discounting 50,000 dollars due in 18 years at an annual rate of 3% gives a present value of approximately 29,369.73 dollars."
913,comparative,"An interest rate swap is a derivative, whereas a treasury bill is a money market instrument."
914,calculations,"A company with 59 million shares outstanding at a price of 78.26 dollars has a market capitalization of about 4,617.3 million dollars."
915,calculations,"A company with net income of 36,100,000 dollars and average equity of 137,800,000 dollars has a return on equity of 26.2%."
916,instruments,"Regarding the certificate of deposit, it requires the depositor to leave funds in place for a fixed term."
917,calculations,"Discounting 1,000 euros due in 16 years at an annual rate of 6% gives a present value of approximately 393.65 euros."
918,calculations,A share priced at 49 euros with earnings per share of 11.17 euros has a price-to-earnings ratio of about 4.4.
919,ratios,The earnings per share is calculated as net income available to common shareholders divided by the weighted average number of common shares outstanding.
920,calculations,An annual dividend of 1.71 pounds on a share priced at 272 pounds gives a dividend yield of 0.63%.
921,calculations,"Discounting 56,000 pounds due in 13 years at an annual rate of 6% gives a present value of approximately 26,254.99 pounds."
922,instruments,"Regarding the common stock, its holders usually have voting rights at shareholder meetings."
923,calculations,An annual dividend of 8.45 pounds on a share priced at 81 pounds gives a dividend yield of 10.43%.
924,calculations,"A company with current assets of 4,810 thousand pounds and current liabilities of 3,350 thousand pounds has a current ratio of 1.44."
925,concepts,Customer due diligence involves assessing the risks associated with a business relationship.
926,calculations,"An investment of 41,500 pounds at 3% annual interest compounded annually grows to about 57,445.71 pounds after 11 years."
927,concepts,"In economics and finance, free cash flow is the cash a company generates after capital expenditures."
928,calculations,"If a 7% coupon bond with a 1,000 euros face value trades at 1,050 euros, its current yield is approximately 6.67%. The bond trades at a premium."
929,calculations,"Discounting 33,000 pounds due in 8 years at an annual rate of 8% gives a present value of approximately 17,828.87 pounds."
930,calculations,"A bond with a face value of 1,000 pounds, a 5% annual coupon, and a price of 970 pounds has a current yield of about 5.15%. The bond trades at a discount."
931,calculations,"A loan of 115,000 euros at a 4% annual rate, repaid monthly over 20 years, has a monthly payment of about 696.88 euros."
932,calculations,"Discounting 43,000 pounds due in 17 years at an annual rate of 4% gives a present value of approximately 22,075.05 pounds."
933,comparative,"A government bond is a debt security, whereas a treasury bill is a money market instrument."
934,calculations,"A company with current assets of 600 thousand pounds and current liabilities of 1,300 thousand pounds has a current ratio of 0.46."
935,ratios,The return on equity is a profitability ratio.
936,calculations,"A company with current assets of 1,770 thousand euros and current liabilities of 4,500 thousand euros has a current ratio of 0.39."
937,comparative,"A treasury bill is a money market instrument, whereas a preferred stock is a hybrid security."
938,calculations,"The monthly payment on a 10-year amortizing loan of 390,000 pounds at 2% annual interest is approximately 3,588.52 pounds."
939,calculations,"Discounting 42,000 euros due in 11 years at an annual rate of 6% gives a present value of approximately 22,125.08 euros."
940,calculations,"Simple interest on 17,250 dollars at 6% for 5 years amounts to 5,175.00 dollars."
941,calculations,"An asset whose price moves from 4,950 to 5,278 euros has a return of +6.6%, excluding income."
942,calculations,"The present value of 14,000 dollars received in 9 years, discounted at 2% per year, is about 11,714.57 dollars."
943,concepts,A share buyback reduces the number of shares outstanding.
944,calculations,"Net income of 18,800,000 dollars on shareholders' equity of 85,700,000 dollars corresponds to a return on equity of about 21.9%."
945,comparative,"The return on a certificate of deposit comes from fixed interest, while the return on a corporate bond comes from periodic coupon payments."
946,instruments,"Regarding liquidity, a treasury bill offers very high liquidity."
947,calculations,Net income of 672 million dollars divided by 348 million shares gives earnings per share of 1.93 dollars.
948,calculations,"Net income of 9,600,000 pounds on shareholders' equity of 135,600,000 pounds corresponds to a return on equity of about 7.1%."
949,calculations,"If earnings per share are 10.09 pounds and the share price is 250 pounds, the P/E ratio is approximately 24.8."
950,calculations,Net income of 585 million euros divided by 462 million shares gives earnings per share of 1.27 euros.
951,calculations,"A bond with a face value of 1,000 pounds, a 6% annual coupon, and a price of 1,115 pounds has a current yield of about 5.38%. The bond trades at a premium."
952,calculations,"If earnings per share are 14.82 pounds and the share price is 190 pounds, the P/E ratio is approximately 12.8."
953,calculations,"A loan of 205,000 pounds at a 4% annual rate, repaid monthly over 20 years, has a monthly payment of about 1,242.26 pounds."
954,calculations,"Net income of 13,700,000 euros on shareholders' equity of 205,100,000 euros corresponds to a return on equity of about 6.7%."
955,instruments,A key feature of a common stock is that it represents a residual ownership claim on a company's assets and earnings.
956,calculations,"A bond with a face value of 1,000 euros, a 4% annual coupon, and a price of 935 euros has a current yield of about 4.28%. The bond trades at a discount."
957,calculations,"A company with 411 million shares outstanding at a price of 178.45 dollars has a market capitalization of about 73,342.9 million dollars."
958,concepts,Short selling involves selling borrowed securities in the expectation of buying them back at a lower price.
959,calculations,"A company with 448 million shares outstanding at a price of 264.60 dollars has a market capitalization of about 118,540.8 million dollars."
960,calculations,"The monthly payment on a 15-year amortizing loan of 10,000 euros at 5% annual interest is approximately 79.08 euros."
961,concepts,"In finance, goodwill arises when a company acquires another business for more than the fair value of its identifiable net assets."
962,instruments,A key feature of a mutual fund is that its units are priced at net asset value calculated at the end of each trading day.
963,calculations,"The future value of 19,500 euros invested for 18 years at a 2% annual rate, compounded yearly, is about 27,850.80 euros."
964,calculations,"At a simple interest rate of 4% per year, a principal of 16,750 pounds earns 2,010.00 pounds in interest over 3 years."
965,instruments,A preferred stock is a hybrid security.
966,calculations,"A bond with a face value of 1,000 dollars, a 7% annual coupon, and a price of 950 dollars has a current yield of about 7.37%. The bond trades at a discount."
967,calculations,Net income of 622 million euros divided by 265 million shares gives earnings per share of 2.35 euros.
968,calculations,"If revenue changes from 8,550 to 5,550 thousand euros, the percentage change is -35.1%."
969,calculations,"If revenue changes from 3,900 to 2,950 thousand pounds, the percentage change is -24.4%."
970,calculations,"A loan of 235,000 euros at a 2% annual rate, repaid monthly over 20 years, has a monthly payment of about 1,188.83 euros."
971,calculations,"Discounting 38,000 euros due in 12 years at an annual rate of 5% gives a present value of approximately 21,159.82 euros."
972,comparative,"A real estate investment trust is a pooled investment vehicle, whereas a government bond is a debt security."
973,calculations,"The future value of 16,500 euros invested for 21 years at a 1% annual rate, compounded yearly, is about 20,334.47 euros."
974,calculations,"An asset whose price moves from 8,950 to 14,156 pounds has a return of +58.2%, excluding income."
975,comparative,"The return on a government bond comes from periodic coupon payments, while the return on a mutual fund comes from distributions and changes in net asset value."
976,comparative,"The return on a common stock comes from dividends and capital gains, while the return on a futures contract comes from gains or losses from price changes in the underlying asset."
977,calculations,"If revenue changes from 7,650 to 8,961 thousand dollars, the percentage change is +17.1%."
978,calculations,"A company with 687 million shares outstanding at a price of 94.58 euros has a market capitalization of about 64,976.5 million euros."
979,calculations,A company with current assets of 800 thousand dollars and current liabilities of 160 thousand dollars has a current ratio of 5.00.
980,instruments,The return on a futures contract comes from gains or losses from price changes in the underlying asset.
981,calculations,"With annual compounding at 3%, 11,500 euros becomes approximately 20,770.28 euros in 20 years."
982,calculations,"The present value of 45,000 dollars received in 16 years, discounted at 5% per year, is about 20,615.02 dollars."
983,calculations,Net income of 57 million dollars divided by 406 million shares gives earnings per share of 0.14 dollars.
984,instruments,"Regarding the treasury bill, it is commonly used as a proxy for a short-term risk-free asset."
985,instruments,"A key feature of a futures contract is that it is marked to market daily, with gains and losses settled through margin accounts."
986,calculations,"If a 6% coupon bond with a 1,000 pounds face value trades at 930 pounds, its current yield is approximately 6.45%. The bond trades at a discount."
987,calculations,"The present value of 45,000 pounds received in 13 years, discounted at 3% per year, is about 30,642.81 pounds."
988,concepts,"From a financial perspective, retained earnings are accumulated profits that have not been distributed as dividends."
989,calculations,"An investment of 16,000 pounds at 3.5% annual interest compounded annually grows to about 17,739.49 pounds after 3 years."
990,instruments,A key feature of a preferred stock is that its dividends must usually be paid before any dividends on common stock.
991,calculations,"An asset whose price moves from 3,550 to 3,585 pounds has a return of +1.0%, excluding income."
992,comparative,"The return on a treasury bill comes from the discount between the purchase price and face value, while the return on a forward contract comes from gains or losses at settlement."
993,ratios,"To compute the net profit margin, divide as follows: net income divided by revenue."
994,comparative,"The return on a put option comes from payoff when the underlying price falls below the strike price, while the return on a zero-coupon bond comes from the difference between the purchase price and face value."
995,comparative,"The return on a zero-coupon bond comes from the difference between the purchase price and face value, while the return on a mutual fund comes from distributions and changes in net asset value."
996,calculations,"A company with 111 million shares outstanding at a price of 183.42 dollars has a market capitalization of about 20,359.6 million dollars."
997,calculations,"The present value of 48,000 pounds received in 9 years, discounted at 10% per year, is about 20,356.69 pounds."
998,calculations,"A loan of 255,000 euros at a 7% annual rate, repaid monthly over 5 years, has a monthly payment of about 5,049.31 euros."
999,instruments,A key feature of an interest rate swap is that the notional principal itself is usually not exchanged.
1000,ratios,The price-to-earnings ratio measures how much investors pay for each unit of earnings.
1001,calculations,"A bond with a face value of 1,000 euros, a 4% annual coupon, and a price of 1,015 euros has a current yield of about 3.94%. The bond trades at a premium."
1002,calculations,"A loan of 200,000 dollars at a 5% annual rate, repaid monthly over 25 years, has a monthly payment of about 1,169.18 dollars."
1003,calculations,Net income of 7 million euros divided by 273 million shares gives earnings per share of 0.03 euros.
1004,calculations,"Discounting 51,000 pounds due in 1 years at an annual rate of 8% gives a present value of approximately 47,222.22 pounds."
1005,instruments,A key feature of a treasury bill is that it has a maturity of one year or less.
1006,concepts,"Accrual accounting records revenues when earned and expenses when incurred, regardless of cash movements."
1007,calculations,"The present value of 49,000 pounds received in 3 years, discounted at 2% per year, is about 46,173.79 pounds."
1008,concepts,"In finance, diversification reduces portfolio risk by combining assets whose returns are not perfectly correlated."
1009,comparative,"The return on a mutual fund comes from distributions and changes in net asset value, while the return on a zero-coupon bond comes from the difference between the purchase price and face value."
1010,calculations,"A company with current assets of 4,960 thousand euros and current liabilities of 660 thousand euros has a current ratio of 7.52."
1011,calculations,"A bond with a face value of 1,000 euros, a 3% annual coupon, and a price of 915 euros has a current yield of about 3.28%. The bond trades at a discount."
1012,ratios,The payout ratio is calculated as dividends divided by net income.
1013,comparative,"A corporate bond is a debt security, whereas a common stock is an equity security."
1014,concepts,"In economics and finance, market makers provide liquidity by quoting both bid and ask prices."
1015,calculations,"The present value of 10,000 euros received in 13 years, discounted at 4% per year, is about 6,005.74 euros."
1016,calculations,"A company with 961 million shares outstanding at a price of 269.66 pounds has a market capitalization of about 259,143.3 million pounds."
1017,calculations,"At a simple interest rate of 3% per year, a principal of 4,750 euros earns 1,140.00 euros in interest over 8 years."
1018,calculations,"A loan of 370,000 dollars at a 3.5% annual rate, repaid monthly over 10 years, has a monthly payment of about 3,658.78 dollars."
1019,calculations,"A company with 865 million shares outstanding at a price of 173.29 euros has a market capitalization of about 149,895.9 million euros."
1020,calculations,"At a simple interest rate of 2% per year, a principal of 14,500 pounds earns 1,450.00 pounds in interest over 5 years."
1021,comparative,"A government bond is a debt security, whereas a preferred stock is a hybrid security."
1022,comparative,"A money market fund is a pooled investment vehicle, whereas a government bond is a debt security."
1023,calculations,"If a 2% coupon bond with a 1,000 dollars face value trades at 1,005 dollars, its current yield is approximately 1.99%. The bond trades at a premium."
1024,concepts,"In economics and finance, private equity funds invest in companies that are not publicly traded."
1025,calculations,"The present value of 37,000 dollars received in 4 years, discounted at 6% per year, is about 29,307.47 dollars."
1026,calculations,"A bond with a face value of 1,000 euros, a 3% annual coupon, and a price of 885 euros has a current yield of about 3.39%. The bond trades at a discount."
1027,calculations,"A company with net income of 10,600,000 dollars and average equity of 165,900,000 dollars has a return on equity of 6.4%."
1028,calculations,"A company with 776 million shares outstanding at a price of 488.93 euros has a market capitalization of about 379,409.7 million euros."
1029,calculations,"A company with current assets of 3,650 thousand dollars and current liabilities of 280 thousand dollars has a current ratio of 13.04."
1030,calculations,"Discounting 45,000 euros due in 7 years at an annual rate of 6% gives a present value of approximately 29,927.57 euros."
1031,instruments,A key feature of a treasury bill is that it is sold at a discount and repaid at par.
1032,calculations,"With annual compounding at 1.5%, 29,000 euros becomes approximately 30,779.54 euros in 4 years."
1033,instruments,"In terms of risk, a zero-coupon bond carries interest rate risk that rises with maturity."
1034,calculations,"Discounting 41,000 pounds due in 11 years at an annual rate of 5% gives a present value of approximately 23,971.85 pounds."
1035,comparative,"A mortgage-backed security is an asset-backed security, whereas a government bond is a debt security."
1036,calculations,"A company with current assets of 2,500 thousand dollars and current liabilities of 1,690 thousand dollars has a current ratio of 1.48."
1037,calculations,"At a simple interest rate of 6% per year, a principal of 15,500 pounds earns 1,860.00 pounds in interest over 2 years."
1038,ratios,"To compute the price-to-earnings ratio, divide as follows: market price per share divided by earnings per share."
1039,calculations,"An asset whose price moves from 1,250 to 1,258 euros has a return of +0.6%, excluding income."
1040,calculations,"If revenue changes from 8,550 to 9,011 thousand dollars, the percentage change is +5.4%."
1041,ratios,"To compute the dividend yield, divide as follows: annual dividends per share divided by the share price."
1042,calculations,A nominal interest rate of 10% combined with 2.5% inflation implies a real interest rate of approximately 7.32%.
1043,calculations,"A company with current assets of 1,660 thousand euros and current liabilities of 3,770 thousand euros has a current ratio of 0.44."
1044,comparative,"The return on a preferred stock comes from fixed or floating dividends, while the return on a mortgage-backed security comes from principal and interest payments passed through from borrowers."
1045,concepts,"In economics and finance, working capital equals current assets minus current liabilities."
1046,comparative,"A certificate of deposit is a time deposit, whereas an exchange-traded fund is a pooled investment vehicle."
1047,calculations,An annual dividend of 5.80 dollars on a share priced at 217 dollars gives a dividend yield of 2.67%.
1048,calculations,Net income of 39 million pounds divided by 225 million shares gives earnings per share of 0.17 pounds.
1049,calculations,"A company with current assets of 3,850 thousand pounds and current liabilities of 2,620 thousand pounds has a current ratio of 1.47."
1050,calculations,Net income of 343 million dollars divided by 309 million shares gives earnings per share of 1.11 dollars.
1051,calculations,Net income of 774 million dollars divided by 201 million shares gives earnings per share of 3.85 dollars.
1052,comparative,"An interest rate swap is a derivative, whereas a certificate of deposit is a time deposit."
1053,calculations,A share priced at 95 euros with earnings per share of 2.70 euros has a price-to-earnings ratio of about 35.2.
1054,calculations,"A company with current assets of 3,750 thousand dollars and current liabilities of 1,870 thousand dollars has a current ratio of 2.01."
1055,concepts,"In finance, Beta measures the sensitivity of an asset's returns to movements in the overall market."
1056,comparative,"The return on a zero-coupon bond comes from the difference between the purchase price and face value, while the return on a futures contract comes from gains or losses from price changes in the underlying asset."
1057,comparative,"A corporate bond is a debt security, whereas a treasury bill is a money market instrument."
1058,calculations,"The future value of 20,500 euros invested for 7 years at a 3.5% annual rate, compounded yearly, is about 26,081.72 euros."
1059,concepts,"As a general principle, working capital equals current assets minus current liabilities."
1060,concepts,"From a financial perspective, systematic risk affects the entire market and cannot be eliminated by diversification."
1061,calculations,Net income of 618 million dollars divided by 277 million shares gives earnings per share of 2.23 dollars.
1062,calculations,An annual dividend of 9.71 dollars on a share priced at 157 dollars gives a dividend yield of 6.18%.
1063,comparative,"A futures contract is a derivative, whereas a zero-coupon bond is a debt security."
1064,comparative,"The return on a certificate of deposit comes from fixed interest, while the return on a zero-coupon bond comes from the difference between the purchase price and face value."
1065,calculations,"A company with current assets of 2,350 thousand pounds and current liabilities of 3,980 thousand pounds has a current ratio of 0.59."
1066,comparative,"A treasury bill is a money market instrument, whereas a certificate of deposit is a time deposit."
1067,concepts,"In finance, the yield curve plots the yields of bonds with equal credit quality across different maturities."
1068,calculations,"A bond with a face value of 1,000 euros, a 2% annual coupon, and a price of 975 euros has a current yield of about 2.05%. The bond trades at a discount."
1069,comparative,"The return on a mutual fund comes from distributions and changes in net asset value, while the return on a call option comes from payoff when the underlying price rises above the strike price."
1070,calculations,"Net income of 33,600,000 euros on shareholders' equity of 273,200,000 euros corresponds to a return on equity of about 12.3%."
1071,calculations,"If revenue changes from 1,500 to 2,314 thousand dollars, the percentage change is +54.3%."
1072,calculations,An annual dividend of 3.48 pounds on a share priced at 79 pounds gives a dividend yield of 4.41%.
1073,calculations,"At a simple interest rate of 2% per year, a principal of 18,750 dollars earns 3,000.00 dollars in interest over 8 years."
1074,calculations,"Net income of 4,400,000 pounds on shareholders' equity of 53,600,000 pounds corresponds to a return on equity of about 8.2%."
1075,comparative,"The return on a call option comes from payoff when the underlying price rises above the strike price, while the return on a certificate of deposit comes from fixed interest."
1076,calculations,"A company with 102 million shares outstanding at a price of 263.10 euros has a market capitalization of about 26,836.2 million euros."
1077,concepts,"From a financial perspective, market makers provide liquidity by quoting both bid and ask prices."
1078,comparative,"The return on a corporate bond comes from periodic coupon payments, while the return on a zero-coupon bond comes from the difference between the purchase price and face value."
1079,ratios,The net profit margin measures the share of revenue that becomes net profit.
1080,comparative,"The return on a corporate bond comes from periodic coupon payments, while the return on an exchange-traded fund comes from distributions and price changes."
1081,calculations,"A company with current assets of 3,760 thousand pounds and current liabilities of 4,120 thousand pounds has a current ratio of 0.91."
1082,comparative,"A mortgage-backed security is an asset-backed security, whereas a real estate investment trust is a pooled investment vehicle."
1083,calculations,"With annual compounding at 4.5%, 2,500 dollars becomes approximately 5,521.20 dollars in 18 years."
1084,calculations,An annual dividend of 6.57 euros on a share priced at 137 euros gives a dividend yield of 4.80%.
1085,comparative,"The return on a real estate investment trust comes from rental income distributions and price changes, while the return on a put option comes from payoff when the underlying price falls below the strike price."
1086,instruments,The return on a convertible bond comes from coupon payments plus the option to convert into shares.
1087,calculations,"At a simple interest rate of 5% per year, a principal of 4,750 dollars earns 1,900.00 dollars in interest over 8 years."
1088,calculations,"With a nominal return of 3% and inflation of 3%, the real return is about 0.00% using the exact Fisher relation."
1089,calculations,"If earnings per share are 5.44 dollars and the share price is 144 dollars, the P/E ratio is approximately 26.5."
1090,concepts,"From a financial perspective, interest rate risk is the risk that changes in interest rates reduce the value of an investment."
1091,calculations,"A company with net income of 29,800,000 pounds and average equity of 304,700,000 pounds has a return on equity of 9.8%."
1092,comparative,"The return on a money market fund comes from short-term interest income, while the return on a convertible bond comes from coupon payments plus the option to convert into shares."
1093,calculations,"If a 6% coupon bond with a 1,000 dollars face value trades at 1,095 dollars, its current yield is approximately 5.48%. The bond trades at a premium."
1094,calculations,"A bond with a face value of 1,000 dollars, a 5% annual coupon, and a price of 1,005 dollars has a current yield of about 4.98%. The bond trades at a premium."
1095,calculations,"Discounting 99,000 dollars due in 18 years at an annual rate of 3% gives a present value of approximately 58,152.07 dollars."
1096,calculations,A share priced at 113 pounds with earnings per share of 12.68 pounds has a price-to-earnings ratio of about 8.9.
1097,calculations,"The monthly payment on a 20-year amortizing loan of 235,000 pounds at 7% annual interest is approximately 1,821.95 pounds."
1098,calculations,"A company with current assets of 1,730 thousand dollars and current liabilities of 190 thousand dollars has a current ratio of 9.11."
1099,comparative,"A real estate investment trust is a pooled investment vehicle, whereas a treasury bill is a money market instrument."
1100,calculations,"An asset whose price moves from 3,950 to 3,229 euros has a return of -18.3%, excluding income."
1101,concepts,"From a financial perspective, market capitalization equals the share price multiplied by the number of shares outstanding."
1102,calculations,"A company with net income of 43,300,000 pounds and average equity of 213,800,000 pounds has a return on equity of 20.3%."
1103,calculations,"A bond with a face value of 1,000 euros, a 5% annual coupon, and a price of 1,110 euros has a current yield of about 4.50%. The bond trades at a premium."
1104,calculations,An annual dividend of 6.96 pounds on a share priced at 152 pounds gives a dividend yield of 4.58%.
1105,calculations,"The monthly payment on a 10-year amortizing loan of 285,000 pounds at 4.5% annual interest is approximately 2,953.69 pounds."
1106,comparative,"A call option is a derivative, whereas a convertible bond is a hybrid security."
1107,comparative,"The return on an exchange-traded fund comes from distributions and price changes, while the return on a mortgage-backed security comes from principal and interest payments passed through from borrowers."
1108,concepts,"In economics and finance, The European Central Bank sets monetary policy for the euro area."
1109,calculations,"A company with current assets of 3,650 thousand euros and current liabilities of 2,100 thousand euros has a current ratio of 1.74."
1110,calculations,"At a simple interest rate of 4% per year, a principal of 1,500 dollars earns 480.00 dollars in interest over 8 years."
1111,calculations,Net income of 21 million euros divided by 455 million shares gives earnings per share of 0.05 euros.
1112,instruments,The futures contract is classified as a derivative.
1113,calculations,"Discounting 77,000 pounds due in 17 years at an annual rate of 10% gives a present value of approximately 15,234.04 pounds."
1114,calculations,"If earnings per share are 11.80 euros and the share price is 190 euros, the P/E ratio is approximately 16.1."
1115,comparative,"The return on a put option comes from payoff when the underlying price falls below the strike price, while the return on a real estate investment trust comes from rental income distributions and price changes."
1116,calculations,"At a simple interest rate of 4% per year, a principal of 12,500 pounds earns 2,500.00 pounds in interest over 5 years."
1117,instruments,A key feature of a convertible bond is that it can be exchanged for a predetermined number of the issuer's shares.
1118,calculations,Net income of 698 million pounds divided by 369 million shares gives earnings per share of 1.89 pounds.
1119,comparative,"The return on an exchange-traded fund comes from distributions and price changes, while the return on a common stock comes from dividends and capital gains."
1120,instruments,A treasury bill is a money market instrument.
1121,calculations,"A company with current assets of 1,590 thousand dollars and current liabilities of 420 thousand dollars has a current ratio of 3.79."
1122,calculations,"Simple interest on 16,250 dollars at 2% for 5 years amounts to 1,625.00 dollars."
1123,comparative,"An interest rate swap is a derivative, whereas a mortgage-backed security is an asset-backed security."
1124,concepts,"From a financial perspective, compound interest is interest calculated on both the initial principal and the accumulated interest."
1125,calculations,"Net income of 30,900,000 euros on shareholders' equity of 523,600,000 euros corresponds to a return on equity of about 5.9%."
1126,calculations,A share priced at 176 dollars with earnings per share of 8.46 dollars has a price-to-earnings ratio of about 20.8.
1127,comparative,"The return on a forward contract comes from gains or losses at settlement, while the return on a corporate bond comes from periodic coupon payments."
1128,calculations,Net income of 999 million euros divided by 136 million shares gives earnings per share of 7.35 euros.
1129,calculations,"Simple interest on 5,250 pounds at 6% for 1 years amounts to 315.00 pounds."
1130,calculations,A share priced at 118 pounds with earnings per share of 12.14 pounds has a price-to-earnings ratio of about 9.7.
1131,comparative,"A mortgage-backed security is an asset-backed security, whereas a call option is a derivative."
1132,comparative,"The return on a preferred stock comes from fixed or floating dividends, while the return on a money market fund comes from short-term interest income."
1133,ratios,The payout ratio measures the share of earnings paid out to shareholders as dividends.
1134,calculations,"A company with net income of 26,600,000 euros and average equity of 524,000,000 euros has a return on equity of 5.1%."
1135,calculations,"If revenue changes from 4,800 to 3,849 thousand pounds, the percentage change is -19.8%."
1136,calculations,"A bond with a face value of 1,000 euros, a 6% annual coupon, and a price of 1,010 euros has a current yield of about 5.94%. The bond trades at a premium."
1137,calculations,"With a nominal return of 9% and inflation of 1.5%, the real return is about 7.39% using the exact Fisher relation."
1138,calculations,"Net income of 14,800,000 dollars on shareholders' equity of 136,600,000 dollars corresponds to a return on equity of about 10.8%."
1139,calculations,"An asset whose price moves from 4,050 to 4,123 euros has a return of +1.8%, excluding income."
1140,calculations,"If earnings per share are 9.48 pounds and the share price is 147 pounds, the P/E ratio is approximately 15.5."
1141,comparative,"A certificate of deposit is a time deposit, whereas a futures contract is a derivative."
1142,calculations,"A bond with a face value of 1,000 pounds, a 5% annual coupon, and a price of 885 pounds has a current yield of about 5.65%. The bond trades at a discount."
1143,calculations,"A company with 148 million shares outstanding at a price of 363.75 euros has a market capitalization of about 53,835.0 million euros."
1144,calculations,"A company with 360 million shares outstanding at a price of 337.43 dollars has a market capitalization of about 121,474.8 million dollars."
1145,ratios,The quick ratio belongs to the family of liquidity metrics.
1146,concepts,"In economics and finance, leverage amplifies both gains and losses by using borrowed funds."
1147,ratios,"In financial statement analysis, the interest coverage ratio, defined as earnings before interest and taxes divided by interest expense, indicates how easily a company can pay interest on its debt."
1148,calculations,"A company with current assets of 1,130 thousand pounds and current liabilities of 630 thousand pounds has a current ratio of 1.79."
1149,calculations,"With a nominal return of 7% and inflation of 6%, the real return is about 0.94% using the exact Fisher relation."
1150,calculations,Net income of 877 million pounds divided by 135 million shares gives earnings per share of 6.50 pounds.
1151,calculations,"Net income of 26,200,000 euros on shareholders' equity of 429,100,000 euros corresponds to a return on equity of about 6.1%."
1152,calculations,"A loan of 220,000 euros at a 5% annual rate, repaid monthly over 15 years, has a monthly payment of about 1,739.75 euros."
1153,calculations,"If a 7% coupon bond with a 1,000 pounds face value trades at 1,015 pounds, its current yield is approximately 6.90%. The bond trades at a premium."
1154,concepts,"From a financial perspective, the balance sheet reports a company's assets, liabilities, and equity at a specific point in time."
1155,calculations,"With annual compounding at 4.5%, 40,000 euros becomes approximately 115,040.55 euros in 24 years."
1156,comparative,"A money market fund is a pooled investment vehicle, whereas a convertible bond is a hybrid security."
1157,concepts,"In finance, The European Central Bank sets monetary policy for the euro area."
1158,ratios,The asset turnover measures how effectively a company uses its assets to generate sales.
1159,ratios,"In financial statement analysis, the enterprise value to EBITDA, defined as enterprise value divided by earnings before interest, taxes, depreciation, and amortization, indicates a company's total value relative to its operating cash earnings."
1160,concepts,"As a general principle, the capital asset pricing model relates an asset's expected return to its systematic risk, measured by beta."
1161,concepts,"In economics and finance, systematic risk affects the entire market and cannot be eliminated by diversification."
1162,calculations,"The future value of 7,000 pounds invested for 21 years at a 1.5% annual rate, compounded yearly, is about 9,569.40 pounds."
1163,calculations,"With annual compounding at 1.5%, 49,500 euros becomes approximately 77,372.47 euros in 30 years."
1164,comparative,"The return on a common stock comes from dividends and capital gains, while the return on a mortgage-backed security comes from principal and interest payments passed through from borrowers."
1165,calculations,"A company with current assets of 3,420 thousand pounds and current liabilities of 1,170 thousand pounds has a current ratio of 2.92."
1166,calculations,"A company with current assets of 240 thousand pounds and current liabilities of 2,300 thousand pounds has a current ratio of 0.10."
1167,calculations,"If revenue changes from 4,700 to 3,865 thousand euros, the percentage change is -17.8%."
1168,concepts,Goodwill arises when a company acquires another business for more than the fair value of its identifiable net assets.
1169,comparative,"A call option is a derivative, whereas a government bond is a debt security."
1170,instruments,"Regarding the treasury bill, it has a maturity of one year or less."
1171,calculations,An annual dividend of 4.01 dollars on a share priced at 184 dollars gives a dividend yield of 2.18%.
1172,calculations,Net income of 343 million dollars divided by 40 million shares gives earnings per share of 8.57 dollars.
1173,calculations,"Simple interest on 14,750 pounds at 5% for 7 years amounts to 5,162.50 pounds."
1174,calculations,An annual dividend of 7.51 dollars on a share priced at 29 dollars gives a dividend yield of 25.90%.
1175,comparative,"A put option is a derivative, whereas a government bond is a debt security."
1176,calculations,"Simple interest on 19,750 pounds at 2% for 9 years amounts to 3,555.00 pounds."
1177,concepts,"From a financial perspective, short selling involves selling borrowed securities in the expectation of buying them back at a lower price."
1178,concepts,"As a general principle, a primary market is where securities are issued and sold for the first time."
1179,calculations,"A bond with a face value of 1,000 dollars, a 4% annual coupon, and a price of 860 dollars has a current yield of about 4.65%. The bond trades at a discount."
1180,calculations,A share priced at 209 euros with earnings per share of 10.81 euros has a price-to-earnings ratio of about 19.3.
1181,calculations,"A company with net income of 40,800,000 dollars and average equity of 433,100,000 dollars has a return on equity of 9.4%."
1182,concepts,"As a general principle, The European Central Bank sets monetary policy for the euro area."
1183,concepts,"In finance, net present value is the sum of the present values of all cash inflows and outflows of a project."
1184,calculations,"An investment of 17,000 pounds at 4% annual interest compounded annually grows to about 43,576.17 pounds after 24 years."
1185,comparative,"A futures contract is a derivative, whereas a preferred stock is a hybrid security."
1186,calculations,"Simple interest on 5,500 pounds at 4% for 5 years amounts to 1,100.00 pounds."
1187,comparative,"A zero-coupon bond is a debt security, whereas a forward contract is a derivative."
1188,instruments,A call option generates income through payoff when the underlying price rises above the strike price.
1189,calculations,An annual dividend of 3.29 pounds on a share priced at 193 pounds gives a dividend yield of 1.70%.
1190,calculations,"If earnings per share are 6.82 dollars and the share price is 131 dollars, the P/E ratio is approximately 19.2."
1191,calculations,"If revenue changes from 3,850 to 2,742 thousand euros, the percentage change is -28.8%."
1192,comparative,"A common stock is an equity security, whereas a futures contract is a derivative."
1193,calculations,"With a nominal return of 8% and inflation of 2%, the real return is about 5.88% using the exact Fisher relation."
1194,calculations,"With a nominal return of 7% and inflation of 2.5%, the real return is about 4.39% using the exact Fisher relation."
1195,calculations,Net income of 814 million pounds divided by 447 million shares gives earnings per share of 1.82 pounds.
1196,instruments,A treasury bill is typically issued by national governments.
1197,concepts,"From a financial perspective, EBITDA stands for earnings before interest, taxes, depreciation, and amortization."
1198,calculations,"If earnings per share are 8.97 euros and the share price is 243 euros, the P/E ratio is approximately 27.1."
1199,concepts,"As a general principle, a bull market is a period of generally rising prices."
1200,ratios,The net profit margin belongs to the family of profitability metrics.
1201,calculations,"The future value of 31,000 euros invested for 15 years at a 8% annual rate, compounded yearly, is about 98,337.24 euros."
1202,calculations,"A bond with a face value of 1,000 euros, a 4% annual coupon, and a price of 990 euros has a current yield of about 4.04%. The bond trades at a discount."
1203,calculations,"Simple interest on 5,000 pounds at 3% for 8 years amounts to 1,200.00 pounds."
1204,concepts,"In finance, a stock split increases the number of shares outstanding without changing the company's market value."
1205,calculations,"If earnings per share are 2.83 euros and the share price is 60 euros, the P/E ratio is approximately 21.2."
1206,calculations,Net income of 361 million euros divided by 153 million shares gives earnings per share of 2.36 euros.
1207,calculations,"A company with 567 million shares outstanding at a price of 407.74 euros has a market capitalization of about 231,188.6 million euros."
1208,calculations,"If revenue changes from 7,000 to 7,134 thousand dollars, the percentage change is +1.9%."
1209,ratios,"In financial statement analysis, the price-to-earnings ratio, defined as market price per share divided by earnings per share, indicates how much investors pay for each unit of earnings."
1210,concepts,"As a general principle, mergers and acquisitions involve the combination or purchase of companies."
1211,comparative,"The return on a money market fund comes from short-term interest income, while the return on an exchange-traded fund comes from distributions and price changes."
1212,calculations,"A loan of 115,000 dollars at a 5% annual rate, repaid monthly over 5 years, has a monthly payment of about 2,170.19 dollars."
1213,comparative,"The return on a call option comes from payoff when the underlying price rises above the strike price, while the return on a futures contract comes from gains or losses from price changes in the underlying asset."
1214,comparative,"The return on a common stock comes from dividends and capital gains, while the return on a zero-coupon bond comes from the difference between the purchase price and face value."
1215,calculations,Net income of 74 million pounds divided by 72 million shares gives earnings per share of 1.03 pounds.
1216,concepts,"In economics and finance, fractional reserve banking allows banks to lend out a portion of their deposits."
1217,calculations,An annual dividend of 5.78 pounds on a share priced at 96 pounds gives a dividend yield of 6.02%.
1218,calculations,"A loan of 90,000 pounds at a 2% annual rate, repaid monthly over 5 years, has a monthly payment of about 1,577.50 pounds."
1219,instruments,A key feature of a convertible bond is that its value combines a straight bond value and an embedded call option.
1220,calculations,"If revenue changes from 4,000 to 5,151 thousand pounds, the percentage change is +28.8%."
1221,calculations,"An investment of 36,000 pounds at 8% annual interest compounded annually grows to about 287,570.21 pounds after 27 years."
1222,concepts,"From a financial perspective, the accounting equation states that assets equal liabilities plus shareholders' equity."
1223,calculations,"A loan of 330,000 pounds at a 3.5% annual rate, repaid monthly over 20 years, has a monthly payment of about 1,913.87 pounds."
1224,calculations,Net income of 920 million dollars divided by 244 million shares gives earnings per share of 3.77 dollars.
1225,concepts,"As a general principle, a recession is commonly described as a significant decline in economic activity lasting several months."
1226,calculations,"An asset whose price moves from 7,600 to 8,193 euros has a return of +7.8%, excluding income."
1227,comparative,"The return on a money market fund comes from short-term interest income, while the return on a futures contract comes from gains or losses from price changes in the underlying asset."
1228,concepts,"As a general principle, retained earnings are accumulated profits that have not been distributed as dividends."
1229,comparative,"A real estate investment trust is a pooled investment vehicle, whereas a zero-coupon bond is a debt security."
1230,calculations,An annual dividend of 6.25 euros on a share priced at 138 euros gives a dividend yield of 4.53%.
1231,calculations,"A company with 11 million shares outstanding at a price of 139.55 dollars has a market capitalization of about 1,535.1 million dollars."
1232,calculations,"A company with net income of 12,400,000 pounds and average equity of 116,700,000 pounds has a return on equity of 10.6%."
1233,calculations,"Simple interest on 17,250 dollars at 3% for 8 years amounts to 4,140.00 dollars."
1234,calculations,"A company with current assets of 3,820 thousand dollars and current liabilities of 3,490 thousand dollars has a current ratio of 1.09."
1235,comparative,"An exchange-traded fund is a pooled investment vehicle, whereas a mortgage-backed security is an asset-backed security."
1236,calculations,"At a simple interest rate of 6% per year, a principal of 4,000 pounds earns 1,680.00 pounds in interest over 7 years."
1237,concepts,"In economics and finance, the efficient market hypothesis states that asset prices reflect all available information."
1238,instruments,"Regarding the certificate of deposit, early withdrawal usually triggers a penalty."
1239,calculations,An annual dividend of 3.25 euros on a share priced at 244 euros gives a dividend yield of 1.33%.
1240,calculations,A nominal interest rate of 3% combined with 2.5% inflation implies a real interest rate of approximately 0.49%.
1241,calculations,"If earnings per share are 7.60 euros and the share price is 144 euros, the P/E ratio is approximately 18.9."
1242,calculations,Net income of 300 million euros divided by 354 million shares gives earnings per share of 0.85 euros.
1243,calculations,Net income of 643 million pounds divided by 229 million shares gives earnings per share of 2.81 pounds.
1244,concepts,"From a financial perspective, working capital equals current assets minus current liabilities."
1245,calculations,Net income of 747 million euros divided by 158 million shares gives earnings per share of 4.73 euros.
1246,calculations,An annual dividend of 2.12 euros on a share priced at 122 euros gives a dividend yield of 1.74%.
1247,concepts,"As a general principle, a limit order is executed only at a specified price or better."
1248,calculations,"With a nominal return of 9% and inflation of 6%, the real return is about 2.83% using the exact Fisher relation."
1249,calculations,"Discounting 70,000 euros due in 12 years at an annual rate of 4% gives a present value of approximately 43,721.79 euros."
1250,ratios,The price-to-earnings ratio is calculated as market price per share divided by earnings per share.
1251,calculations,"Discounting 54,000 dollars due in 3 years at an annual rate of 2% gives a present value of approximately 50,885.41 dollars."
1252,calculations,"Simple interest on 20,000 pounds at 3% for 2 years amounts to 1,200.00 pounds."
1253,calculations,"Discounting 94,000 dollars due in 11 years at an annual rate of 5% gives a present value of approximately 54,959.85 dollars."
1254,calculations,"A company with 876 million shares outstanding at a price of 79.95 dollars has a market capitalization of about 70,036.2 million dollars."
1255,calculations,"A company with net income of 13,800,000 dollars and average equity of 140,500,000 dollars has a return on equity of 9.8%."
1256,comparative,"An exchange-traded fund is a pooled investment vehicle, whereas a zero-coupon bond is a debt security."
1257,comparative,"The return on a common stock comes from dividends and capital gains, while the return on a corporate bond comes from periodic coupon payments."
1258,comparative,"A zero-coupon bond is a debt security, whereas a call option is a derivative."
1259,calculations,"Net income of 31,800,000 pounds on shareholders' equity of 199,600,000 pounds corresponds to a return on equity of about 15.9%."
1260,calculations,"An asset whose price moves from 4,950 to 6,841 euros has a return of +38.2%, excluding income."
1261,comparative,"The return on an interest rate swap comes from net exchanged interest payments, while the return on a certificate of deposit comes from fixed interest."
1262,comparative,"The return on a forward contract comes from gains or losses at settlement, while the return on a treasury bill comes from the discount between the purchase price and face value."
1263,comparative,"The return on a common stock comes from dividends and capital gains, while the return on a government bond comes from periodic coupon payments."
1264,calculations,"If a 6% coupon bond with a 1,000 dollars face value trades at 1,010 dollars, its current yield is approximately 5.94%. The bond trades at a premium."
1265,calculations,"At a simple interest rate of 3% per year, a principal of 14,750 dollars earns 442.50 dollars in interest over 1 years."
1266,calculations,"A company with 218 million shares outstanding at a price of 214.74 euros has a market capitalization of about 46,813.3 million euros."
1267,calculations,"If a 6% coupon bond with a 1,000 dollars face value trades at 1,015 dollars, its current yield is approximately 5.91%. The bond trades at a premium."
1268,calculations,"An asset whose price moves from 4,000 to 2,934 dollars has a return of -26.7%, excluding income."
1269,calculations,"Discounting 46,000 pounds due in 8 years at an annual rate of 4% gives a present value of approximately 33,611.75 pounds."
1270,calculations,An annual dividend of 1.15 euros on a share priced at 45 euros gives a dividend yield of 2.56%.
1271,concepts,"From a financial perspective, the internal rate of return is the discount rate at which a project's net present value equals zero."
1272,calculations,"A bond with a face value of 1,000 pounds, a 5% annual coupon, and a price of 1,115 pounds has a current yield of about 4.48%. The bond trades at a premium."
1273,calculations,An annual dividend of 4.38 dollars on a share priced at 40 dollars gives a dividend yield of 10.95%.
1274,concepts,"From a financial perspective, credit risk is the risk that a borrower fails to make required payments."
1275,calculations,An annual dividend of 6.35 euros on a share priced at 98 euros gives a dividend yield of 6.48%.
1276,calculations,"If revenue changes from 5,650 to 6,320 thousand euros, the percentage change is +11.9%."
1277,concepts,"In economics and finance, an asset with a beta greater than one tends to move more than the market."
1278,concepts,"In finance, The Sharpe ratio measures excess return per unit of total risk."
1279,concepts,"As a general principle, market capitalization equals the share price multiplied by the number of shares outstanding."
1280,calculations,A share priced at 40 euros with earnings per share of 11.51 euros has a price-to-earnings ratio of about 3.5.
1281,calculations,"Discounting 93,000 euros due in 2 years at an annual rate of 10% gives a present value of approximately 76,859.50 euros."
1282,calculations,"If revenue changes from 1,450 to 925 thousand dollars, the percentage change is -36.2%."
1283,calculations,Net income of 531 million euros divided by 425 million shares gives earnings per share of 1.25 euros.
1284,calculations,"If earnings per share are 11.43 euros and the share price is 117 euros, the P/E ratio is approximately 10.2."
1285,calculations,"If a 5% coupon bond with a 1,000 dollars face value trades at 1,010 dollars, its current yield is approximately 4.95%. The bond trades at a premium."
1286,concepts,Present value is the current worth of a future cash flow discounted at an appropriate rate.
1287,concepts,"From a financial perspective, the capital asset pricing model relates an asset's expected return to its systematic risk, measured by beta."
1288,ratios,"To compute the price-to-book ratio, divide as follows: market price per share divided by book value per share."
1289,calculations,"The present value of 83,000 pounds received in 18 years, discounted at 3% per year, is about 48,753.75 pounds."
1290,ratios,The price-to-book ratio measures the market value of equity relative to its accounting value.
1291,instruments,The mortgage-backed security is classified as an asset-backed security.
1292,calculations,"Simple interest on 14,500 euros at 5% for 8 years amounts to 5,800.00 euros."
1293,calculations,"If a 2% coupon bond with a 1,000 euros face value trades at 935 euros, its current yield is approximately 2.14%. The bond trades at a discount."
1294,concepts,"In finance, Generally accepted accounting principles in the United States are known as US GAAP."
1295,calculations,An annual dividend of 0.14 dollars on a share priced at 260 dollars gives a dividend yield of 0.05%.
1296,instruments,A key feature of a treasury bill is that it is commonly used as a proxy for a short-term risk-free asset.
1297,calculations,A nominal interest rate of 7% combined with 4% inflation implies a real interest rate of approximately 2.88%.
1298,calculations,"If earnings per share are 13.05 euros and the share price is 94 euros, the P/E ratio is approximately 7.2."
1299,comparative,"A put option is a derivative, whereas an exchange-traded fund is a pooled investment vehicle."
1300,ratios,The cash ratio is calculated as cash and cash equivalents divided by current liabilities.
1301,ratios,The net profit margin is a profitability ratio.
1302,calculations,"A bond with a face value of 1,000 dollars, a 7% annual coupon, and a price of 985 dollars has a current yield of about 7.11%. The bond trades at a discount."
1303,calculations,"A loan of 265,000 euros at a 3.5% annual rate, repaid monthly over 3 years, has a monthly payment of about 7,765.05 euros."
1304,calculations,"A company with net income of 28,100,000 euros and average equity of 424,500,000 euros has a return on equity of 6.6%."
1305,calculations,Net income of 382 million pounds divided by 42 million shares gives earnings per share of 9.10 pounds.
1306,comparative,"An interest rate swap is a derivative, whereas a convertible bond is a hybrid security."
1307,calculations,"A loan of 280,000 dollars at a 3.5% annual rate, repaid monthly over 5 years, has a monthly payment of about 5,093.69 dollars."
1308,instruments,A key feature of a preferred stock is that it often carries no voting rights.
1309,calculations,"A company with 372 million shares outstanding at a price of 104.76 euros has a market capitalization of about 38,970.7 million euros."
1310,calculations,An annual dividend of 6.69 pounds on a share priced at 79 pounds gives a dividend yield of 8.47%.
1311,calculations,An annual dividend of 9.40 euros on a share priced at 197 euros gives a dividend yield of 4.77%.
1312,ratios,"In financial statement analysis, the earnings per share, defined as net income available to common shareholders divided by the weighted average number of common shares outstanding, indicates the profit attributable to each common share."
1313,calculations,"At a simple interest rate of 3% per year, a principal of 17,500 pounds earns 3,675.00 pounds in interest over 7 years."
1314,calculations,"A bond with a face value of 1,000 euros, a 7% annual coupon, and a price of 885 euros has a current yield of about 7.91%. The bond trades at a discount."
1315,concepts,"In finance, Know your customer procedures require financial institutions to verify the identity of their clients."
1316,calculations,"A company with net income of 20,300,000 euros and average equity of 285,500,000 euros has a return on equity of 7.1%."
1317,calculations,"A bond with a face value of 1,000 dollars, a 5% annual coupon, and a price of 1,150 dollars has a current yield of about 4.35%. The bond trades at a premium."
1318,concepts,"In finance, a bear market is often defined as a decline of at least 20 percent from a recent peak."
1319,calculations,"An asset whose price moves from 9,900 to 15,807 euros has a return of +59.7%, excluding income."
1320,calculations,An annual dividend of 2.70 dollars on a share priced at 185 dollars gives a dividend yield of 1.46%.
1321,comparative,"The return on a common stock comes from dividends and capital gains, while the return on a certificate of deposit comes from fixed interest."
1322,calculations,"A company with 442 million shares outstanding at a price of 449.70 dollars has a market capitalization of about 198,767.4 million dollars."
1323,concepts,"As a general principle, the balance sheet reports a company's assets, liabilities, and equity at a specific point in time."
1324,calculations,"A loan of 190,000 pounds at a 2% annual rate, repaid monthly over 25 years, has a monthly payment of about 805.32 pounds."
1325,calculations,"A bond with a face value of 1,000 euros, a 4% annual coupon, and a price of 860 euros has a current yield of about 4.65%. The bond trades at a discount."
1326,calculations,"A bond with a face value of 1,000 dollars, a 4% annual coupon, and a price of 1,085 dollars has a current yield of about 3.69%. The bond trades at a premium."
1327,calculations,"Discounting 57,000 pounds due in 6 years at an annual rate of 6% gives a present value of approximately 40,182.75 pounds."
1328,calculations,"A bond with a face value of 1,000 pounds, a 2% annual coupon, and a price of 1,130 pounds has a current yield of about 1.77%. The bond trades at a premium."
1329,calculations,"A bond with a face value of 1,000 dollars, a 5% annual coupon, and a price of 1,105 dollars has a current yield of about 4.52%. The bond trades at a premium."
1330,calculations,"A company with current assets of 180 thousand pounds and current liabilities of 2,090 thousand pounds has a current ratio of 0.09."
1331,calculations,"A company with net income of 29,500,000 pounds and average equity of 229,400,000 pounds has a return on equity of 12.9%."
1332,calculations,"If revenue changes from 2,300 to 3,021 thousand dollars, the percentage change is +31.3%."
1333,calculations,"Simple interest on 10,750 pounds at 2% for 4 years amounts to 860.00 pounds."
1334,calculations,A share priced at 183 euros with earnings per share of 11.19 euros has a price-to-earnings ratio of about 16.4.
1335,calculations,"A company with 253 million shares outstanding at a price of 42.65 dollars has a market capitalization of about 10,790.4 million dollars."
1336,calculations,A share priced at 143 euros with earnings per share of 1.86 euros has a price-to-earnings ratio of about 76.9.
1337,calculations,"A company with net income of 47,500,000 euros and average equity of 210,300,000 euros has a return on equity of 22.6%."
1338,concepts,Credit rating agencies assess the creditworthiness of bond issuers.
1339,calculations,A share priced at 151 pounds with earnings per share of 1.10 pounds has a price-to-earnings ratio of about 137.3.
1340,concepts,A limit order is executed only at a specified price or better.
1341,calculations,"The present value of 47,000 euros received in 15 years, discounted at 8% per year, is about 14,816.36 euros."
1342,concepts,"As a general principle, the efficient market hypothesis states that asset prices reflect all available information."
1343,concepts,Leverage amplifies both gains and losses by using borrowed funds.
1344,calculations,A share priced at 48 dollars with earnings per share of 8.19 dollars has a price-to-earnings ratio of about 5.9.
1345,concepts,"As a general principle, a share buyback reduces the number of shares outstanding."
1346,calculations,"A bond with a face value of 1,000 dollars, a 5% annual coupon, and a price of 955 dollars has a current yield of about 5.24%. The bond trades at a discount."
1347,calculations,"Simple interest on 6,250 euros at 5% for 8 years amounts to 2,500.00 euros."
1348,comparative,"A put option is a derivative, whereas a real estate investment trust is a pooled investment vehicle."
1349,calculations,"A company with net income of 20,500,000 euros and average equity of 176,800,000 euros has a return on equity of 11.6%."
1350,calculations,"Simple interest on 5,000 euros at 2% for 3 years amounts to 300.00 euros."
1351,comparative,"The return on a government bond comes from periodic coupon payments, while the return on a put option comes from payoff when the underlying price falls below the strike price."
1352,calculations,"An asset whose price moves from 1,000 to 1,405 euros has a return of +40.5%, excluding income."
1353,calculations,"Discounting 21,000 euros due in 7 years at an annual rate of 8% gives a present value of approximately 12,253.30 euros."
1354,calculations,"A company with current assets of 2,210 thousand pounds and current liabilities of 3,810 thousand pounds has a current ratio of 0.58."
1355,calculations,An annual dividend of 5.38 pounds on a share priced at 169 pounds gives a dividend yield of 3.18%.
1356,calculations,"The future value of 47,000 pounds invested for 9 years at a 2.5% annual rate, compounded yearly, is about 58,696.56 pounds."
1357,calculations,"A company with 336 million shares outstanding at a price of 106.95 dollars has a market capitalization of about 35,935.2 million dollars."
1358,comparative,"A real estate investment trust is a pooled investment vehicle, whereas a convertible bond is a hybrid security."
1359,ratios,Analysts use the dividend yield to assess the cash income return from holding a share.
1360,comparative,"The return on a call option comes from payoff when the underlying price rises above the strike price, while the return on a common stock comes from dividends and capital gains."
1361,calculations,"Simple interest on 14,000 dollars at 6% for 3 years amounts to 2,520.00 dollars."
1362,calculations,"If earnings per share are 10.25 dollars and the share price is 266 dollars, the P/E ratio is approximately 26.0."
1363,calculations,"Simple interest on 11,750 pounds at 3% for 1 years amounts to 352.50 pounds."
1364,calculations,An annual dividend of 5.59 pounds on a share priced at 70 pounds gives a dividend yield of 7.99%.
1365,calculations,"If earnings per share are 12.82 euros and the share price is 226 euros, the P/E ratio is approximately 17.6."
1366,calculations,"Discounting 9,000 pounds due in 12 years at an annual rate of 6% gives a present value of approximately 4,472.72 pounds."
1367,concepts,"In finance, the time value of money states that a sum of money today is worth more than the same sum in the future."
1368,concepts,Quantitative easing involves a central bank buying financial assets to increase the money supply.
1369,calculations,Net income of 949 million euros divided by 140 million shares gives earnings per share of 6.78 euros.
1370,calculations,"A company with 246 million shares outstanding at a price of 431.08 pounds has a market capitalization of about 106,045.7 million pounds."
1371,comparative,"A preferred stock is a hybrid security, whereas a common stock is an equity security."
1372,calculations,"A company with current assets of 1,440 thousand euros and current liabilities of 1,540 thousand euros has a current ratio of 0.94."
1373,calculations,"A loan of 30,000 pounds at a 2% annual rate, repaid monthly over 25 years, has a monthly payment of about 127.16 pounds."
1374,instruments,"Regarding the real estate investment trust, it is often required to distribute a large share of its taxable income to shareholders."
1375,calculations,"Discounting 20,000 dollars due in 14 years at an annual rate of 4% gives a present value of approximately 11,549.50 dollars."
1376,concepts,Free cash flow is the cash a company generates after capital expenditures.
1377,concepts,"In finance, simple interest is calculated only on the original principal."
1378,calculations,"The future value of 6,500 pounds invested for 20 years at a 6% annual rate, compounded yearly, is about 20,846.38 pounds."
1379,calculations,A share priced at 296 dollars with earnings per share of 8.82 dollars has a price-to-earnings ratio of about 33.6.
1380,comparative,"A government bond is a debt security, whereas a futures contract is a derivative."
1381,instruments,A key feature of a corporate bond is that bonds rated below investment grade are called high-yield bonds.
1382,calculations,"With a nominal return of 3% and inflation of 4%, the real return is about -0.96% using the exact Fisher relation."
1383,instruments,A government bond is typically issued by national governments.
1384,calculations,"A company with net income of 12,900,000 euros and average equity of 46,800,000 euros has a return on equity of 27.6%."
1385,concepts,"In finance, EBITDA stands for earnings before interest, taxes, depreciation, and amortization."
1386,calculations,"The monthly payment on a 10-year amortizing loan of 170,000 pounds at 4.5% annual interest is approximately 1,761.85 pounds."
1387,calculations,A share priced at 30 dollars with earnings per share of 13.64 dollars has a price-to-earnings ratio of about 2.2.
1388,calculations,A nominal interest rate of 2% combined with 2.5% inflation implies a real interest rate of approximately -0.49%.
1389,calculations,"If earnings per share are 8.74 dollars and the share price is 68 dollars, the P/E ratio is approximately 7.8."
1390,calculations,Net income of 237 million euros divided by 388 million shares gives earnings per share of 0.61 euros.
1391,calculations,"A bond with a face value of 1,000 euros, a 3% annual coupon, and a price of 980 euros has a current yield of about 3.06%. The bond trades at a discount."
1392,calculations,"The monthly payment on a 30-year amortizing loan of 385,000 euros at 3% annual interest is approximately 1,623.18 euros."
1393,concepts,"In finance, the nominal interest rate is the stated rate before adjusting for inflation."
1394,calculations,"If revenue changes from 9,900 to 12,982 thousand dollars, the percentage change is +31.1%."
1395,calculations,"An asset whose price moves from 7,500 to 4,774 euros has a return of -36.3%, excluding income."
1396,calculations,"Discounting 27,000 pounds due in 4 years at an annual rate of 6% gives a present value of approximately 21,386.53 pounds."
1397,calculations,"A loan of 380,000 euros at a 4% annual rate, repaid monthly over 10 years, has a monthly payment of about 3,847.32 euros."
1398,instruments,Investors in a real estate investment trust face moderate to high risk.
1399,calculations,"A loan of 110,000 euros at a 4.5% annual rate, repaid monthly over 5 years, has a monthly payment of about 2,050.73 euros."
1400,comparative,"The return on a government bond comes from periodic coupon payments, while the return on a forward contract comes from gains or losses at settlement."
1401,calculations,A share priced at 227 euros with earnings per share of 8.91 euros has a price-to-earnings ratio of about 25.5.
1402,calculations,Net income of 234 million euros divided by 130 million shares gives earnings per share of 1.80 euros.
1403,calculations,"If revenue changes from 8,900 to 12,250 thousand pounds, the percentage change is +37.6%."
1404,calculations,"Discounting 57,000 dollars due in 4 years at an annual rate of 8% gives a present value of approximately 41,896.70 dollars."
1405,calculations,Net income of 688 million dollars divided by 461 million shares gives earnings per share of 1.49 dollars.
1406,comparative,"A government bond is a debt security, whereas an exchange-traded fund is a pooled investment vehicle."
1407,concepts,"In finance, raising policy interest rates is a common tool used by central banks to reduce inflation."
1408,calculations,"If earnings per share are 2.10 pounds and the share price is 99 pounds, the P/E ratio is approximately 47.1."
1409,calculations,Net income of 781 million dollars divided by 99 million shares gives earnings per share of 7.89 dollars.
1410,ratios,"In financial statement analysis, the dividend yield, defined as annual dividends per share divided by the share price, indicates the cash income return from holding a share."
1411,calculations,An annual dividend of 7.93 pounds on a share priced at 295 pounds gives a dividend yield of 2.69%.
1412,comparative,"A preferred stock is a hybrid security, whereas a certificate of deposit is a time deposit."
1413,instruments,"Regarding liquidity, a forward contract offers low liquidity."
1414,concepts,"As a general principle, the real interest rate is the nominal interest rate adjusted for inflation."
1415,calculations,"A loan of 265,000 pounds at a 4.5% annual rate, repaid monthly over 20 years, has a monthly payment of about 1,676.52 pounds."
1416,calculations,An annual dividend of 1.42 dollars on a share priced at 16 dollars gives a dividend yield of 8.88%.
1417,calculations,"If revenue changes from 800 to 885 thousand pounds, the percentage change is +10.6%."
1418,calculations,"If revenue changes from 8,850 to 10,401 thousand pounds, the percentage change is +17.5%."
1419,calculations,"A company with current assets of 660 thousand pounds and current liabilities of 2,040 thousand pounds has a current ratio of 0.32."
1420,calculations,A share priced at 18 dollars with earnings per share of 5.82 dollars has a price-to-earnings ratio of about 3.1.
1421,comparative,"A zero-coupon bond is a debt security, whereas a common stock is an equity security."
1422,comparative,"The return on a mortgage-backed security comes from principal and interest payments passed through from borrowers, while the return on a convertible bond comes from coupon payments plus the option to convert into shares."
1423,comparative,"The return on a futures contract comes from gains or losses from price changes in the underlying asset, while the return on a forward contract comes from gains or losses at settlement."
1424,concepts,"From a financial perspective, inflation is the general increase in prices and the fall in the purchasing power of money."
1425,ratios,The operating margin belongs to the family of profitability metrics.
1426,calculations,"A company with current assets of 2,120 thousand dollars and current liabilities of 1,320 thousand dollars has a current ratio of 1.61."
1427,calculations,"A company with net income of 24,600,000 euros and average equity of 411,300,000 euros has a return on equity of 6.0%."
1428,comparative,"The return on a corporate bond comes from periodic coupon payments, while the return on a government bond comes from periodic coupon payments."
1429,calculations,A nominal interest rate of 9% combined with 6% inflation implies a real interest rate of approximately 2.83%.
1430,calculations,"If revenue changes from 1,150 to 857 thousand pounds, the percentage change is -25.5%."
1431,calculations,"A loan of 260,000 euros at a 3.5% annual rate, repaid monthly over 5 years, has a monthly payment of about 4,729.85 euros."
1432,ratios,"In financial statement analysis, the payout ratio, defined as dividends divided by net income, indicates the share of earnings paid out to shareholders as dividends."
1433,calculations,"An investment of 35,500 dollars at 4% annual interest compounded annually grows to about 84,132.12 dollars after 22 years."
1434,calculations,"A loan of 25,000 pounds at a 7% annual rate, repaid monthly over 20 years, has a monthly payment of about 193.82 pounds."
1435,calculations,"If a 5% coupon bond with a 1,000 euros face value trades at 1,045 euros, its current yield is approximately 4.78%. The bond trades at a premium."
1436,ratios,The operating margin is calculated as operating income divided by revenue.
1437,calculations,An annual dividend of 5.20 pounds on a share priced at 12 pounds gives a dividend yield of 43.33%.
1438,concepts,"In economics and finance, future value is the amount an investment will grow to after earning interest over a given period."
1439,calculations,An annual dividend of 1.26 euros on a share priced at 61 euros gives a dividend yield of 2.07%.
1440,concepts,Simple interest is calculated only on the original principal.
1441,calculations,A nominal interest rate of 4% combined with 2.5% inflation implies a real interest rate of approximately 1.46%.
1442,concepts,"As a general principle, the accounting equation states that assets equal liabilities plus shareholders' equity."
1443,calculations,Net income of 424 million dollars divided by 64 million shares gives earnings per share of 6.62 dollars.
1444,calculations,"At a simple interest rate of 5% per year, a principal of 8,250 dollars earns 2,475.00 dollars in interest over 6 years."
1445,calculations,"With annual compounding at 6%, 20,500 euros becomes approximately 73,872.52 euros in 22 years."
1446,calculations,"An investment of 15,500 euros at 4.5% annual interest compounded annually grows to about 39,063.74 euros after 21 years."
1447,calculations,"An asset whose price moves from 3,700 to 3,909 euros has a return of +5.6%, excluding income."
1448,concepts,"As a general principle, the effective annual rate accounts for the effect of compounding within a year."
1449,instruments,"Regarding liquidity, a futures contract offers high liquidity for standardized contracts."
1450,comparative,"A certificate of deposit is a time deposit, whereas a government bond is a debt security."
1451,comparative,"The return on a preferred stock comes from fixed or floating dividends, while the return on a convertible bond comes from coupon payments plus the option to convert into shares."
1452,concepts,"In finance, present value is the current worth of a future cash flow discounted at an appropriate rate."
1453,concepts,"From a financial perspective, the loan-to-value ratio compares the size of a loan to the value of the asset securing it."
1454,instruments,"In terms of risk, a real estate investment trust carries moderate to high risk."
1455,calculations,"If a 6% coupon bond with a 1,000 dollars face value trades at 1,140 dollars, its current yield is approximately 5.26%. The bond trades at a premium."
1456,calculations,"A company with 336 million shares outstanding at a price of 416.42 pounds has a market capitalization of about 139,917.1 million pounds."
1457,comparative,"A call option is a derivative, whereas an exchange-traded fund is a pooled investment vehicle."
1458,concepts,"As a general principle, Payment services directives in the European Union regulate payment institutions and electronic payments."
1459,calculations,"A company with current assets of 150 thousand pounds and current liabilities of 5,000 thousand pounds has a current ratio of 0.03."
1460,comparative,"The return on a forward contract comes from gains or losses at settlement, while the return on an interest rate swap comes from net exchanged interest payments."
1461,calculations,An annual dividend of 4.85 euros on a share priced at 250 euros gives a dividend yield of 1.94%.
1462,concepts,"From a financial perspective, deflation is a sustained decrease in the general price level."
1463,comparative,"The return on a zero-coupon bond comes from the difference between the purchase price and face value, while the return on a convertible bond comes from coupon payments plus the option to convert into shares."
1464,concepts,Know your customer procedures require financial institutions to verify the identity of their clients.
1465,calculations,"A company with current assets of 220 thousand pounds and current liabilities of 1,980 thousand pounds has a current ratio of 0.11."
1466,calculations,A nominal interest rate of 6% combined with 4% inflation implies a real interest rate of approximately 1.92%.
1467,comparative,"The return on a certificate of deposit comes from fixed interest, while the return on a mutual fund comes from distributions and changes in net asset value."
1468,calculations,"Discounting 14,000 euros due in 5 years at an annual rate of 8% gives a present value of approximately 9,528.16 euros."
1469,comparative,"The return on a common stock comes from dividends and capital gains, while the return on a real estate investment trust comes from rental income distributions and price changes."
1470,concepts,"As a general principle, inflation is the general increase in prices and the fall in the purchasing power of money."
1471,calculations,"An investment of 38,000 euros at 2% annual interest compounded annually grows to about 48,193.19 euros after 12 years."
1472,comparative,"The return on a preferred stock comes from fixed or floating dividends, while the return on a treasury bill comes from the discount between the purchase price and face value."
1473,calculations,"With annual compounding at 8%, 20,000 pounds becomes approximately 100,676.67 pounds in 21 years."
1474,calculations,"With annual compounding at 1%, 50,000 euros becomes approximately 65,410.44 euros in 27 years."
1475,calculations,"Net income of 14,500,000 dollars on shareholders' equity of 89,700,000 dollars corresponds to a return on equity of about 16.2%."
1476,instruments,A key feature of a futures contract is that it obliges both parties to buy or sell an asset at a set price on a future date.
1477,concepts,"From a financial perspective, future value is the amount an investment will grow to after earning interest over a given period."
1478,concepts,The real interest rate is the nominal interest rate adjusted for inflation.
1479,calculations,"A bond with a face value of 1,000 euros, a 4% annual coupon, and a price of 920 euros has a current yield of about 4.35%. The bond trades at a discount."
1480,instruments,A real estate investment trust generates income through rental income distributions and price changes.
1481,comparative,"A preferred stock is a hybrid security, whereas a treasury bill is a money market instrument."
1482,calculations,"The monthly payment on a 5-year amortizing loan of 380,000 dollars at 6% annual interest is approximately 7,346.46 dollars."
1483,instruments,A corporate bond generates income through periodic coupon payments.
1484,calculations,"If a 7% coupon bond with a 1,000 euros face value trades at 900 euros, its current yield is approximately 7.78%. The bond trades at a discount."
1485,calculations,"A company with 823 million shares outstanding at a price of 73.37 dollars has a market capitalization of about 60,383.5 million dollars."
1486,concepts,"As a general principle, the payback period is the time required for cumulative cash flows to recover the initial investment."
1487,calculations,"The present value of 38,000 dollars received in 4 years, discounted at 10% per year, is about 25,954.51 dollars."
1488,calculations,An annual dividend of 7.42 dollars on a share priced at 270 dollars gives a dividend yield of 2.75%.
1489,calculations,"A company with 764 million shares outstanding at a price of 4.37 dollars has a market capitalization of about 3,338.7 million dollars."
1490,calculations,"A company with net income of 20,300,000 pounds and average equity of 256,000,000 pounds has a return on equity of 7.9%."
1491,instruments,The money market fund is classified as a pooled investment vehicle.
1492,calculations,"Net income of 14,400,000 dollars on shareholders' equity of 58,000,000 dollars corresponds to a return on equity of about 24.8%."
1493,concepts,"As a general principle, standard deviation of returns is a common measure of investment volatility."
1494,concepts,Liquidity risk is the risk that an asset cannot be sold quickly without a significant price concession.
1495,calculations,"The present value of 40,000 pounds received in 15 years, discounted at 3% per year, is about 25,674.48 pounds."
1496,calculations,An annual dividend of 2.47 dollars on a share priced at 178 dollars gives a dividend yield of 1.39%.
1497,calculations,"At a simple interest rate of 3% per year, a principal of 18,750 euros earns 3,375.00 euros in interest over 6 years."
1498,calculations,"A company with 153 million shares outstanding at a price of 317.85 dollars has a market capitalization of about 48,631.1 million dollars."
1499,calculations,"An asset whose price moves from 350 to 255 dollars has a return of -27.1%, excluding income."
1500,comparative,"A corporate bond is a debt security, whereas a convertible bond is a hybrid security."
1501,comparative,"The return on a government bond comes from periodic coupon payments, while the return on an exchange-traded fund comes from distributions and price changes."
1502,calculations,An annual dividend of 4.61 pounds on a share priced at 62 pounds gives a dividend yield of 7.44%.
1503,calculations,"With annual compounding at 5%, 15,000 dollars becomes approximately 64,829.14 dollars in 30 years."
1504,calculations,"An asset whose price moves from 1,950 to 2,634 pounds has a return of +35.1%, excluding income."
1505,calculations,"A company with 876 million shares outstanding at a price of 266.95 dollars has a market capitalization of about 233,848.2 million dollars."
1506,calculations,"At a simple interest rate of 6% per year, a principal of 7,500 euros earns 3,600.00 euros in interest over 8 years."
1507,concepts,"In economics and finance, an inverted yield curve occurs when short-term yields exceed long-term yields."
1508,concepts,"From a financial perspective, a bond trading below its face value is said to trade at a discount."
1509,calculations,An annual dividend of 2.90 dollars on a share priced at 10 dollars gives a dividend yield of 29.00%.
1510,calculations,"A company with 353 million shares outstanding at a price of 76.47 euros has a market capitalization of about 26,993.9 million euros."
1511,calculations,"A company with 873 million shares outstanding at a price of 46.64 pounds has a market capitalization of about 40,716.7 million pounds."
1512,concepts,"In economics and finance, value at risk estimates the potential loss of a portfolio over a given period at a given confidence level."
1513,calculations,An annual dividend of 2.61 dollars on a share priced at 124 dollars gives a dividend yield of 2.10%.
1514,comparative,"The return on a money market fund comes from short-term interest income, while the return on a government bond comes from periodic coupon payments."
1515,comparative,"The return on a real estate investment trust comes from rental income distributions and price changes, while the return on a treasury bill comes from the discount between the purchase price and face value."
1516,calculations,"An investment of 17,500 euros at 5% annual interest compounded annually grows to about 51,192.06 euros after 22 years."
1517,calculations,"The monthly payment on a 10-year amortizing loan of 210,000 dollars at 4% annual interest is approximately 2,126.15 dollars."
1518,calculations,An annual dividend of 9.97 euros on a share priced at 87 euros gives a dividend yield of 11.46%.
1519,calculations,"Simple interest on 6,750 euros at 4% for 1 years amounts to 270.00 euros."
1520,calculations,"A loan of 120,000 pounds at a 5% annual rate, repaid monthly over 30 years, has a monthly payment of about 644.19 pounds."
1521,calculations,Net income of 882 million euros divided by 487 million shares gives earnings per share of 1.81 euros.
1522,calculations,"A company with net income of 26,200,000 euros and average equity of 294,200,000 euros has a return on equity of 8.9%."
1523,calculations,"The present value of 15,000 pounds received in 6 years, discounted at 6% per year, is about 10,574.41 pounds."
1524,calculations,"At a simple interest rate of 6% per year, a principal of 12,500 pounds earns 3,750.00 pounds in interest over 5 years."
1525,calculations,"A company with net income of 16,200,000 dollars and average equity of 322,600,000 dollars has a return on equity of 5.0%."
1526,instruments,"Regarding the real estate investment trust, its value is sensitive to interest rates and property markets."
1527,concepts,The accounting equation states that assets equal liabilities plus shareholders' equity.
1528,calculations,"Discounting 59,000 pounds due in 2 years at an annual rate of 3% gives a present value of approximately 55,613.16 pounds."
1529,concepts,"From a financial perspective, a primary market is where securities are issued and sold for the first time."
1530,comparative,"A mortgage-backed security is an asset-backed security, whereas a futures contract is a derivative."
1531,calculations,"A bond with a face value of 1,000 euros, a 7% annual coupon, and a price of 1,140 euros has a current yield of about 6.14%. The bond trades at a premium."
1532,comparative,"A convertible bond is a hybrid security, whereas a call option is a derivative."
1533,calculations,"Simple interest on 13,000 euros at 3% for 7 years amounts to 2,730.00 euros."
1534,comparative,"A zero-coupon bond is a debt security, whereas an interest rate swap is a derivative."
1535,calculations,An annual dividend of 1.71 euros on a share priced at 276 euros gives a dividend yield of 0.62%.
1536,calculations,"If earnings per share are 12.37 dollars and the share price is 26 dollars, the P/E ratio is approximately 2.1."
1537,calculations,"Simple interest on 2,000 euros at 5% for 9 years amounts to 900.00 euros."
1538,calculations,An annual dividend of 5.29 euros on a share priced at 67 euros gives a dividend yield of 7.90%.
1539,comparative,"The return on a call option comes from payoff when the underlying price rises above the strike price, while the return on a government bond comes from periodic coupon payments."
1540,comparative,"The return on a futures contract comes from gains or losses from price changes in the underlying asset, while the return on a money market fund comes from short-term interest income."
1541,comparative,"The return on a futures contract comes from gains or losses from price changes in the underlying asset, while the return on a real estate investment trust comes from rental income distributions and price changes."
1542,ratios,Analysts use the gross margin to assess the share of revenue remaining after the cost of goods sold.
1543,calculations,"Discounting 44,000 euros due in 10 years at an annual rate of 6% gives a present value of approximately 24,569.37 euros."
1544,calculations,"At a simple interest rate of 5% per year, a principal of 16,500 pounds earns 6,600.00 pounds in interest over 8 years."
1545,comparative,"The return on a convertible bond comes from coupon payments plus the option to convert into shares, while the return on a mutual fund comes from distributions and changes in net asset value."
1546,calculations,"An investment of 7,500 pounds at 2.5% annual interest compounded annually grows to about 13,234.58 pounds after 23 years."
1547,calculations,An annual dividend of 5.09 dollars on a share priced at 134 dollars gives a dividend yield of 3.80%.
1548,instruments,The government bond is classified as a debt security.
1549,comparative,"The return on a mutual fund comes from distributions and changes in net asset value, while the return on a put option comes from payoff when the underlying price falls below the strike price."
1550,ratios,The gross margin measures the share of revenue remaining after the cost of goods sold.
1551,instruments,"Regarding liquidity, a real estate investment trust offers high liquidity when listed."
1552,concepts,"In economics and finance, the balance sheet reports a company's assets, liabilities, and equity at a specific point in time."
1553,calculations,"A loan of 295,000 euros at a 3.5% annual rate, repaid monthly over 5 years, has a monthly payment of about 5,366.56 euros."
1554,calculations,"Net income of 39,000,000 dollars on shareholders' equity of 599,800,000 dollars corresponds to a return on equity of about 6.5%."
1555,comparative,"A futures contract is a derivative, whereas a real estate investment trust is a pooled investment vehicle."
1556,calculations,Net income of 556 million euros divided by 226 million shares gives earnings per share of 2.46 euros.
1557,calculations,"If earnings per share are 9.55 euros and the share price is 42 euros, the P/E ratio is approximately 4.4."
1558,calculations,An annual dividend of 1.92 euros on a share priced at 292 euros gives a dividend yield of 0.66%.
1559,calculations,A nominal interest rate of 2% combined with 4% inflation implies a real interest rate of approximately -1.92%.
1560,comparative,"The return on a preferred stock comes from fixed or floating dividends, while the return on a common stock comes from dividends and capital gains."
1561,comparative,"The return on an exchange-traded fund comes from distributions and price changes, while the return on a money market fund comes from short-term interest income."
1562,calculations,"Net income of 10,200,000 euros on shareholders' equity of 203,400,000 euros corresponds to a return on equity of about 5.0%."
1563,calculations,"A company with 817 million shares outstanding at a price of 99.84 dollars has a market capitalization of about 81,569.3 million dollars."
1564,calculations,"If earnings per share are 13.90 pounds and the share price is 172 pounds, the P/E ratio is approximately 12.4."
1565,calculations,"Net income of 27,200,000 euros on shareholders' equity of 168,300,000 euros corresponds to a return on equity of about 16.2%."
1566,concepts,"In economics and finance, market capitalization equals the share price multiplied by the number of shares outstanding."
1567,calculations,"A company with current assets of 2,710 thousand dollars and current liabilities of 2,680 thousand dollars has a current ratio of 1.01."
1568,calculations,"A company with net income of 28,900,000 pounds and average equity of 263,000,000 pounds has a return on equity of 11.0%."
1569,calculations,"Discounting 63,000 euros due in 9 years at an annual rate of 3% gives a present value of approximately 48,284.25 euros."
1570,calculations,"A company with current assets of 680 thousand dollars and current liabilities of 4,150 thousand dollars has a current ratio of 0.16."
1571,calculations,"If a 7% coupon bond with a 1,000 dollars face value trades at 1,110 dollars, its current yield is approximately 6.31%. The bond trades at a premium."
1572,calculations,Net income of 16 million euros divided by 145 million shares gives earnings per share of 0.11 euros.
1573,calculations,"A company with current assets of 3,450 thousand euros and current liabilities of 450 thousand euros has a current ratio of 7.67."
1574,concepts,"In economics and finance, collateral is an asset pledged by a borrower to secure a loan."
1575,calculations,"At a simple interest rate of 6% per year, a principal of 13,000 pounds earns 4,680.00 pounds in interest over 6 years."
1576,instruments,"Regarding the forward contract, it is a customized agreement to exchange an asset at a set price on a future date."
1577,calculations,"A company with net income of 11,500,000 dollars and average equity of 151,000,000 dollars has a return on equity of 7.6%."
1578,calculations,An annual dividend of 0.17 dollars on a share priced at 73 dollars gives a dividend yield of 0.23%.
1579,calculations,"A company with current assets of 2,270 thousand euros and current liabilities of 2,090 thousand euros has a current ratio of 1.09."
1580,calculations,An annual dividend of 7.26 euros on a share priced at 179 euros gives a dividend yield of 4.06%.
1581,instruments,"A key feature of a call option is that it gives its holder the right, but not the obligation, to buy the underlying asset at the strike price."
1582,concepts,"In finance, the capital asset pricing model relates an asset's expected return to its systematic risk, measured by beta."
1583,calculations,"A loan of 85,000 euros at a 4% annual rate, repaid monthly over 25 years, has a monthly payment of about 448.66 euros."
1584,concepts,"As a general principle, inflation risk is the risk that rising prices erode the purchasing power of returns."
1585,calculations,"A company with 68 million shares outstanding at a price of 465.36 pounds has a market capitalization of about 31,644.5 million pounds."
1586,calculations,"With a nominal return of 6% and inflation of 1.5%, the real return is about 4.43% using the exact Fisher relation."
1587,calculations,"The monthly payment on a 15-year amortizing loan of 195,000 dollars at 3% annual interest is approximately 1,346.63 dollars."
1588,instruments,A key feature of a mortgage-backed security is that it played a central role in the global financial crisis of 2007 to 2009.
1589,comparative,"A government bond is a debt security, whereas a certificate of deposit is a time deposit."
1590,instruments,"Regarding the common stock, in liquidation its holders are paid only after creditors and preferred shareholders."
1591,calculations,"Simple interest on 1,750 dollars at 3% for 1 years amounts to 52.50 dollars."
1592,calculations,"If a 3% coupon bond with a 1,000 euros face value trades at 875 euros, its current yield is approximately 3.43%. The bond trades at a discount."
1593,calculations,"Net income of 30,900,000 euros on shareholders' equity of 365,500,000 euros corresponds to a return on equity of about 8.5%."
1594,calculations,"A company with current assets of 550 thousand dollars and current liabilities of 1,600 thousand dollars has a current ratio of 0.34."
1595,calculations,"The future value of 22,500 pounds invested for 8 years at a 2% annual rate, compounded yearly, is about 26,362.34 pounds."
1596,calculations,A nominal interest rate of 4% combined with 1.5% inflation implies a real interest rate of approximately 2.46%.
1597,calculations,"A company with current assets of 3,090 thousand dollars and current liabilities of 3,040 thousand dollars has a current ratio of 1.02."
1598,concepts,"In economics and finance, a limit order is executed only at a specified price or better."
1599,concepts,Standard deviation of returns is a common measure of investment volatility.
1600,calculations,"The present value of 65,000 dollars received in 19 years, discounted at 6% per year, is about 21,483.35 dollars."
1601,calculations,"A company with current assets of 4,680 thousand euros and current liabilities of 1,240 thousand euros has a current ratio of 3.77."
1602,calculations,"If revenue changes from 8,050 to 5,834 thousand dollars, the percentage change is -27.5%."
1603,calculations,"A loan of 275,000 dollars at a 4% annual rate, repaid monthly over 3 years, has a monthly payment of about 8,119.10 dollars."
1604,calculations,"A company with current assets of 3,540 thousand dollars and current liabilities of 4,910 thousand dollars has a current ratio of 0.72."
1605,comparative,"The return on a convertible bond comes from coupon payments plus the option to convert into shares, while the return on an interest rate swap comes from net exchanged interest payments."
1606,concepts,"In economics and finance, a primary market is where securities are issued and sold for the first time."
1607,calculations,"If a 5% coupon bond with a 1,000 pounds face value trades at 880 pounds, its current yield is approximately 5.68%. The bond trades at a discount."
1608,comparative,"A convertible bond is a hybrid security, whereas a mutual fund is a pooled investment vehicle."
1609,calculations,A share priced at 243 euros with earnings per share of 12.07 euros has a price-to-earnings ratio of about 20.1.
1610,comparative,"A forward contract is a derivative, whereas a common stock is an equity security."
1611,calculations,"The present value of 31,000 dollars received in 18 years, discounted at 2% per year, is about 21,704.94 dollars."
1612,comparative,"An exchange-traded fund is a pooled investment vehicle, whereas a government bond is a debt security."
1613,comparative,"The return on a treasury bill comes from the discount between the purchase price and face value, while the return on an interest rate swap comes from net exchanged interest payments."
1614,concepts,An initial public offering is the first sale of a company's shares to the public.
1615,calculations,"Net income of 4,000,000 pounds on shareholders' equity of 63,900,000 pounds corresponds to a return on equity of about 6.3%."
1616,calculations,"Simple interest on 5,000 pounds at 4% for 7 years amounts to 1,400.00 pounds."
1617,calculations,"A company with current assets of 2,790 thousand dollars and current liabilities of 4,130 thousand dollars has a current ratio of 0.68."
1618,concepts,"In finance, accrual accounting records revenues when earned and expenses when incurred, regardless of cash movements."
1619,concepts,"From a financial perspective, Know your customer procedures require financial institutions to verify the identity of their clients."
1620,comparative,"The return on a real estate investment trust comes from rental income distributions and price changes, while the return on a preferred stock comes from fixed or floating dividends."
1621,calculations,"If earnings per share are 2.82 pounds and the share price is 162 pounds, the P/E ratio is approximately 57.4."
1622,calculations,"A company with current assets of 3,400 thousand dollars and current liabilities of 490 thousand dollars has a current ratio of 6.94."
1623,concepts,"As a general principle, the weighted average cost of capital is the average rate a company pays to finance its assets, weighted by the proportion of debt and equity."
1624,calculations,"A loan of 85,000 euros at a 4% annual rate, repaid monthly over 3 years, has a monthly payment of about 2,509.54 euros."
1625,calculations,"A company with current assets of 4,580 thousand pounds and current liabilities of 4,020 thousand pounds has a current ratio of 1.14."
1626,comparative,"The return on a real estate investment trust comes from rental income distributions and price changes, while the return on a government bond comes from periodic coupon payments."
1627,calculations,"An investment of 43,500 pounds at 3.5% annual interest compounded annually grows to about 75,428.39 pounds after 16 years."
1628,calculations,"A company with current assets of 4,550 thousand dollars and current liabilities of 4,020 thousand dollars has a current ratio of 1.13."
1629,comparative,"The return on a forward contract comes from gains or losses at settlement, while the return on a mortgage-backed security comes from principal and interest payments passed through from borrowers."
1630,ratios,"In financial statement analysis, the inventory turnover, defined as cost of goods sold divided by average inventory, indicates how many times inventory is sold and replaced during a period."
1631,calculations,A share priced at 108 pounds with earnings per share of 6.13 pounds has a price-to-earnings ratio of about 17.6.
1632,calculations,"Discounting 43,000 euros due in 3 years at an annual rate of 5% gives a present value of approximately 37,145.02 euros."
1633,calculations,"At a simple interest rate of 2% per year, a principal of 14,500 euros earns 2,900.00 euros in interest over 10 years."
1634,comparative,"A government bond is a debt security, whereas an interest rate swap is a derivative."
1635,calculations,"If earnings per share are 6.27 dollars and the share price is 70 dollars, the P/E ratio is approximately 11.2."
1636,concepts,Fractional reserve banking allows banks to lend out a portion of their deposits.
1637,comparative,"The return on a money market fund comes from short-term interest income, while the return on a zero-coupon bond comes from the difference between the purchase price and face value."
1638,calculations,"With a nominal return of 7% and inflation of 1.5%, the real return is about 5.42% using the exact Fisher relation."
1639,ratios,The payout ratio is a dividend policy ratio.
1640,concepts,"As a general principle, amortizing loans repay both principal and interest through scheduled payments."
1641,calculations,"A company with 504 million shares outstanding at a price of 143.25 euros has a market capitalization of about 72,198.0 million euros."
1642,calculations,"If revenue changes from 9,100 to 5,871 thousand euros, the percentage change is -35.5%."
1643,calculations,"A company with 733 million shares outstanding at a price of 162.09 pounds has a market capitalization of about 118,812.0 million pounds."
1644,concepts,The efficient market hypothesis states that asset prices reflect all available information.
1645,calculations,"A company with current assets of 4,520 thousand dollars and current liabilities of 2,660 thousand dollars has a current ratio of 1.70."
1646,calculations,"The future value of 31,500 euros invested for 21 years at a 2.5% annual rate, compounded yearly, is about 52,906.83 euros."
1647,comparative,"A common stock is an equity security, whereas a convertible bond is a hybrid security."
1648,calculations,"A loan of 390,000 dollars at a 3% annual rate, repaid monthly over 3 years, has a monthly payment of about 11,341.67 dollars."
1649,calculations,An annual dividend of 9.04 dollars on a share priced at 122 dollars gives a dividend yield of 7.41%.
1650,calculations,"Net income of 14,500,000 euros on shareholders' equity of 50,700,000 euros corresponds to a return on equity of about 28.6%."
1651,calculations,"A company with net income of 32,200,000 euros and average equity of 533,100,000 euros has a return on equity of 6.0%."
1652,calculations,Net income of 242 million euros divided by 226 million shares gives earnings per share of 1.07 euros.
1653,comparative,"A corporate bond is a debt security, whereas a preferred stock is a hybrid security."
1654,calculations,"The present value of 17,000 dollars received in 9 years, discounted at 4% per year, is about 11,943.97 dollars."
1655,calculations,"With annual compounding at 6%, 7,000 euros becomes approximately 10,525.41 euros in 7 years."
1656,comparative,"The return on an interest rate swap comes from net exchanged interest payments, while the return on a corporate bond comes from periodic coupon payments."
1657,calculations,"If revenue changes from 7,100 to 5,626 thousand euros, the percentage change is -20.8%."
1658,calculations,An annual dividend of 3.70 dollars on a share priced at 252 dollars gives a dividend yield of 1.47%.
1659,instruments,The corporate bond is classified as a debt security.
1660,concepts,"As a general principle, a market order is executed immediately at the best available price."
1661,calculations,"The monthly payment on a 15-year amortizing loan of 75,000 euros at 4.5% annual interest is approximately 573.74 euros."
1662,calculations,"The present value of 31,000 dollars received in 5 years, discounted at 10% per year, is about 19,248.56 dollars."
1663,concepts,"In finance, an asset with a beta greater than one tends to move more than the market."
1664,comparative,"A certificate of deposit is a time deposit, whereas a forward contract is a derivative."
1665,calculations,"With annual compounding at 8%, 45,000 euros becomes approximately 83,291.86 euros in 8 years."
1666,calculations,"A company with current assets of 3,610 thousand euros and current liabilities of 4,990 thousand euros has a current ratio of 0.72."
1667,concepts,"From a financial perspective, hedging is the use of financial instruments to reduce exposure to a specific risk."
1668,instruments,An interest rate swap is a derivative.
1669,calculations,"The monthly payment on a 20-year amortizing loan of 65,000 pounds at 7% annual interest is approximately 503.94 pounds."
1670,comparative,"The return on a call option comes from payoff when the underlying price rises above the strike price, while the return on a corporate bond comes from periodic coupon payments."
1671,calculations,"If earnings per share are 13.36 pounds and the share price is 207 pounds, the P/E ratio is approximately 15.5."
1672,calculations,Net income of 45 million dollars divided by 428 million shares gives earnings per share of 0.11 dollars.
1673,calculations,Net income of 800 million dollars divided by 201 million shares gives earnings per share of 3.98 dollars.
1674,instruments,"Regarding the zero-coupon bond, its price is especially sensitive to changes in interest rates."
1675,concepts,"In economics and finance, Modern portfolio theory was developed by Harry Markowitz in the 1950s."
1676,calculations,"If revenue changes from 1,550 to 1,282 thousand dollars, the percentage change is -17.3%."
1677,comparative,"The return on a futures contract comes from gains or losses from price changes in the underlying asset, while the return on an exchange-traded fund comes from distributions and price changes."
1678,calculations,"A company with net income of 39,500,000 euros and average equity of 636,200,000 euros has a return on equity of 6.2%."
1679,ratios,The inventory turnover belongs to the family of efficiency metrics.
1680,comparative,"The return on a futures contract comes from gains or losses from price changes in the underlying asset, while the return on a mortgage-backed security comes from principal and interest payments passed through from borrowers."
1681,calculations,"Net income of 43,500,000 euros on shareholders' equity of 365,500,000 euros corresponds to a return on equity of about 11.9%."
1682,instruments,The certificate of deposit is classified as a time deposit.
1683,concepts,"In finance, the efficient frontier represents portfolios that offer the highest expected return for each level of risk."
1684,calculations,"A company with 468 million shares outstanding at a price of 370.15 pounds has a market capitalization of about 173,230.2 million pounds."
1685,calculations,"With annual compounding at 6%, 27,000 pounds becomes approximately 86,592.66 pounds in 20 years."
1686,calculations,"An investment of 8,000 dollars at 7% annual interest compounded annually grows to about 60,898.04 dollars after 30 years."
1687,ratios,Analysts use the days sales outstanding to assess the average number of days needed to collect payment from customers.
1688,calculations,"At a simple interest rate of 6% per year, a principal of 2,750 pounds earns 1,650.00 pounds in interest over 10 years."
1689,instruments,"Investors in a put option face high risk for the buyer, whose maximum loss is the premium."
1690,concepts,Currency risk arises when the value of an investment changes because of exchange rate movements.
1691,calculations,"If a 2% coupon bond with a 1,000 euros face value trades at 1,030 euros, its current yield is approximately 1.94%. The bond trades at a premium."
1692,calculations,Net income of 169 million dollars divided by 495 million shares gives earnings per share of 0.34 dollars.
1693,concepts,The Basel Accords are international standards for bank capital and liquidity regulation.
1694,calculations,"An asset whose price moves from 7,400 to 4,690 pounds has a return of -36.6%, excluding income."
1695,calculations,"Net income of 24,500,000 euros on shareholders' equity of 121,700,000 euros corresponds to a return on equity of about 20.1%."
1696,ratios,"In financial statement analysis, the quick ratio, defined as current assets minus inventories, divided by current liabilities, indicates short-term liquidity without relying on the sale of inventory."
1697,calculations,"A company with 46 million shares outstanding at a price of 57.65 pounds has a market capitalization of about 2,651.9 million pounds."
1698,concepts,"In finance, convexity describes how a bond's duration changes as interest rates change."
1699,calculations,"A company with current assets of 1,440 thousand dollars and current liabilities of 4,750 thousand dollars has a current ratio of 0.30."
1700,comparative,"A certificate of deposit is a time deposit, whereas a put option is a derivative."
1701,comparative,"The return on a convertible bond comes from coupon payments plus the option to convert into shares, while the return on a real estate investment trust comes from rental income distributions and price changes."
1702,concepts,Bond prices fall when market interest rates rise.
1703,comparative,"The return on a treasury bill comes from the discount between the purchase price and face value, while the return on a put option comes from payoff when the underlying price falls below the strike price."
1704,comparative,"A forward contract is a derivative, whereas a zero-coupon bond is a debt security."
1705,calculations,An annual dividend of 6.27 dollars on a share priced at 52 dollars gives a dividend yield of 12.06%.
1706,calculations,"A company with 753 million shares outstanding at a price of 492.28 euros has a market capitalization of about 370,686.8 million euros."
1707,calculations,"The present value of 18,000 dollars received in 8 years, discounted at 5% per year, is about 12,183.11 dollars."
1708,calculations,"A company with current assets of 3,100 thousand dollars and current liabilities of 1,980 thousand dollars has a current ratio of 1.57."
1709,calculations,"The present value of 29,000 dollars received in 2 years, discounted at 8% per year, is about 24,862.83 dollars."
1710,calculations,A nominal interest rate of 2% combined with 1% inflation implies a real interest rate of approximately 0.99%.
1711,calculations,"At a simple interest rate of 6% per year, a principal of 13,000 pounds earns 3,900.00 pounds in interest over 5 years."
1712,comparative,"A real estate investment trust is a pooled investment vehicle, whereas a common stock is an equity security."
1713,calculations,"Discounting 5,000 pounds due in 15 years at an annual rate of 3% gives a present value of approximately 3,209.31 pounds."
1714,calculations,An annual dividend of 2.76 euros on a share priced at 209 euros gives a dividend yield of 1.32%.
1715,calculations,An annual dividend of 9.45 pounds on a share priced at 64 pounds gives a dividend yield of 14.77%.
1716,calculations,A share priced at 25 dollars with earnings per share of 3.75 dollars has a price-to-earnings ratio of about 6.7.
1717,concepts,The bid-ask spread is the difference between the highest price a buyer will pay and the lowest price a seller will accept.
1718,calculations,"If revenue changes from 7,450 to 8,815 thousand pounds, the percentage change is +18.3%."
1719,calculations,Net income of 708 million dollars divided by 472 million shares gives earnings per share of 1.50 dollars.
1720,comparative,"A mortgage-backed security is an asset-backed security, whereas a zero-coupon bond is a debt security."
1721,calculations,"At a simple interest rate of 4% per year, a principal of 18,750 euros earns 4,500.00 euros in interest over 6 years."
1722,calculations,"The future value of 39,000 dollars invested for 14 years at a 1.5% annual rate, compounded yearly, is about 48,038.47 dollars."
1723,calculations,A nominal interest rate of 9% combined with 4% inflation implies a real interest rate of approximately 4.81%.
1724,ratios,"In financial statement analysis, the current ratio, defined as current assets divided by current liabilities, indicates a company's ability to meet short-term obligations."
1725,concepts,"From a financial perspective, fiscal policy refers to government decisions on taxation and public spending."
1726,calculations,"A company with 270 million shares outstanding at a price of 459.72 pounds has a market capitalization of about 124,124.4 million pounds."
1727,calculations,"With a nominal return of 9% and inflation of 3%, the real return is about 5.83% using the exact Fisher relation."
1728,concepts,"International Financial Reporting Standards are accounting standards used in many countries, including the European Union."
1729,calculations,"With a nominal return of 6% and inflation of 6%, the real return is about 0.00% using the exact Fisher relation."
1730,comparative,"The return on a put option comes from payoff when the underlying price falls below the strike price, while the return on a treasury bill comes from the discount between the purchase price and face value."
1731,comparative,"The return on a futures contract comes from gains or losses from price changes in the underlying asset, while the return on a corporate bond comes from periodic coupon payments."
1732,concepts,"In finance, a bull market is a period of generally rising prices."
1733,calculations,"Discounting 51,000 euros due in 16 years at an annual rate of 2% gives a present value of approximately 37,150.74 euros."
1734,concepts,Amortization allocates the cost of an intangible asset over its useful life.
1735,calculations,"A company with net income of 32,800,000 euros and average equity of 274,900,000 euros has a return on equity of 11.9%."
1736,comparative,"A common stock is an equity security, whereas a mortgage-backed security is an asset-backed security."
1737,calculations,An annual dividend of 6.52 dollars on a share priced at 287 dollars gives a dividend yield of 2.27%.
1738,calculations,"A company with 463 million shares outstanding at a price of 311.66 pounds has a market capitalization of about 144,298.6 million pounds."
1739,calculations,"If revenue changes from 5,050 to 4,401 thousand euros, the percentage change is -12.9%."
1740,concepts,Working capital equals current assets minus current liabilities.
1741,instruments,The mutual fund is classified as a pooled investment vehicle.
1742,concepts,Inflation risk is the risk that rising prices erode the purchasing power of returns.
1743,calculations,"The present value of 40,000 pounds received in 14 years, discounted at 6% per year, is about 17,692.04 pounds."
1744,concepts,"In economics and finance, the internal rate of return is the discount rate at which a project's net present value equals zero."
1745,calculations,An annual dividend of 7.97 euros on a share priced at 261 euros gives a dividend yield of 3.05%.
1746,calculations,"A company with net income of 1,400,000 pounds and average equity of 5,900,000 pounds has a return on equity of 23.7%."
1747,instruments,Investors in an interest rate swap face counterparty risk and interest rate risk.
1748,concepts,"In economics and finance, International Financial Reporting Standards are accounting standards used in many countries, including the European Union."
1749,calculations,"A company with 196 million shares outstanding at a price of 309.22 pounds has a market capitalization of about 60,607.1 million pounds."
1750,calculations,"If a 6% coupon bond with a 1,000 pounds face value trades at 1,010 pounds, its current yield is approximately 5.94%. The bond trades at a premium."
1751,calculations,Net income of 329 million pounds divided by 342 million shares gives earnings per share of 0.96 pounds.
1752,calculations,"A company with 867 million shares outstanding at a price of 264.73 euros has a market capitalization of about 229,520.9 million euros."
1753,calculations,"With a nominal return of 7% and inflation of 3%, the real return is about 3.88% using the exact Fisher relation."
1754,calculations,"If a 3% coupon bond with a 1,000 euros face value trades at 1,065 euros, its current yield is approximately 2.82%. The bond trades at a premium."
1755,comparative,"A futures contract is a derivative, whereas an exchange-traded fund is a pooled investment vehicle."
1756,calculations,"A company with current assets of 2,730 thousand pounds and current liabilities of 4,990 thousand pounds has a current ratio of 0.55."
1757,calculations,"Simple interest on 16,750 pounds at 4% for 4 years amounts to 2,680.00 pounds."
1758,calculations,"A company with current assets of 2,300 thousand euros and current liabilities of 2,420 thousand euros has a current ratio of 0.95."
1759,calculations,"Discounting 83,000 euros due in 18 years at an annual rate of 4% gives a present value of approximately 40,971.13 euros."
1760,calculations,An annual dividend of 6.70 dollars on a share priced at 48 dollars gives a dividend yield of 13.96%.
1761,comparative,"The return on an interest rate swap comes from net exchanged interest payments, while the return on a call option comes from payoff when the underlying price rises above the strike price."
1762,instruments,Investors in a treasury bill face very low risk.
1763,calculations,"An investment of 30,000 euros at 6% annual interest compounded annually grows to about 60,365.89 euros after 12 years."
1764,concepts,"As a general principle, an asset with a beta greater than one tends to move more than the market."
1765,calculations,An annual dividend of 5.71 dollars on a share priced at 176 dollars gives a dividend yield of 3.24%.
1766,calculations,"Simple interest on 11,000 dollars at 2% for 4 years amounts to 880.00 dollars."
1767,comparative,"A treasury bill is a money market instrument, whereas a mortgage-backed security is an asset-backed security."
1768,calculations,A nominal interest rate of 7% combined with 6% inflation implies a real interest rate of approximately 0.94%.
1769,calculations,Net income of 102 million euros divided by 46 million shares gives earnings per share of 2.22 euros.
1770,calculations,"If revenue changes from 9,400 to 14,474 thousand dollars, the percentage change is +54.0%."
1771,concepts,"As a general principle, simple interest is calculated only on the original principal."
1772,calculations,"Simple interest on 13,250 dollars at 6% for 2 years amounts to 1,590.00 dollars."
1773,calculations,Net income of 864 million dollars divided by 298 million shares gives earnings per share of 2.90 dollars.
1774,calculations,"A company with net income of 16,800,000 pounds and average equity of 110,800,000 pounds has a return on equity of 15.2%."
1775,calculations,"A company with 148 million shares outstanding at a price of 91.12 dollars has a market capitalization of about 13,485.8 million dollars."
1776,concepts,"As a general principle, net present value is the sum of the present values of all cash inflows and outflows of a project."
1777,comparative,"A put option is a derivative, whereas a convertible bond is a hybrid security."
1778,calculations,An annual dividend of 4.83 pounds on a share priced at 81 pounds gives a dividend yield of 5.96%.
1779,calculations,"If a 4% coupon bond with a 1,000 euros face value trades at 855 euros, its current yield is approximately 4.68%. The bond trades at a discount."
1780,concepts,"In finance, arbitrage is the simultaneous purchase and sale of an asset to profit from a price difference."
1781,calculations,A share priced at 51 pounds with earnings per share of 2.56 pounds has a price-to-earnings ratio of about 19.9.
1782,comparative,"A money market fund is a pooled investment vehicle, whereas a forward contract is a derivative."
1783,comparative,"A futures contract is a derivative, whereas a mortgage-backed security is an asset-backed security."
1784,calculations,"A company with net income of 29,200,000 pounds and average equity of 201,900,000 pounds has a return on equity of 14.5%."
1785,ratios,"In financial statement analysis, the cash ratio, defined as cash and cash equivalents divided by current liabilities, indicates the ability to pay short-term liabilities using only cash."
1786,calculations,"At a simple interest rate of 4% per year, a principal of 11,000 dollars earns 3,960.00 dollars in interest over 9 years."
1787,calculations,"With a nominal return of 4% and inflation of 6%, the real return is about -1.89% using the exact Fisher relation."
1788,calculations,"The present value of 96,000 dollars received in 11 years, discounted at 10% per year, is about 33,647.41 dollars."
1789,calculations,"Net income of 40,300,000 euros on shareholders' equity of 332,800,000 euros corresponds to a return on equity of about 12.1%."
1790,calculations,"Simple interest on 1,250 euros at 4% for 5 years amounts to 250.00 euros."
1791,calculations,"A company with 575 million shares outstanding at a price of 49.27 pounds has a market capitalization of about 28,330.2 million pounds."
1792,calculations,"Net income of 41,200,000 euros on shareholders' equity of 437,600,000 euros corresponds to a return on equity of about 9.4%."
1793,instruments,A money market fund is a pooled investment vehicle.
1794,instruments,"In terms of risk, a mutual fund carries risk that depends on its underlying holdings."
1795,calculations,"At a simple interest rate of 2% per year, a principal of 4,250 euros earns 680.00 euros in interest over 8 years."
1796,comparative,"The return on a money market fund comes from short-term interest income, while the return on a mortgage-backed security comes from principal and interest payments passed through from borrowers."
1797,calculations,A share priced at 183 euros with earnings per share of 3.41 euros has a price-to-earnings ratio of about 53.7.
1798,calculations,"If a 6% coupon bond with a 1,000 euros face value trades at 1,125 euros, its current yield is approximately 5.33%. The bond trades at a premium."
1799,calculations,"If revenue changes from 8,600 to 9,495 thousand pounds, the percentage change is +10.4%."
1800,calculations,"If earnings per share are 10.21 euros and the share price is 60 euros, the P/E ratio is approximately 5.9."
1801,calculations,"With a nominal return of 3% and inflation of 2.5%, the real return is about 0.49% using the exact Fisher relation."
1802,comparative,"The return on a corporate bond comes from periodic coupon payments, while the return on a forward contract comes from gains or losses at settlement."
1803,comparative,"The return on a mutual fund comes from distributions and changes in net asset value, while the return on a certificate of deposit comes from fixed interest."
1804,calculations,"A company with 132 million shares outstanding at a price of 152.59 pounds has a market capitalization of about 20,141.9 million pounds."
1805,calculations,"With annual compounding at 2.5%, 44,500 euros becomes approximately 76,609.93 euros in 22 years."
1806,calculations,"A loan of 40,000 euros at a 5% annual rate, repaid monthly over 20 years, has a monthly payment of about 263.98 euros."
1807,calculations,"With annual compounding at 8%, 21,500 euros becomes approximately 31,590.55 euros in 5 years."
1808,comparative,"An interest rate swap is a derivative, whereas a mutual fund is a pooled investment vehicle."
1809,concepts,"In finance, loss aversion describes the tendency to feel losses more strongly than equivalent gains."
1810,instruments,"Regarding the interest rate swap, firms use it to transform floating-rate debt into fixed-rate debt."
1811,concepts,"In economics and finance, a secondary market is where previously issued securities are traded between investors."
1812,calculations,Net income of 868 million pounds divided by 406 million shares gives earnings per share of 2.14 pounds.
1813,calculations,"The future value of 10,000 euros invested for 18 years at a 4.5% annual rate, compounded yearly, is about 22,084.79 euros."
1814,calculations,"A company with 745 million shares outstanding at a price of 203.30 dollars has a market capitalization of about 151,458.5 million dollars."
1815,instruments,"In terms of risk, a government bond carries low credit risk when issued by a stable sovereign in its own currency."
1816,calculations,"A bond with a face value of 1,000 euros, a 6% annual coupon, and a price of 910 euros has a current yield of about 6.59%. The bond trades at a discount."
1817,ratios,The operating margin is a profitability ratio.
1818,instruments,"A key feature of a put option is that it gives its holder the right, but not the obligation, to sell the underlying asset at the strike price."
1819,calculations,"A company with net income of 28,900,000 euros and average equity of 451,300,000 euros has a return on equity of 6.4%."
1820,calculations,A share priced at 295 euros with earnings per share of 1.54 euros has a price-to-earnings ratio of about 191.6.
1821,instruments,A forward contract generates income through gains or losses at settlement.
1822,concepts,"In economics and finance, Payment services directives in the European Union regulate payment institutions and electronic payments."
1823,concepts,"In finance, the loan-to-value ratio compares the size of a loan to the value of the asset securing it."
1824,calculations,An annual dividend of 7.28 pounds on a share priced at 92 pounds gives a dividend yield of 7.91%.
1825,comparative,"A money market fund is a pooled investment vehicle, whereas a mortgage-backed security is an asset-backed security."
1826,comparative,"The return on a certificate of deposit comes from fixed interest, while the return on an exchange-traded fund comes from distributions and price changes."
1827,concepts,"In economics and finance, the consumer price index tracks changes in the price of a basket of consumer goods and services."
1828,calculations,A nominal interest rate of 3% combined with 2% inflation implies a real interest rate of approximately 0.98%.
1829,calculations,An annual dividend of 7.36 dollars on a share priced at 116 dollars gives a dividend yield of 6.34%.
1830,calculations,"A company with current assets of 4,750 thousand euros and current liabilities of 3,760 thousand euros has a current ratio of 1.26."
1831,concepts,"In finance, International Financial Reporting Standards are accounting standards used in many countries, including the European Union."
1832,calculations,"The future value of 7,000 euros invested for 27 years at a 6% annual rate, compounded yearly, is about 33,756.42 euros."
1833,calculations,"A company with current assets of 3,470 thousand dollars and current liabilities of 2,670 thousand dollars has a current ratio of 1.30."
1834,comparative,"A zero-coupon bond is a debt security, whereas a treasury bill is a money market instrument."
1835,instruments,A call option is typically traded on exchanges and over the counter.
1836,calculations,"At a simple interest rate of 3% per year, a principal of 3,750 dollars earns 787.50 dollars in interest over 7 years."
1837,calculations,"The monthly payment on a 10-year amortizing loan of 180,000 euros at 5% annual interest is approximately 1,909.18 euros."
1838,comparative,"A preferred stock is a hybrid security, whereas a call option is a derivative."
1839,calculations,"A company with net income of 1,500,000 pounds and average equity of 21,000,000 pounds has a return on equity of 7.1%."
1840,calculations,An annual dividend of 4.19 dollars on a share priced at 147 dollars gives a dividend yield of 2.85%.
1841,calculations,"A company with 233 million shares outstanding at a price of 91.68 pounds has a market capitalization of about 21,361.4 million pounds."
1842,calculations,"A company with 840 million shares outstanding at a price of 150.62 pounds has a market capitalization of about 126,520.8 million pounds."
1843,calculations,"If earnings per share are 12.73 euros and the share price is 199 euros, the P/E ratio is approximately 15.6."
1844,calculations,"A company with 656 million shares outstanding at a price of 224.13 pounds has a market capitalization of about 147,029.3 million pounds."
1845,calculations,"A company with current assets of 4,100 thousand euros and current liabilities of 1,040 thousand euros has a current ratio of 3.94."
1846,comparative,"The return on a money market fund comes from short-term interest income, while the return on a put option comes from payoff when the underlying price falls below the strike price."
1847,calculations,"At a simple interest rate of 3% per year, a principal of 13,750 dollars earns 2,887.50 dollars in interest over 7 years."
1848,calculations,Net income of 216 million pounds divided by 202 million shares gives earnings per share of 1.07 pounds.
1849,calculations,"Discounting 81,000 dollars due in 2 years at an annual rate of 8% gives a present value of approximately 69,444.44 dollars."
1850,calculations,"At a simple interest rate of 4% per year, a principal of 6,500 euros earns 1,820.00 euros in interest over 7 years."
1851,calculations,"The monthly payment on a 20-year amortizing loan of 270,000 dollars at 3.5% annual interest is approximately 1,565.89 dollars."
1852,calculations,An annual dividend of 0.23 euros on a share priced at 285 euros gives a dividend yield of 0.08%.
1853,concepts,The coupon rate is the annual interest payment expressed as a percentage of a bond's face value.
1854,concepts,"In economics and finance, raising policy interest rates is a common tool used by central banks to reduce inflation."
1855,comparative,"The return on a convertible bond comes from coupon payments plus the option to convert into shares, while the return on a common stock comes from dividends and capital gains."
1856,calculations,A share priced at 32 euros with earnings per share of 3.35 euros has a price-to-earnings ratio of about 9.6.
1857,calculations,"Discounting 14,000 euros due in 4 years at an annual rate of 3% gives a present value of approximately 12,438.82 euros."
1858,calculations,A nominal interest rate of 7% combined with 1% inflation implies a real interest rate of approximately 5.94%.
1859,calculations,"The present value of 98,000 euros received in 12 years, discounted at 5% per year, is about 54,570.07 euros."
1860,calculations,"A company with 713 million shares outstanding at a price of 469.24 pounds has a market capitalization of about 334,568.1 million pounds."
1861,calculations,An annual dividend of 5.64 pounds on a share priced at 20 pounds gives a dividend yield of 28.20%.
1862,calculations,Net income of 166 million euros divided by 109 million shares gives earnings per share of 1.52 euros.
1863,calculations,An annual dividend of 0.55 dollars on a share priced at 225 dollars gives a dividend yield of 0.24%.
1864,calculations,"A company with 808 million shares outstanding at a price of 307.00 euros has a market capitalization of about 248,056.0 million euros."
1865,calculations,"A company with current assets of 4,810 thousand dollars and current liabilities of 320 thousand dollars has a current ratio of 15.03."
1866,calculations,"If revenue changes from 6,150 to 8,395 thousand dollars, the percentage change is +36.5%."
1867,concepts,"In finance, amortizing loans repay both principal and interest through scheduled payments."
1868,calculations,"An asset whose price moves from 1,200 to 994 dollars has a return of -17.2%, excluding income."
1869,calculations,"The monthly payment on a 30-year amortizing loan of 15,000 euros at 4% annual interest is approximately 71.61 euros."
1870,calculations,A nominal interest rate of 5% combined with 4% inflation implies a real interest rate of approximately 0.96%.
1871,comparative,"A corporate bond is a debt security, whereas a mortgage-backed security is an asset-backed security."
1872,instruments,A key feature of a mutual fund is that it charges management fees summarized by its expense ratio.
1873,calculations,"Simple interest on 2,000 euros at 3% for 8 years amounts to 480.00 euros."
1874,calculations,"Simple interest on 5,750 pounds at 3% for 8 years amounts to 1,380.00 pounds."
1875,calculations,Net income of 611 million euros divided by 193 million shares gives earnings per share of 3.17 euros.
1876,concepts,"From a financial perspective, gross domestic product measures the total value of goods and services produced in an economy."
1877,comparative,"The return on a certificate of deposit comes from fixed interest, while the return on a common stock comes from dividends and capital gains."
1878,instruments,The treasury bill is classified as a money market instrument.
1879,calculations,Net income of 296 million euros divided by 138 million shares gives earnings per share of 2.14 euros.
1880,calculations,"At a simple interest rate of 2% per year, a principal of 19,500 euros earns 3,900.00 euros in interest over 10 years."
1881,concepts,"In economics and finance, an initial public offering is the first sale of a company's shares to the public."
1882,calculations,"Net income of 19,200,000 dollars on shareholders' equity of 259,300,000 dollars corresponds to a return on equity of about 7.4%."
1883,concepts,"From a financial perspective, rebalancing restores a portfolio to its target asset allocation."
1884,calculations,"A company with current assets of 3,440 thousand pounds and current liabilities of 4,250 thousand pounds has a current ratio of 0.81."
1885,concepts,"In economics and finance, accrual accounting records revenues when earned and expenses when incurred, regardless of cash movements."
1886,calculations,"Net income of 19,800,000 dollars on shareholders' equity of 165,600,000 dollars corresponds to a return on equity of about 12.0%."
1887,calculations,"The future value of 19,500 pounds invested for 21 years at a 1% annual rate, compounded yearly, is about 24,031.64 pounds."
1888,concepts,"As a general principle, arbitrage is the simultaneous purchase and sale of an asset to profit from a price difference."
1889,calculations,"A company with current assets of 420 thousand dollars and current liabilities of 3,680 thousand dollars has a current ratio of 0.11."
1890,calculations,A share priced at 217 euros with earnings per share of 2.62 euros has a price-to-earnings ratio of about 82.8.
1891,calculations,"A company with 544 million shares outstanding at a price of 292.85 dollars has a market capitalization of about 159,310.4 million dollars."
1892,calculations,"At a simple interest rate of 2% per year, a principal of 10,250 dollars earns 1,845.00 dollars in interest over 9 years."
1893,calculations,"Discounting 95,000 dollars due in 18 years at an annual rate of 2% gives a present value of approximately 66,515.14 dollars."
1894,calculations,"At a simple interest rate of 5% per year, a principal of 13,250 dollars earns 2,650.00 dollars in interest over 4 years."
1895,comparative,"The return on a put option comes from payoff when the underlying price falls below the strike price, while the return on a certificate of deposit comes from fixed interest."
1896,concepts,"As a general principle, an annuity is a series of equal payments made at regular intervals."
1897,calculations,"With annual compounding at 5%, 40,000 dollars becomes approximately 117,010.43 dollars in 22 years."
1898,calculations,"An asset whose price moves from 9,000 to 6,588 pounds has a return of -26.8%, excluding income."
1899,comparative,"The return on a money market fund comes from short-term interest income, while the return on a treasury bill comes from the discount between the purchase price and face value."
1900,comparative,"A money market fund is a pooled investment vehicle, whereas a call option is a derivative."
1901,calculations,"At a simple interest rate of 4% per year, a principal of 16,500 euros earns 3,300.00 euros in interest over 5 years."
1902,calculations,"An investment of 4,500 euros at 2.5% annual interest compounded annually grows to about 6,680.28 euros after 16 years."
1903,calculations,"A bond with a face value of 1,000 dollars, a 4% annual coupon, and a price of 990 dollars has a current yield of about 4.04%. The bond trades at a discount."
1904,calculations,An annual dividend of 9.79 pounds on a share priced at 183 pounds gives a dividend yield of 5.35%.
1905,concepts,"From a financial perspective, a recession is commonly described as a significant decline in economic activity lasting several months."
1906,instruments,"In terms of risk, a treasury bill carries very low risk."
1907,calculations,"A company with 186 million shares outstanding at a price of 51.58 euros has a market capitalization of about 9,593.9 million euros."
1908,calculations,"Simple interest on 11,250 dollars at 2% for 7 years amounts to 1,575.00 dollars."
1909,concepts,"From a financial perspective, correlation measures how closely the returns of two assets move together."
1910,calculations,"A company with current assets of 4,660 thousand pounds and current liabilities of 1,330 thousand pounds has a current ratio of 3.50."
1911,calculations,"A company with current assets of 280 thousand pounds and current liabilities of 2,120 thousand pounds has a current ratio of 0.13."
1912,instruments,A key feature of a put option is that a protective put combines a long stock position with a long put.
1913,comparative,"A government bond is a debt security, whereas a common stock is an equity security."
1914,calculations,A share priced at 120 dollars with earnings per share of 4.78 dollars has a price-to-earnings ratio of about 25.1.
1915,calculations,"A company with 168 million shares outstanding at a price of 46.49 pounds has a market capitalization of about 7,810.3 million pounds."
1916,calculations,"Simple interest on 14,750 dollars at 2% for 9 years amounts to 2,655.00 dollars."
1917,calculations,"A company with current assets of 4,020 thousand dollars and current liabilities of 4,810 thousand dollars has a current ratio of 0.84."
1918,calculations,An annual dividend of 1.56 pounds on a share priced at 59 pounds gives a dividend yield of 2.64%.
1919,comparative,"A forward contract is a derivative, whereas a treasury bill is a money market instrument."
1920,concepts,"As a general principle, interest rate risk is the risk that changes in interest rates reduce the value of an investment."
1921,calculations,An annual dividend of 8.17 dollars on a share priced at 297 dollars gives a dividend yield of 2.75%.
1922,calculations,"A company with current assets of 4,280 thousand euros and current liabilities of 4,800 thousand euros has a current ratio of 0.89."
1923,calculations,"An asset whose price moves from 6,800 to 10,132 pounds has a return of +49.0%, excluding income."
1924,calculations,"Discounting 100,000 dollars due in 2 years at an annual rate of 6% gives a present value of approximately 88,999.64 dollars."
1925,calculations,"If revenue changes from 6,650 to 5,978 thousand pounds, the percentage change is -10.1%."
1926,concepts,"In economics and finance, a perpetuity is a stream of equal cash flows that continues indefinitely."
1927,comparative,"A convertible bond is a hybrid security, whereas an interest rate swap is a derivative."
1928,comparative,"A certificate of deposit is a time deposit, whereas a zero-coupon bond is a debt security."
1929,instruments,"In terms of risk, a common stock carries relatively high risk."
1930,ratios,The current ratio is a liquidity ratio.
1931,calculations,"The present value of 27,000 dollars received in 2 years, discounted at 10% per year, is about 22,314.05 dollars."
1932,calculations,"With annual compounding at 3%, 48,500 pounds becomes approximately 75,561.42 pounds in 15 years."
1933,instruments,A key feature of an interest rate swap is that it exchanges fixed-rate interest payments for floating-rate payments on a notional principal.
1934,concepts,"In economics and finance, a stock split increases the number of shares outstanding without changing the company's market value."
1935,concepts,"In finance, the bid-ask spread is the difference between the highest price a buyer will pay and the lowest price a seller will accept."
1936,calculations,"An asset whose price moves from 2,450 to 2,650 pounds has a return of +8.2%, excluding income."
1937,calculations,"The present value of 15,000 dollars received in 20 years, discounted at 4% per year, is about 6,845.80 dollars."
1938,concepts,"As a general principle, short selling involves selling borrowed securities in the expectation of buying them back at a lower price."
1939,calculations,"A bond with a face value of 1,000 pounds, a 6% annual coupon, and a price of 870 pounds has a current yield of about 6.90%. The bond trades at a discount."
1940,concepts,"As a general principle, accrual accounting records revenues when earned and expenses when incurred, regardless of cash movements."
1941,calculations,"A loan of 115,000 pounds at a 7% annual rate, repaid monthly over 10 years, has a monthly payment of about 1,335.25 pounds."
1942,calculations,"If a 7% coupon bond with a 1,000 dollars face value trades at 1,135 dollars, its current yield is approximately 6.17%. The bond trades at a premium."
1943,instruments,Investors in a preferred stock face moderate risk.
1944,comparative,"A futures contract is a derivative, whereas a certificate of deposit is a time deposit."
1945,calculations,"At a simple interest rate of 3% per year, a principal of 8,000 euros earns 240.00 euros in interest over 1 years."
1946,calculations,An annual dividend of 8.04 euros on a share priced at 58 euros gives a dividend yield of 13.86%.
1947,calculations,"With annual compounding at 2%, 33,500 dollars becomes approximately 52,826.13 dollars in 23 years."
1948,comparative,"The return on a treasury bill comes from the discount between the purchase price and face value, while the return on an exchange-traded fund comes from distributions and price changes."
1949,comparative,"The return on a corporate bond comes from periodic coupon payments, while the return on a treasury bill comes from the discount between the purchase price and face value."
1950,calculations,"A company with net income of 1,100,000 euros and average equity of 8,000,000 euros has a return on equity of 13.8%."
1951,concepts,Collateral is an asset pledged by a borrower to secure a loan.
1952,concepts,"As a general principle, a bear market is often defined as a decline of at least 20 percent from a recent peak."
1953,calculations,"At a simple interest rate of 5% per year, a principal of 14,750 pounds earns 3,687.50 pounds in interest over 5 years."
1954,comparative,"A real estate investment trust is a pooled investment vehicle, whereas a futures contract is a derivative."
1955,concepts,"As a general principle, customer due diligence involves assessing the risks associated with a business relationship."
1956,ratios,Analysts use the debt-to-equity ratio to assess the degree to which a company finances itself with debt relative to equity.
1957,concepts,"From a financial perspective, currency risk arises when the value of an investment changes because of exchange rate movements."
1958,concepts,"In finance, private equity funds invest in companies that are not publicly traded."
1959,comparative,"A treasury bill is a money market instrument, whereas an interest rate swap is a derivative."
1960,calculations,"A company with 388 million shares outstanding at a price of 310.51 pounds has a market capitalization of about 120,477.9 million pounds."
1961,comparative,"The return on a government bond comes from periodic coupon payments, while the return on a mortgage-backed security comes from principal and interest payments passed through from borrowers."
1962,calculations,"The monthly payment on a 10-year amortizing loan of 215,000 pounds at 7% annual interest is approximately 2,496.33 pounds."
1963,ratios,The price-to-earnings ratio is a valuation ratio.
1964,concepts,Future value is the amount an investment will grow to after earning interest over a given period.
1965,calculations,"The present value of 40,000 dollars received in 7 years, discounted at 4% per year, is about 30,396.71 dollars."
1966,calculations,A share priced at 112 pounds with earnings per share of 4.10 pounds has a price-to-earnings ratio of about 27.3.
1967,calculations,An annual dividend of 3.10 pounds on a share priced at 87 pounds gives a dividend yield of 3.56%.
1968,calculations,Net income of 216 million dollars divided by 360 million shares gives earnings per share of 0.60 dollars.
1969,calculations,"If earnings per share are 12.50 dollars and the share price is 191 dollars, the P/E ratio is approximately 15.3."
1970,calculations,"A company with net income of 13,400,000 euros and average equity of 189,400,000 euros has a return on equity of 7.1%."
1971,comparative,"The return on a convertible bond comes from coupon payments plus the option to convert into shares, while the return on a zero-coupon bond comes from the difference between the purchase price and face value."
1972,calculations,"If revenue changes from 3,400 to 4,176 thousand dollars, the percentage change is +22.8%."
1973,calculations,"With annual compounding at 4.5%, 46,500 dollars becomes approximately 112,144.70 dollars in 20 years."
1974,calculations,A share priced at 261 euros with earnings per share of 13.99 euros has a price-to-earnings ratio of about 18.7.
1975,calculations,"Net income of 44,000,000 euros on shareholders' equity of 247,100,000 euros corresponds to a return on equity of about 17.8%."
1976,instruments,"Regarding the money market fund, it is not the same as an insured bank deposit."
1977,calculations,A share priced at 62 dollars with earnings per share of 3.86 dollars has a price-to-earnings ratio of about 16.1.
1978,calculations,"A company with 280 million shares outstanding at a price of 347.06 dollars has a market capitalization of about 97,176.8 million dollars."
1979,calculations,"A company with 947 million shares outstanding at a price of 286.81 pounds has a market capitalization of about 271,609.1 million pounds."
1980,comparative,"A preferred stock is a hybrid security, whereas a forward contract is a derivative."
1981,calculations,"The present value of 76,000 euros received in 17 years, discounted at 6% per year, is about 28,223.70 euros."
1982,calculations,"An investment of 8,000 dollars at 3.5% annual interest compounded annually grows to about 15,380.01 dollars after 19 years."
1983,calculations,Net income of 543 million dollars divided by 425 million shares gives earnings per share of 1.28 dollars.
1984,calculations,"Net income of 2,200,000 pounds on shareholders' equity of 38,700,000 pounds corresponds to a return on equity of about 5.7%."
1985,calculations,"Discounting 88,000 pounds due in 16 years at an annual rate of 10% gives a present value of approximately 19,151.36 pounds."
1986,calculations,An annual dividend of 7.23 dollars on a share priced at 263 dollars gives a dividend yield of 2.75%.
1987,ratios,"The enterprise value to EBITDA is calculated as enterprise value divided by earnings before interest, taxes, depreciation, and amortization."
1988,ratios,The dividend yield measures the cash income return from holding a share.
1989,calculations,"If a 3% coupon bond with a 1,000 pounds face value trades at 945 pounds, its current yield is approximately 3.17%. The bond trades at a discount."
1990,calculations,"A company with current assets of 670 thousand euros and current liabilities of 3,480 thousand euros has a current ratio of 0.19."
1991,calculations,"A company with current assets of 780 thousand pounds and current liabilities of 4,250 thousand pounds has a current ratio of 0.18."
1992,calculations,"A company with net income of 4,200,000 dollars and average equity of 35,500,000 dollars has a return on equity of 11.8%."
1993,concepts,"From a financial perspective, inflation risk is the risk that rising prices erode the purchasing power of returns."
1994,comparative,"The return on a mutual fund comes from distributions and changes in net asset value, while the return on a money market fund comes from short-term interest income."
1995,calculations,"A loan of 195,000 dollars at a 3% annual rate, repaid monthly over 15 years, has a monthly payment of about 1,346.63 dollars."
1996,concepts,The yield curve plots the yields of bonds with equal credit quality across different maturities.
1997,calculations,"With annual compounding at 8%, 29,500 pounds becomes approximately 40,134.42 pounds in 4 years."
1998,calculations,"A company with 380 million shares outstanding at a price of 139.67 dollars has a market capitalization of about 53,074.6 million dollars."
1999,calculations,"If a 4% coupon bond with a 1,000 euros face value trades at 965 euros, its current yield is approximately 4.15%. The bond trades at a discount."
2000,ratios,The return on equity is calculated as net income divided by average shareholders' equity.
2001,concepts,"In finance, bond prices fall when market interest rates rise."
2002,concepts,"In economics and finance, convexity describes how a bond's duration changes as interest rates change."
2003,calculations,"At a simple interest rate of 5% per year, a principal of 1,250 pounds earns 250.00 pounds in interest over 4 years."
2004,concepts,"In economics and finance, the effective annual rate accounts for the effect of compounding within a year."
2005,calculations,"A company with 394 million shares outstanding at a price of 437.88 pounds has a market capitalization of about 172,524.7 million pounds."
2006,calculations,"A bond with a face value of 1,000 dollars, a 7% annual coupon, and a price of 1,110 dollars has a current yield of about 6.31%. The bond trades at a premium."
2007,concepts,"In economics and finance, net present value is the sum of the present values of all cash inflows and outflows of a project."
2008,calculations,"With a nominal return of 2% and inflation of 2.5%, the real return is about -0.49% using the exact Fisher relation."
2009,concepts,"The income statement reports a company's revenues, expenses, and profit over a period."
2010,calculations,"Simple interest on 15,500 euros at 6% for 5 years amounts to 4,650.00 euros."
2011,concepts,"In finance, fractional reserve banking allows banks to lend out a portion of their deposits."
2012,calculations,"Simple interest on 13,000 dollars at 2% for 3 years amounts to 780.00 dollars."
2013,ratios,The enterprise value to EBITDA is a valuation ratio.
2014,calculations,"The present value of 80,000 dollars received in 4 years, discounted at 8% per year, is about 58,802.39 dollars."
2015,ratios,The earnings per share belongs to the family of profitability metrics.
2016,calculations,"Net income of 35,800,000 euros on shareholders' equity of 321,500,000 euros corresponds to a return on equity of about 11.1%."
2017,comparative,"The return on a call option comes from payoff when the underlying price rises above the strike price, while the return on a mutual fund comes from distributions and changes in net asset value."
2018,calculations,"A company with 116 million shares outstanding at a price of 173.64 euros has a market capitalization of about 20,142.2 million euros."
2019,instruments,A government bond is a debt security.
2020,instruments,A mortgage-backed security is an asset-backed security.
2021,instruments,A key feature of an interest rate swap is that firms use it to transform floating-rate debt into fixed-rate debt.
2022,calculations,"An asset whose price moves from 3,550 to 4,246 pounds has a return of +19.6%, excluding income."
2023,concepts,"From a financial perspective, a bear market is often defined as a decline of at least 20 percent from a recent peak."
2024,instruments,A key feature of a money market fund is that it is not the same as an insured bank deposit.
2025,calculations,"A company with current assets of 250 thousand pounds and current liabilities of 4,130 thousand pounds has a current ratio of 0.06."
2026,calculations,"If revenue changes from 10,000 to 9,651 thousand euros, the percentage change is -3.5%."
2027,calculations,"If revenue changes from 7,350 to 6,974 thousand euros, the percentage change is -5.1%."
2028,comparative,"The return on a put option comes from payoff when the underlying price falls below the strike price, while the return on a mortgage-backed security comes from principal and interest payments passed through from borrowers."
2029,calculations,"A company with 97 million shares outstanding at a price of 393.39 dollars has a market capitalization of about 38,158.8 million dollars."
2030,calculations,"A company with 347 million shares outstanding at a price of 67.65 dollars has a market capitalization of about 23,474.6 million dollars."
2031,calculations,"If a 6% coupon bond with a 1,000 pounds face value trades at 905 pounds, its current yield is approximately 6.63%. The bond trades at a discount."
2032,comparative,"A money market fund is a pooled investment vehicle, whereas a certificate of deposit is a time deposit."
2033,comparative,"The return on an exchange-traded fund comes from distributions and price changes, while the return on a preferred stock comes from fixed or floating dividends."
2034,calculations,Net income of 148 million dollars divided by 337 million shares gives earnings per share of 0.44 dollars.
2035,calculations,"If earnings per share are 8.31 pounds and the share price is 169 pounds, the P/E ratio is approximately 20.3."
2036,calculations,"A loan of 390,000 dollars at a 7% annual rate, repaid monthly over 30 years, has a monthly payment of about 2,594.68 dollars."
2037,calculations,Net income of 748 million pounds divided by 203 million shares gives earnings per share of 3.68 pounds.
2038,concepts,"In finance, market capitalization equals the share price multiplied by the number of shares outstanding."
2039,ratios,Analysts use the cash ratio to assess the ability to pay short-term liabilities using only cash.
2040,calculations,"A company with 584 million shares outstanding at a price of 378.04 euros has a market capitalization of about 220,775.4 million euros."
2041,concepts,"In economics and finance, counterparty risk is the risk that the other party in a transaction defaults on its obligations."
2042,instruments,"Regarding the government bond, its price moves inversely to changes in market interest rates."
2043,calculations,Net income of 978 million pounds divided by 120 million shares gives earnings per share of 8.15 pounds.
2044,calculations,"If a 6% coupon bond with a 1,000 pounds face value trades at 1,145 pounds, its current yield is approximately 5.24%. The bond trades at a premium."
2045,ratios,Analysts use the net profit margin to assess the share of revenue that becomes net profit.
2046,calculations,"A bond with a face value of 1,000 euros, a 2% annual coupon, and a price of 910 euros has a current yield of about 2.20%. The bond trades at a discount."
2047,concepts,"As a general principle, behavioral finance studies how psychological biases influence financial decisions."
2048,concepts,"In finance, gross domestic product measures the total value of goods and services produced in an economy."
2049,calculations,"If earnings per share are 10.42 euros and the share price is 276 euros, the P/E ratio is approximately 26.5."
2050,comparative,"The return on a common stock comes from dividends and capital gains, while the return on a mutual fund comes from distributions and changes in net asset value."
2051,calculations,"The present value of 20,000 euros received in 15 years, discounted at 6% per year, is about 8,345.30 euros."
2052,concepts,"In finance, a recession is commonly described as a significant decline in economic activity lasting several months."
2053,calculations,"A bond with a face value of 1,000 dollars, a 3% annual coupon, and a price of 875 dollars has a current yield of about 3.43%. The bond trades at a discount."
2054,comparative,"The return on a preferred stock comes from fixed or floating dividends, while the return on an exchange-traded fund comes from distributions and price changes."
2055,calculations,"The future value of 31,000 euros invested for 29 years at a 4.5% annual rate, compounded yearly, is about 111,105.13 euros."
2056,concepts,Unsystematic risk is specific to a company or industry and can be reduced through diversification.
2057,concepts,"In finance, the efficient market hypothesis states that asset prices reflect all available information."
2058,calculations,"A company with current assets of 2,700 thousand euros and current liabilities of 1,680 thousand euros has a current ratio of 1.61."
2059,calculations,"The present value of 7,000 dollars received in 4 years, discounted at 4% per year, is about 5,983.63 dollars."
2060,calculations,"A company with net income of 8,400,000 euros and average equity of 154,600,000 euros has a return on equity of 5.4%."
2061,concepts,Market capitalization equals the share price multiplied by the number of shares outstanding.
2062,calculations,"At a simple interest rate of 3% per year, a principal of 6,500 pounds earns 975.00 pounds in interest over 5 years."
2063,calculations,A share priced at 210 euros with earnings per share of 9.53 euros has a price-to-earnings ratio of about 22.0.
2064,calculations,Net income of 938 million euros divided by 261 million shares gives earnings per share of 3.59 euros.
2065,calculations,"A company with 40 million shares outstanding at a price of 371.06 pounds has a market capitalization of about 14,842.4 million pounds."
2066,calculations,"The monthly payment on a 25-year amortizing loan of 165,000 dollars at 7% annual interest is approximately 1,166.19 dollars."
2067,concepts,"In economics and finance, a bear market is often defined as a decline of at least 20 percent from a recent peak."
2068,calculations,"The present value of 20,000 dollars received in 2 years, discounted at 5% per year, is about 18,140.59 dollars."
2069,calculations,Net income of 621 million euros divided by 74 million shares gives earnings per share of 8.39 euros.
2070,calculations,Net income of 807 million euros divided by 53 million shares gives earnings per share of 15.23 euros.
2071,instruments,"Regarding liquidity, an exchange-traded fund offers intraday liquidity on an exchange."
2072,concepts,"As a general principle, the income statement reports a company's revenues, expenses, and profit over a period."
2073,calculations,"With a nominal return of 6% and inflation of 2%, the real return is about 3.92% using the exact Fisher relation."
2074,comparative,"A common stock is an equity security, whereas a zero-coupon bond is a debt security."
2075,calculations,"A loan of 60,000 euros at a 2% annual rate, repaid monthly over 20 years, has a monthly payment of about 303.53 euros."
2076,calculations,"Net income of 39,100,000 euros on shareholders' equity of 223,800,000 euros corresponds to a return on equity of about 17.5%."
2077,calculations,"A company with current assets of 1,770 thousand pounds and current liabilities of 1,720 thousand pounds has a current ratio of 1.03."
2078,calculations,A share priced at 55 dollars with earnings per share of 14.89 dollars has a price-to-earnings ratio of about 3.7.
2079,calculations,"A bond with a face value of 1,000 dollars, a 7% annual coupon, and a price of 1,140 dollars has a current yield of about 6.14%. The bond trades at a premium."
2080,calculations,"The future value of 17,000 dollars invested for 9 years at a 2.5% annual rate, compounded yearly, is about 21,230.67 dollars."
2081,calculations,Net income of 388 million euros divided by 161 million shares gives earnings per share of 2.41 euros.
2082,calculations,"A company with current assets of 4,780 thousand pounds and current liabilities of 3,130 thousand pounds has a current ratio of 1.53."
2083,comparative,"The return on a corporate bond comes from periodic coupon payments, while the return on an interest rate swap comes from net exchanged interest payments."
2084,concepts,"As a general principle, the nominal interest rate is the stated rate before adjusting for inflation."
2085,calculations,"If a 4% coupon bond with a 1,000 pounds face value trades at 905 pounds, its current yield is approximately 4.42%. The bond trades at a discount."
2086,concepts,Counterparty risk is the risk that the other party in a transaction defaults on its obligations.
2087,comparative,"A government bond is a debt security, whereas a money market fund is a pooled investment vehicle."
2088,comparative,"The return on a government bond comes from periodic coupon payments, while the return on a real estate investment trust comes from rental income distributions and price changes."
2089,calculations,"A company with 41 million shares outstanding at a price of 143.17 euros has a market capitalization of about 5,870.0 million euros."
2090,concepts,"In finance, behavioral finance studies how psychological biases influence financial decisions."
2091,calculations,"An asset whose price moves from 8,950 to 7,361 dollars has a return of -17.8%, excluding income."
2092,calculations,"A company with 118 million shares outstanding at a price of 358.70 dollars has a market capitalization of about 42,326.6 million dollars."
2093,calculations,An annual dividend of 7.54 pounds on a share priced at 50 pounds gives a dividend yield of 15.08%.
2094,calculations,"With annual compounding at 1%, 3,500 euros becomes approximately 4,270.67 euros in 20 years."
2095,calculations,"The future value of 10,500 euros invested for 14 years at a 1% annual rate, compounded yearly, is about 12,069.48 euros."
2096,calculations,"A loan of 135,000 pounds at a 4% annual rate, repaid monthly over 25 years, has a monthly payment of about 712.58 pounds."
2097,calculations,Net income of 204 million dollars divided by 234 million shares gives earnings per share of 0.87 dollars.
2098,instruments,An interest rate swap is typically traded over the counter.
2099,calculations,A company with current assets of 710 thousand pounds and current liabilities of 350 thousand pounds has a current ratio of 2.03.
2100,calculations,"Simple interest on 6,750 euros at 4% for 2 years amounts to 540.00 euros."
2101,concepts,"As a general principle, commercial banks accept deposits and make loans."
2102,calculations,"A company with 139 million shares outstanding at a price of 8.66 pounds has a market capitalization of about 1,203.7 million pounds."
2103,concepts,"In economics and finance, the efficient frontier represents portfolios that offer the highest expected return for each level of risk."
2104,calculations,"Simple interest on 12,500 pounds at 3% for 8 years amounts to 3,000.00 pounds."
2105,calculations,An annual dividend of 5.94 pounds on a share priced at 232 pounds gives a dividend yield of 2.56%.
2106,calculations,"With annual compounding at 1%, 7,000 dollars becomes approximately 9,434.94 dollars in 30 years."
2107,calculations,"A bond with a face value of 1,000 euros, a 7% annual coupon, and a price of 985 euros has a current yield of about 7.11%. The bond trades at a discount."
2108,comparative,"A certificate of deposit is a time deposit, whereas a money market fund is a pooled investment vehicle."
2109,calculations,"An asset whose price moves from 9,150 to 6,195 pounds has a return of -32.3%, excluding income."
2110,calculations,An annual dividend of 4.06 pounds on a share priced at 293 pounds gives a dividend yield of 1.39%.
2111,calculations,"A bond with a face value of 1,000 pounds, a 5% annual coupon, and a price of 1,100 pounds has a current yield of about 4.55%. The bond trades at a premium."
2112,concepts,"In economics and finance, insurance transfers risk from the policyholder to the insurer in exchange for a premium."
2113,calculations,"A loan of 185,000 euros at a 6% annual rate, repaid monthly over 25 years, has a monthly payment of about 1,191.96 euros."
2114,calculations,"Net income of 31,400,000 euros on shareholders' equity of 192,100,000 euros corresponds to a return on equity of about 16.3%."
2115,comparative,"The return on an exchange-traded fund comes from distributions and price changes, while the return on a government bond comes from periodic coupon payments."
2116,concepts,"From a financial perspective, unsystematic risk is specific to a company or industry and can be reduced through diversification."
2117,calculations,A share priced at 233 euros with earnings per share of 0.52 euros has a price-to-earnings ratio of about 448.1.
2118,concepts,"In economics and finance, the accounting equation states that assets equal liabilities plus shareholders' equity."
2119,instruments,The return on a call option comes from payoff when the underlying price rises above the strike price.
2120,calculations,"A bond with a face value of 1,000 euros, a 3% annual coupon, and a price of 950 euros has a current yield of about 3.16%. The bond trades at a discount."
2121,calculations,"If revenue changes from 3,350 to 5,346 thousand euros, the percentage change is +59.6%."
2122,calculations,"If a 4% coupon bond with a 1,000 dollars face value trades at 1,050 dollars, its current yield is approximately 3.81%. The bond trades at a premium."
2123,calculations,"A bond with a face value of 1,000 euros, a 2% annual coupon, and a price of 990 euros has a current yield of about 2.02%. The bond trades at a discount."
2124,calculations,"With a nominal return of 5% and inflation of 1%, the real return is about 3.96% using the exact Fisher relation."
2125,calculations,"A company with 160 million shares outstanding at a price of 171.37 euros has a market capitalization of about 27,419.2 million euros."
2126,calculations,"An asset whose price moves from 7,000 to 7,440 euros has a return of +6.3%, excluding income."
2127,calculations,Net income of 889 million dollars divided by 99 million shares gives earnings per share of 8.98 dollars.
2128,comparative,"The return on a real estate investment trust comes from rental income distributions and price changes, while the return on a zero-coupon bond comes from the difference between the purchase price and face value."
2129,calculations,"The present value of 27,000 euros received in 1 years, discounted at 2% per year, is about 26,470.59 euros."
2130,ratios,The gross margin belongs to the family of profitability metrics.
2131,calculations,"A company with 556 million shares outstanding at a price of 137.44 pounds has a market capitalization of about 76,416.6 million pounds."
2132,calculations,"A company with 579 million shares outstanding at a price of 443.38 pounds has a market capitalization of about 256,717.0 million pounds."
2133,calculations,"A loan of 150,000 pounds at a 7% annual rate, repaid monthly over 25 years, has a monthly payment of about 1,060.17 pounds."
2134,instruments,Investors in a government bond face low credit risk when issued by a stable sovereign in its own currency.
2135,concepts,"As a general principle, a stock split increases the number of shares outstanding without changing the company's market value."
2136,concepts,The loan-to-value ratio compares the size of a loan to the value of the asset securing it.
2137,calculations,"The monthly payment on a 15-year amortizing loan of 195,000 pounds at 4.5% annual interest is approximately 1,491.74 pounds."
2138,calculations,A nominal interest rate of 7% combined with 2% inflation implies a real interest rate of approximately 4.90%.
2139,calculations,"At a simple interest rate of 2% per year, a principal of 4,750 euros earns 950.00 euros in interest over 10 years."
2140,concepts,"In finance, short selling involves selling borrowed securities in the expectation of buying them back at a lower price."
2141,instruments,A key feature of a government bond is that it is still exposed to interest rate risk and inflation risk.
2142,calculations,"If revenue changes from 2,600 to 3,613 thousand dollars, the percentage change is +39.0%."
2143,comparative,"The return on a forward contract comes from gains or losses at settlement, while the return on a zero-coupon bond comes from the difference between the purchase price and face value."
2144,calculations,"A company with net income of 41,500,000 dollars and average equity of 526,400,000 dollars has a return on equity of 7.9%."
2145,calculations,Net income of 650 million pounds divided by 31 million shares gives earnings per share of 20.97 pounds.
2146,calculations,"A company with current assets of 2,430 thousand pounds and current liabilities of 4,910 thousand pounds has a current ratio of 0.49."
2147,calculations,"A company with 614 million shares outstanding at a price of 59.75 dollars has a market capitalization of about 36,686.5 million dollars."
2148,calculations,"With a nominal return of 9% and inflation of 2.5%, the real return is about 6.34% using the exact Fisher relation."
2149,comparative,"The return on a government bond comes from periodic coupon payments, while the return on a zero-coupon bond comes from the difference between the purchase price and face value."
2150,ratios,"To compute the asset turnover, divide as follows: revenue divided by average total assets."
2151,calculations,"A company with current assets of 810 thousand dollars and current liabilities of 1,250 thousand dollars has a current ratio of 0.65."
2152,calculations,"A company with 859 million shares outstanding at a price of 394.25 pounds has a market capitalization of about 338,660.8 million pounds."
2153,calculations,A share priced at 172 euros with earnings per share of 14.78 euros has a price-to-earnings ratio of about 11.6.
2154,calculations,"A company with net income of 18,600,000 dollars and average equity of 303,600,000 dollars has a return on equity of 6.1%."
2155,calculations,"A company with net income of 45,900,000 euros and average equity of 456,300,000 euros has a return on equity of 10.1%."
2156,calculations,"A company with net income of 25,800,000 euros and average equity of 118,700,000 euros has a return on equity of 21.7%."
2157,comparative,"A forward contract is a derivative, whereas a real estate investment trust is a pooled investment vehicle."
2158,calculations,"With a nominal return of 5% and inflation of 2%, the real return is about 2.94% using the exact Fisher relation."
2159,calculations,"A company with net income of 1,400,000 pounds and average equity of 19,800,000 pounds has a return on equity of 7.1%."
2160,calculations,"At a simple interest rate of 4% per year, a principal of 5,500 euros earns 220.00 euros in interest over 1 years."
2161,comparative,"A mutual fund is a pooled investment vehicle, whereas a zero-coupon bond is a debt security."
2162,calculations,"A company with current assets of 330 thousand pounds and current liabilities of 4,140 thousand pounds has a current ratio of 0.08."
2163,calculations,"A loan of 340,000 euros at a 4.5% annual rate, repaid monthly over 10 years, has a monthly payment of about 3,523.71 euros."
2164,calculations,"A company with current assets of 3,060 thousand pounds and current liabilities of 2,370 thousand pounds has a current ratio of 1.29."
2165,comparative,"The return on an interest rate swap comes from net exchanged interest payments, while the return on a money market fund comes from short-term interest income."
2166,calculations,Net income of 43 million euros divided by 91 million shares gives earnings per share of 0.47 euros.
2167,calculations,A share priced at 268 dollars with earnings per share of 1.26 dollars has a price-to-earnings ratio of about 212.7.
2168,calculations,Net income of 891 million euros divided by 114 million shares gives earnings per share of 7.82 euros.
2169,calculations,"A company with 755 million shares outstanding at a price of 33.96 pounds has a market capitalization of about 25,639.8 million pounds."
2170,calculations,"At a simple interest rate of 4% per year, a principal of 8,750 dollars earns 2,450.00 dollars in interest over 7 years."
2171,calculations,"The monthly payment on a 15-year amortizing loan of 145,000 euros at 6% annual interest is approximately 1,223.59 euros."
2172,calculations,"If revenue changes from 2,000 to 1,400 thousand dollars, the percentage change is -30.0%."
2173,calculations,A nominal interest rate of 4% combined with 6% inflation implies a real interest rate of approximately -1.89%.
2174,ratios,The enterprise value to EBITDA belongs to the family of valuation metrics.
2175,concepts,"In finance, mergers and acquisitions involve the combination or purchase of companies."
2176,calculations,"If earnings per share are 3.80 euros and the share price is 286 euros, the P/E ratio is approximately 75.3."
2177,calculations,"A company with current assets of 3,240 thousand dollars and current liabilities of 3,100 thousand dollars has a current ratio of 1.05."
2178,calculations,"If a 5% coupon bond with a 1,000 euros face value trades at 1,035 euros, its current yield is approximately 4.83%. The bond trades at a premium."
2179,calculations,"The monthly payment on a 25-year amortizing loan of 355,000 dollars at 5% annual interest is approximately 2,075.29 dollars."
2180,calculations,"A company with 301 million shares outstanding at a price of 390.10 euros has a market capitalization of about 117,420.1 million euros."
2181,comparative,"The return on a put option comes from payoff when the underlying price falls below the strike price, while the return on a convertible bond comes from coupon payments plus the option to convert into shares."
2182,comparative,"A put option is a derivative, whereas a money market fund is a pooled investment vehicle."
2183,calculations,"The monthly payment on a 30-year amortizing loan of 130,000 pounds at 4% annual interest is approximately 620.64 pounds."
2184,comparative,"The return on an interest rate swap comes from net exchanged interest payments, while the return on a put option comes from payoff when the underlying price falls below the strike price."
2185,calculations,An annual dividend of 9.45 dollars on a share priced at 300 dollars gives a dividend yield of 3.15%.
2186,comparative,"A money market fund is a pooled investment vehicle, whereas a treasury bill is a money market instrument."
2187,calculations,"A bond with a face value of 1,000 euros, a 7% annual coupon, and a price of 1,105 euros has a current yield of about 6.33%. The bond trades at a premium."
2188,comparative,"The return on a common stock comes from dividends and capital gains, while the return on a preferred stock comes from fixed or floating dividends."
2189,calculations,"If revenue changes from 150 to 174 thousand pounds, the percentage change is +16.0%."
2190,comparative,"The return on a put option comes from payoff when the underlying price falls below the strike price, while the return on a corporate bond comes from periodic coupon payments."
2191,concepts,"From a financial perspective, an initial public offering is the first sale of a company's shares to the public."
2192,calculations,Net income of 784 million euros divided by 414 million shares gives earnings per share of 1.89 euros.
2193,comparative,"The return on a zero-coupon bond comes from the difference between the purchase price and face value, while the return on a preferred stock comes from fixed or floating dividends."
2194,calculations,An annual dividend of 7.43 euros on a share priced at 161 euros gives a dividend yield of 4.61%.
2195,concepts,"In economics and finance, a bond trading above its face value is said to trade at a premium."
2196,concepts,"In finance, inflation risk is the risk that rising prices erode the purchasing power of returns."
2197,ratios,"In financial statement analysis, the return on equity, defined as net income divided by average shareholders' equity, indicates how efficiently a company generates profit from shareholders' capital."
2198,calculations,"Net income of 12,800,000 dollars on shareholders' equity of 96,300,000 dollars corresponds to a return on equity of about 13.3%."
2199,instruments,A zero-coupon bond is a debt security.
2200,comparative,"A certificate of deposit is a time deposit, whereas a treasury bill is a money market instrument."
2201,calculations,"A company with 218 million shares outstanding at a price of 461.52 dollars has a market capitalization of about 100,611.4 million dollars."
2202,concepts,"In economics and finance, a leveraged buyout is an acquisition financed largely with borrowed money."
2203,instruments,The exchange-traded fund is classified as a pooled investment vehicle.
2204,calculations,"A company with current assets of 200 thousand dollars and current liabilities of 2,100 thousand dollars has a current ratio of 0.10."
2205,calculations,"A loan of 175,000 euros at a 3.5% annual rate, repaid monthly over 15 years, has a monthly payment of about 1,251.04 euros."
2206,calculations,"A company with 455 million shares outstanding at a price of 4.66 pounds has a market capitalization of about 2,120.3 million pounds."
2207,instruments,A key feature of a real estate investment trust is that it is often required to distribute a large share of its taxable income to shareholders.
2208,instruments,"In terms of risk, a futures contract carries high risk due to leverage."
2209,concepts,"In finance, compound interest is interest calculated on both the initial principal and the accumulated interest."
2210,calculations,"An investment of 19,000 euros at 1% annual interest compounded annually grows to about 20,987.82 euros after 10 years."
2211,calculations,"Discounting 18,000 dollars due in 7 years at an annual rate of 4% gives a present value of approximately 13,678.52 dollars."
2212,calculations,A nominal interest rate of 7% combined with 3% inflation implies a real interest rate of approximately 3.88%.
2213,calculations,Net income of 151 million euros divided by 348 million shares gives earnings per share of 0.43 euros.
2214,calculations,Net income of 925 million euros divided by 100 million shares gives earnings per share of 9.25 euros.
2215,instruments,A key feature of an exchange-traded fund is that many are designed to track a market index passively.
2216,comparative,"A zero-coupon bond is a debt security, whereas a certificate of deposit is a time deposit."
2217,comparative,"An exchange-traded fund is a pooled investment vehicle, whereas a certificate of deposit is a time deposit."
2218,calculations,"A company with 727 million shares outstanding at a price of 74.76 euros has a market capitalization of about 54,350.5 million euros."
2219,instruments,A forward contract is typically traded over the counter.
2220,calculations,"A company with current assets of 3,170 thousand euros and current liabilities of 3,100 thousand euros has a current ratio of 1.02."
2221,calculations,"Simple interest on 8,250 euros at 2% for 8 years amounts to 1,320.00 euros."
2222,comparative,"The return on a zero-coupon bond comes from the difference between the purchase price and face value, while the return on a certificate of deposit comes from fixed interest."
2223,instruments,"Regarding liquidity, a call option offers variable liquidity."
2224,calculations,"If revenue changes from 7,600 to 8,975 thousand euros, the percentage change is +18.1%."
2225,comparative,"A corporate bond is a debt security, whereas a mutual fund is a pooled investment vehicle."
2226,calculations,"A company with 208 million shares outstanding at a price of 155.77 euros has a market capitalization of about 32,400.2 million euros."
2227,calculations,"A company with 917 million shares outstanding at a price of 370.25 pounds has a market capitalization of about 339,519.2 million pounds."
2228,concepts,"As a general principle, Know your customer procedures require financial institutions to verify the identity of their clients."
2229,comparative,"The return on a call option comes from payoff when the underlying price rises above the strike price, while the return on a treasury bill comes from the discount between the purchase price and face value."
2230,comparative,"A futures contract is a derivative, whereas a money market fund is a pooled investment vehicle."
2231,calculations,"The monthly payment on a 5-year amortizing loan of 310,000 euros at 5% annual interest is approximately 5,850.08 euros."
2232,comparative,"The return on a zero-coupon bond comes from the difference between the purchase price and face value, while the return on a forward contract comes from gains or losses at settlement."
2233,comparative,"A put option is a derivative, whereas a zero-coupon bond is a debt security."
2234,calculations,"An investment of 43,000 euros at 3% annual interest compounded annually grows to about 84,864.22 euros after 23 years."
2235,calculations,A share priced at 263 euros with earnings per share of 6.97 euros has a price-to-earnings ratio of about 37.7.
2236,calculations,"A bond with a face value of 1,000 euros, a 3% annual coupon, and a price of 860 euros has a current yield of about 3.49%. The bond trades at a discount."
2237,calculations,"Simple interest on 1,250 dollars at 4% for 9 years amounts to 450.00 dollars."
2238,concepts,"As a general principle, a central bank manages a country's monetary policy and money supply."
2239,comparative,"The return on a money market fund comes from short-term interest income, while the return on a real estate investment trust comes from rental income distributions and price changes."
2240,concepts,"As a general principle, duration measures the sensitivity of a bond's price to changes in interest rates."
2241,concepts,"From a financial perspective, the consumer price index tracks changes in the price of a basket of consumer goods and services."
2242,instruments,The real estate investment trust is classified as a pooled investment vehicle.
2243,calculations,"If earnings per share are 4.38 dollars and the share price is 300 dollars, the P/E ratio is approximately 68.5."
2244,calculations,An annual dividend of 3.05 pounds on a share priced at 56 pounds gives a dividend yield of 5.45%.
2245,calculations,"Discounting 97,000 euros due in 8 years at an annual rate of 2% gives a present value of approximately 82,788.57 euros."
2246,comparative,"A mutual fund is a pooled investment vehicle, whereas a mortgage-backed security is an asset-backed security."
2247,calculations,"A company with current assets of 2,370 thousand euros and current liabilities of 770 thousand euros has a current ratio of 3.08."
2248,concepts,"As a general principle, The Basel Accords are international standards for bank capital and liquidity regulation."
2249,calculations,"If a 4% coupon bond with a 1,000 euros face value trades at 860 euros, its current yield is approximately 4.65%. The bond trades at a discount."
2250,calculations,A share priced at 265 dollars with earnings per share of 1.46 dollars has a price-to-earnings ratio of about 181.5.
2251,calculations,"A company with 650 million shares outstanding at a price of 120.48 euros has a market capitalization of about 78,312.0 million euros."
2252,concepts,A bull market is a period of generally rising prices.
2253,calculations,"If a 5% coupon bond with a 1,000 pounds face value trades at 1,075 pounds, its current yield is approximately 4.65%. The bond trades at a premium."
2254,calculations,"Simple interest on 18,500 pounds at 2% for 3 years amounts to 1,110.00 pounds."
2255,calculations,Net income of 892 million dollars divided by 248 million shares gives earnings per share of 3.60 dollars.
2256,instruments,"A key feature of a money market fund is that it invests in short-term, high-quality debt instruments."
2257,comparative,"The return on a call option comes from payoff when the underlying price rises above the strike price, while the return on a zero-coupon bond comes from the difference between the purchase price and face value."
2258,calculations,Net income of 337 million euros divided by 13 million shares gives earnings per share of 25.92 euros.
2259,instruments,The return on an exchange-traded fund comes from distributions and price changes.
2260,calculations,"A company with current assets of 540 thousand pounds and current liabilities of 4,110 thousand pounds has a current ratio of 0.13."
2261,calculations,"If a 2% coupon bond with a 1,000 euros face value trades at 1,045 euros, its current yield is approximately 1.91%. The bond trades at a premium."
2262,calculations,"Simple interest on 6,750 pounds at 5% for 2 years amounts to 675.00 pounds."
2263,ratios,"To compute the earnings per share, divide as follows: net income available to common shareholders divided by the weighted average number of common shares outstanding."
2264,calculations,"If a 5% coupon bond with a 1,000 euros face value trades at 1,100 euros, its current yield is approximately 4.55%. The bond trades at a premium."
2265,calculations,Net income of 368 million dollars divided by 359 million shares gives earnings per share of 1.03 dollars.
2266,comparative,"A treasury bill is a money market instrument, whereas a money market fund is a pooled investment vehicle."
2267,calculations,A share priced at 297 pounds with earnings per share of 5.48 pounds has a price-to-earnings ratio of about 54.2.
2268,comparative,"The return on a real estate investment trust comes from rental income distributions and price changes, while the return on a corporate bond comes from periodic coupon payments."
2269,calculations,"If a 3% coupon bond with a 1,000 euros face value trades at 1,105 euros, its current yield is approximately 2.71%. The bond trades at a premium."
2270,concepts,"In finance, market makers provide liquidity by quoting both bid and ask prices."
2271,calculations,"A bond with a face value of 1,000 dollars, a 7% annual coupon, and a price of 995 dollars has a current yield of about 7.04%. The bond trades at a discount."
2272,calculations,"An investment of 30,000 euros at 1% annual interest compounded annually grows to about 35,529.13 euros after 17 years."
2273,concepts,"From a financial perspective, fractional reserve banking allows banks to lend out a portion of their deposits."
2274,calculations,"The present value of 15,000 pounds received in 1 years, discounted at 6% per year, is about 14,150.94 pounds."
2275,instruments,A key feature of a money market fund is that it aims to preserve capital while providing liquidity.
2276,calculations,"If a 6% coupon bond with a 1,000 pounds face value trades at 965 pounds, its current yield is approximately 6.22%. The bond trades at a discount."
2277,calculations,An annual dividend of 9.00 pounds on a share priced at 185 pounds gives a dividend yield of 4.86%.
2278,instruments,"In terms of risk, a put option carries high risk for the buyer, whose maximum loss is the premium."
2279,calculations,A share priced at 294 dollars with earnings per share of 12.35 dollars has a price-to-earnings ratio of about 23.8.
2280,calculations,"An investment of 9,000 euros at 7% annual interest compounded annually grows to about 21,688.61 euros after 13 years."
2281,calculations,"A company with net income of 16,300,000 euros and average equity of 246,500,000 euros has a return on equity of 6.6%."
2282,calculations,"Discounting 23,000 euros due in 14 years at an annual rate of 5% gives a present value of approximately 11,616.56 euros."
2283,comparative,"The return on an exchange-traded fund comes from distributions and price changes, while the return on a mutual fund comes from distributions and changes in net asset value."
2284,calculations,"At a simple interest rate of 6% per year, a principal of 3,000 dollars earns 1,440.00 dollars in interest over 8 years."
2285,instruments,The return on a money market fund comes from short-term interest income.
2286,concepts,"In economics and finance, a project with a positive net present value is expected to add value to the firm."
2287,calculations,"The present value of 47,000 pounds received in 1 years, discounted at 8% per year, is about 43,518.52 pounds."
2288,calculations,"A bond with a face value of 1,000 euros, a 3% annual coupon, and a price of 1,115 euros has a current yield of about 2.69%. The bond trades at a premium."
2289,calculations,A share priced at 277 euros with earnings per share of 5.68 euros has a price-to-earnings ratio of about 48.8.
2290,concepts,"As a general principle, the yield curve plots the yields of bonds with equal credit quality across different maturities."
2291,calculations,"Discounting 98,000 dollars due in 19 years at an annual rate of 2% gives a present value of approximately 67,270.21 dollars."
2292,calculations,Net income of 137 million dollars divided by 489 million shares gives earnings per share of 0.28 dollars.
2293,calculations,"A company with current assets of 2,440 thousand euros and current liabilities of 190 thousand euros has a current ratio of 12.84."
2294,calculations,"With a nominal return of 3% and inflation of 2%, the real return is about 0.98% using the exact Fisher relation."
2295,comparative,"The return on a certificate of deposit comes from fixed interest, while the return on an interest rate swap comes from net exchanged interest payments."
2296,calculations,Net income of 162 million pounds divided by 102 million shares gives earnings per share of 1.59 pounds.
2297,calculations,"The future value of 36,500 dollars invested for 13 years at a 7% annual rate, compounded yearly, is about 87,959.34 dollars."
2298,calculations,"The present value of 48,000 euros received in 3 years, discounted at 10% per year, is about 36,063.11 euros."
2299,calculations,"Net income of 6,600,000 euros on shareholders' equity of 116,800,000 euros corresponds to a return on equity of about 5.7%."
2300,calculations,"A bond with a face value of 1,000 dollars, a 2% annual coupon, and a price of 915 dollars has a current yield of about 2.19%. The bond trades at a discount."
2301,calculations,"A company with current assets of 100 thousand euros and current liabilities of 1,860 thousand euros has a current ratio of 0.05."
2302,comparative,"An interest rate swap is a derivative, whereas a corporate bond is a debt security."
2303,concepts,"In finance, commercial banks accept deposits and make loans."
2304,comparative,"The return on a preferred stock comes from fixed or floating dividends, while the return on a government bond comes from periodic coupon payments."
2305,calculations,An annual dividend of 6.26 euros on a share priced at 251 euros gives a dividend yield of 2.49%.
2306,concepts,"From a financial perspective, accrual accounting records revenues when earned and expenses when incurred, regardless of cash movements."
2307,calculations,"If revenue changes from 2,650 to 3,535 thousand pounds, the percentage change is +33.4%."
2308,calculations,"Simple interest on 15,000 pounds at 5% for 5 years amounts to 3,750.00 pounds."
2309,instruments,A key feature of a corporate bond is that its yield includes a credit spread over comparable government bonds.
2310,comparative,"The return on a mutual fund comes from distributions and changes in net asset value, while the return on a mortgage-backed security comes from principal and interest payments passed through from borrowers."
2311,calculations,"If a 3% coupon bond with a 1,000 euros face value trades at 1,005 euros, its current yield is approximately 2.99%. The bond trades at a premium."
2312,calculations,"Net income of 6,100,000 dollars on shareholders' equity of 120,300,000 dollars corresponds to a return on equity of about 5.1%."
2313,instruments,"Investors in a call option face high risk for the buyer, whose maximum loss is the premium."
2314,calculations,"A company with 298 million shares outstanding at a price of 434.96 pounds has a market capitalization of about 129,618.1 million pounds."
2315,calculations,"An asset whose price moves from 3,800 to 3,871 euros has a return of +1.9%, excluding income."
2316,concepts,"In economics and finance, diversification reduces portfolio risk by combining assets whose returns are not perfectly correlated."
2317,calculations,"At a simple interest rate of 6% per year, a principal of 17,250 pounds earns 5,175.00 pounds in interest over 5 years."
2318,calculations,"With annual compounding at 4%, 25,500 euros becomes approximately 62,850.25 euros in 23 years."
2319,instruments,A key feature of a certificate of deposit is that early withdrawal usually triggers a penalty.
2320,comparative,"The return on a certificate of deposit comes from fixed interest, while the return on a treasury bill comes from the discount between the purchase price and face value."
2321,concepts,The yield to maturity is the discount rate that equates a bond's price with the present value of its cash flows.
2322,calculations,"Discounting 69,000 dollars due in 5 years at an annual rate of 6% gives a present value of approximately 51,560.81 dollars."
2323,calculations,A share priced at 144 euros with earnings per share of 10.78 euros has a price-to-earnings ratio of about 13.4.
2324,concepts,"From a financial perspective, a market order is executed immediately at the best available price."
2325,calculations,"A bond with a face value of 1,000 dollars, a 7% annual coupon, and a price of 1,050 dollars has a current yield of about 6.67%. The bond trades at a premium."
2326,calculations,Net income of 132 million dollars divided by 349 million shares gives earnings per share of 0.38 dollars.
2327,concepts,"In economics and finance, standard deviation of returns is a common measure of investment volatility."
2328,calculations,"An asset whose price moves from 6,950 to 10,558 euros has a return of +51.9%, excluding income."
2329,calculations,"A company with 830 million shares outstanding at a price of 20.57 dollars has a market capitalization of about 17,073.1 million dollars."
2330,calculations,"A bond with a face value of 1,000 euros, a 7% annual coupon, and a price of 945 euros has a current yield of about 7.41%. The bond trades at a discount."
2331,concepts,"As a general principle, asset allocation is the division of a portfolio among asset classes such as equities, bonds, and cash."
2332,concepts,"From a financial perspective, a bull market is a period of generally rising prices."
2333,calculations,Net income of 359 million pounds divided by 297 million shares gives earnings per share of 1.21 pounds.
2334,concepts,"In economics and finance, currency risk arises when the value of an investment changes because of exchange rate movements."
2335,calculations,"Discounting 94,000 dollars due in 4 years at an annual rate of 4% gives a present value of approximately 80,351.59 dollars."
2336,calculations,"Simple interest on 13,250 euros at 6% for 4 years amounts to 3,180.00 euros."
2337,calculations,"Net income of 18,000,000 pounds on shareholders' equity of 235,900,000 pounds corresponds to a return on equity of about 7.6%."
2338,calculations,"With annual compounding at 8%, 5,500 pounds becomes approximately 23,736.36 pounds in 19 years."
2339,calculations,A nominal interest rate of 8% combined with 1% inflation implies a real interest rate of approximately 6.93%.
2340,instruments,A put option is a derivative.
2341,calculations,A nominal interest rate of 3% combined with 4% inflation implies a real interest rate of approximately -0.96%.
2342,comparative,"A common stock is an equity security, whereas a preferred stock is a hybrid security."
2343,ratios,The days sales outstanding belongs to the family of efficiency metrics.
2344,instruments,A mutual fund is a pooled investment vehicle.
2345,calculations,"A company with 760 million shares outstanding at a price of 302.87 euros has a market capitalization of about 230,181.2 million euros."
2346,calculations,"Simple interest on 3,250 dollars at 2% for 10 years amounts to 650.00 dollars."
2347,instruments,The forward contract is classified as a derivative.
2348,calculations,"The future value of 21,500 euros invested for 23 years at a 2% annual rate, compounded yearly, is about 33,903.33 euros."
2349,calculations,"A bond with a face value of 1,000 pounds, a 7% annual coupon, and a price of 1,080 pounds has a current yield of about 6.48%. The bond trades at a premium."
2350,instruments,"Regarding the exchange-traded fund, an arbitrage mechanism involving authorized participants keeps its price close to its net asset value."
2351,calculations,A nominal interest rate of 5% combined with 6% inflation implies a real interest rate of approximately -0.94%.
2352,comparative,"A convertible bond is a hybrid security, whereas a certificate of deposit is a time deposit."
2353,concepts,"From a financial perspective, liquidity risk is the risk that an asset cannot be sold quickly without a significant price concession."
2354,calculations,"A company with current assets of 320 thousand pounds and current liabilities of 1,180 thousand pounds has a current ratio of 0.27."
2355,calculations,A nominal interest rate of 2% combined with 2% inflation implies a real interest rate of approximately 0.00%.
2356,calculations,"A loan of 230,000 dollars at a 5% annual rate, repaid monthly over 3 years, has a monthly payment of about 6,893.31 dollars."
2357,calculations,"The monthly payment on a 20-year amortizing loan of 310,000 euros at 4% annual interest is approximately 1,878.54 euros."
2358,comparative,"The return on a zero-coupon bond comes from the difference between the purchase price and face value, while the return on a common stock comes from dividends and capital gains."
2359,concepts,"In economics and finance, Beta measures the sensitivity of an asset's returns to movements in the overall market."
2360,comparative,"A common stock is an equity security, whereas a certificate of deposit is a time deposit."
2361,instruments,The common stock is classified as an equity security.
2362,concepts,"As a general principle, gross domestic product measures the total value of goods and services produced in an economy."
2363,calculations,A share priced at 225 euros with earnings per share of 1.00 euros has a price-to-earnings ratio of about 225.0.
2364,calculations,An annual dividend of 0.55 pounds on a share priced at 17 pounds gives a dividend yield of 3.24%.
2365,comparative,"The return on a corporate bond comes from periodic coupon payments, while the return on a certificate of deposit comes from fixed interest."
2366,concepts,A stock index tracks the performance of a selected group of shares.
2367,concepts,"From a financial perspective, the coupon rate is the annual interest payment expressed as a percentage of a bond's face value."
2368,calculations,"A loan of 65,000 dollars at a 2% annual rate, repaid monthly over 30 years, has a monthly payment of about 240.25 dollars."
2369,concepts,"As a general principle, Beta measures the sensitivity of an asset's returns to movements in the overall market."
2370,calculations,"A bond with a face value of 1,000 pounds, a 2% annual coupon, and a price of 955 pounds has a current yield of about 2.09%. The bond trades at a discount."
2371,calculations,"A company with net income of 14,100,000 dollars and average equity of 107,600,000 dollars has a return on equity of 13.1%."
2372,calculations,"A loan of 275,000 dollars at a 3.5% annual rate, repaid monthly over 15 years, has a monthly payment of about 1,965.93 dollars."
2373,calculations,"A company with current assets of 1,010 thousand pounds and current liabilities of 1,700 thousand pounds has a current ratio of 0.59."
2374,calculations,Net income of 921 million euros divided by 320 million shares gives earnings per share of 2.88 euros.
2375,comparative,"A futures contract is a derivative, whereas a common stock is an equity security."
2376,instruments,"In terms of risk, a money market fund carries low risk."
2377,comparative,"A futures contract is a derivative, whereas a convertible bond is a hybrid security."
2378,calculations,"If earnings per share are 14.43 euros and the share price is 180 euros, the P/E ratio is approximately 12.5."
2379,calculations,"Discounting 64,000 dollars due in 2 years at an annual rate of 6% gives a present value of approximately 56,959.77 dollars."
2380,calculations,"A company with 789 million shares outstanding at a price of 378.39 dollars has a market capitalization of about 298,549.7 million dollars."
2381,calculations,"A company with 442 million shares outstanding at a price of 425.14 euros has a market capitalization of about 187,911.9 million euros."
2382,comparative,"The return on an exchange-traded fund comes from distributions and price changes, while the return on a convertible bond comes from coupon payments plus the option to convert into shares."
2383,calculations,An annual dividend of 2.22 euros on a share priced at 188 euros gives a dividend yield of 1.18%.
2384,calculations,"An investment of 32,500 euros at 4.5% annual interest compounded annually grows to about 46,218.27 euros after 8 years."
2385,concepts,"As a general principle, the yield to maturity is the discount rate that equates a bond's price with the present value of its cash flows."
2386,calculations,"An asset whose price moves from 3,300 to 2,562 pounds has a return of -22.4%, excluding income."
2387,ratios,The current ratio measures a company's ability to meet short-term obligations.
2388,calculations,Net income of 567 million dollars divided by 465 million shares gives earnings per share of 1.22 dollars.
2389,concepts,The internal rate of return is the discount rate at which a project's net present value equals zero.
2390,calculations,"A company with 10 million shares outstanding at a price of 214.07 euros has a market capitalization of about 2,140.7 million euros."
2391,comparative,"A put option is a derivative, whereas a mutual fund is a pooled investment vehicle."
2392,calculations,"A company with net income of 3,400,000 dollars and average equity of 62,800,000 dollars has a return on equity of 5.4%."
2393,calculations,"A loan of 45,000 dollars at a 5% annual rate, repaid monthly over 30 years, has a monthly payment of about 241.57 dollars."
2394,calculations,"A company with 69 million shares outstanding at a price of 354.59 dollars has a market capitalization of about 24,466.7 million dollars."
2395,calculations,"A company with 793 million shares outstanding at a price of 45.10 euros has a market capitalization of about 35,764.3 million euros."
2396,calculations,"The future value of 17,000 euros invested for 17 years at a 7% annual rate, compounded yearly, is about 53,699.86 euros."
2397,concepts,"In economics and finance, credit rating agencies assess the creditworthiness of bond issuers."
2398,calculations,"If revenue changes from 1,050 to 1,099 thousand pounds, the percentage change is +4.7%."
2399,concepts,"In finance, standard deviation of returns is a common measure of investment volatility."
2400,calculations,"The future value of 26,500 pounds invested for 27 years at a 2.5% annual rate, compounded yearly, is about 51,616.70 pounds."
2401,calculations,"At a simple interest rate of 3% per year, a principal of 13,750 euros earns 3,712.50 euros in interest over 9 years."
2402,concepts,"The Fisher equation links nominal interest rates, real interest rates, and expected inflation."
2403,calculations,An annual dividend of 7.78 euros on a share priced at 168 euros gives a dividend yield of 4.63%.
2404,calculations,"A bond with a face value of 1,000 pounds, a 4% annual coupon, and a price of 920 pounds has a current yield of about 4.35%. The bond trades at a discount."
2405,calculations,A share priced at 182 dollars with earnings per share of 6.64 dollars has a price-to-earnings ratio of about 27.4.
2406,instruments,"Regarding the government bond, its yield is often used as a benchmark for the risk-free rate."
2407,calculations,Net income of 74 million pounds divided by 260 million shares gives earnings per share of 0.28 pounds.
2408,ratios,The debt-to-equity ratio belongs to the family of leverage metrics.
2409,ratios,The debt-to-equity ratio measures the degree to which a company finances itself with debt relative to equity.
2410,calculations,"An investment of 30,500 pounds at 7% annual interest compounded annually grows to about 165,536.70 pounds after 25 years."
2411,calculations,"Net income of 27,900,000 dollars on shareholders' equity of 195,100,000 dollars corresponds to a return on equity of about 14.3%."
2412,calculations,"With annual compounding at 7%, 43,500 dollars becomes approximately 220,647.96 dollars in 24 years."
2413,calculations,"If earnings per share are 3.46 dollars and the share price is 268 dollars, the P/E ratio is approximately 77.5."
2414,comparative,"A certificate of deposit is a time deposit, whereas a preferred stock is a hybrid security."
2415,instruments,A preferred stock is typically issued by corporations.
2416,calculations,Net income of 445 million euros divided by 275 million shares gives earnings per share of 1.62 euros.
2417,calculations,"A bond with a face value of 1,000 pounds, a 4% annual coupon, and a price of 1,015 pounds has a current yield of about 3.94%. The bond trades at a premium."
2418,calculations,"With a nominal return of 4% and inflation of 2.5%, the real return is about 1.46% using the exact Fisher relation."
2419,calculations,"A company with current assets of 3,820 thousand euros and current liabilities of 3,780 thousand euros has a current ratio of 1.01."
2420,calculations,"The future value of 25,000 pounds invested for 15 years at a 8% annual rate, compounded yearly, is about 79,304.23 pounds."
2421,calculations,"A company with current assets of 2,340 thousand pounds and current liabilities of 2,500 thousand pounds has a current ratio of 0.94."
2422,concepts,"The weighted average cost of capital is the average rate a company pays to finance its assets, weighted by the proportion of debt and equity."
2423,calculations,"At a simple interest rate of 3% per year, a principal of 12,500 pounds earns 3,375.00 pounds in interest over 9 years."
2424,calculations,"Discounting 55,000 euros due in 3 years at an annual rate of 3% gives a present value of approximately 50,332.79 euros."
2425,comparative,"The return on an interest rate swap comes from net exchanged interest payments, while the return on a common stock comes from dividends and capital gains."
2426,comparative,"A common stock is an equity security, whereas a government bond is a debt security."
2427,concepts,"As a general principle, quantitative easing involves a central bank buying financial assets to increase the money supply."
2428,comparative,"A government bond is a debt security, whereas a put option is a derivative."
2429,concepts,"In economics and finance, simple interest is calculated only on the original principal."
2430,calculations,Net income of 390 million dollars divided by 349 million shares gives earnings per share of 1.12 dollars.
2431,concepts,"In finance, fiscal policy refers to government decisions on taxation and public spending."
2432,calculations,"A company with 459 million shares outstanding at a price of 279.15 euros has a market capitalization of about 128,129.8 million euros."
2433,calculations,"A company with net income of 37,300,000 dollars and average equity of 560,600,000 dollars has a return on equity of 6.7%."
2434,calculations,Net income of 669 million pounds divided by 229 million shares gives earnings per share of 2.92 pounds.
2435,calculations,"The present value of 87,000 pounds received in 20 years, discounted at 8% per year, is about 18,665.69 pounds."
2436,ratios,The earnings per share is a profitability ratio.
2437,comparative,"The return on a common stock comes from dividends and capital gains, while the return on an exchange-traded fund comes from distributions and price changes."
2438,calculations,"If a 3% coupon bond with a 1,000 dollars face value trades at 920 dollars, its current yield is approximately 3.26%. The bond trades at a discount."
2439,calculations,"A bond with a face value of 1,000 euros, a 3% annual coupon, and a price of 985 euros has a current yield of about 3.05%. The bond trades at a discount."
2440,comparative,"A convertible bond is a hybrid security, whereas a forward contract is a derivative."
2441,comparative,"A futures contract is a derivative, whereas a mutual fund is a pooled investment vehicle."
2442,concepts,"From a financial perspective, the cash flow statement shows cash flows from operating, investing, and financing activities."
2443,calculations,"An asset whose price moves from 450 to 293 euros has a return of -34.9%, excluding income."
2444,instruments,Investors in a common stock face relatively high risk.
2445,calculations,"The monthly payment on a 3-year amortizing loan of 160,000 dollars at 7% annual interest is approximately 4,940.34 dollars."
2446,comparative,"A mutual fund is a pooled investment vehicle, whereas a common stock is an equity security."
2447,concepts,"From a financial perspective, International Financial Reporting Standards are accounting standards used in many countries, including the European Union."
2448,comparative,"The return on a zero-coupon bond comes from the difference between the purchase price and face value, while the return on a corporate bond comes from periodic coupon payments."
2449,comparative,"The return on a treasury bill comes from the discount between the purchase price and face value, while the return on a call option comes from payoff when the underlying price rises above the strike price."
2450,comparative,"A mutual fund is a pooled investment vehicle, whereas a government bond is a debt security."
2451,concepts,A bond trading above its face value is said to trade at a premium.
2452,comparative,"The return on a treasury bill comes from the discount between the purchase price and face value, while the return on a mutual fund comes from distributions and changes in net asset value."
2453,calculations,Net income of 326 million pounds divided by 205 million shares gives earnings per share of 1.59 pounds.
2454,comparative,"The return on a put option comes from payoff when the underlying price falls below the strike price, while the return on a call option comes from payoff when the underlying price rises above the strike price."
2455,calculations,"A company with net income of 48,500,000 dollars and average equity of 914,800,000 dollars has a return on equity of 5.3%."
2456,calculations,Net income of 943 million dollars divided by 403 million shares gives earnings per share of 2.34 dollars.
2457,calculations,"Discounting 44,000 dollars due in 14 years at an annual rate of 3% gives a present value of approximately 29,089.18 dollars."
2458,calculations,A share priced at 119 dollars with earnings per share of 5.10 dollars has a price-to-earnings ratio of about 23.3.
2459,instruments,"Regarding liquidity, a zero-coupon bond offers variable liquidity."
2460,comparative,"The return on a call option comes from payoff when the underlying price rises above the strike price, while the return on an exchange-traded fund comes from distributions and price changes."
2461,calculations,"At a simple interest rate of 2% per year, a principal of 20,000 dollars earns 800.00 dollars in interest over 2 years."
2462,comparative,"The return on a zero-coupon bond comes from the difference between the purchase price and face value, while the return on a call option comes from payoff when the underlying price rises above the strike price."
2463,calculations,"A company with net income of 23,100,000 euros and average equity of 314,300,000 euros has a return on equity of 7.3%."
2464,calculations,"Discounting 35,000 euros due in 1 years at an annual rate of 5% gives a present value of approximately 33,333.33 euros."
2465,calculations,"A company with 558 million shares outstanding at a price of 146.29 euros has a market capitalization of about 81,629.8 million euros."
2466,calculations,A share priced at 72 pounds with earnings per share of 4.27 pounds has a price-to-earnings ratio of about 16.9.
2467,comparative,"The return on a treasury bill comes from the discount between the purchase price and face value, while the return on a mortgage-backed security comes from principal and interest payments passed through from borrowers."
2468,concepts,"As a general principle, The Sharpe ratio measures excess return per unit of total risk."
2469,calculations,"Simple interest on 18,500 pounds at 6% for 1 years amounts to 1,110.00 pounds."
2470,comparative,"A preferred stock is a hybrid security, whereas a zero-coupon bond is a debt security."
2471,calculations,A share priced at 157 pounds with earnings per share of 14.40 pounds has a price-to-earnings ratio of about 10.9.
2472,concepts,Duration measures the sensitivity of a bond's price to changes in interest rates.
2473,comparative,"The return on a mortgage-backed security comes from principal and interest payments passed through from borrowers, while the return on a certificate of deposit comes from fixed interest."
2474,comparative,"A treasury bill is a money market instrument, whereas a zero-coupon bond is a debt security."
2475,calculations,An annual dividend of 4.82 pounds on a share priced at 270 pounds gives a dividend yield of 1.79%.
2476,calculations,"A company with net income of 32,200,000 dollars and average equity of 281,000,000 dollars has a return on equity of 11.5%."
2477,calculations,"The present value of 93,000 dollars received in 18 years, discounted at 4% per year, is about 45,907.42 dollars."
2478,calculations,"At a simple interest rate of 2% per year, a principal of 6,000 dollars earns 360.00 dollars in interest over 3 years."
2479,calculations,"A company with current assets of 3,390 thousand pounds and current liabilities of 3,890 thousand pounds has a current ratio of 0.87."
2480,calculations,A nominal interest rate of 6% combined with 5% inflation implies a real interest rate of approximately 0.95%.
2481,calculations,"An asset whose price moves from 7,900 to 5,178 euros has a return of -34.5%, excluding income."
2482,calculations,"If earnings per share are 14.01 dollars and the share price is 210 dollars, the P/E ratio is approximately 15.0."
2483,calculations,"A loan of 130,000 pounds at a 2% annual rate, repaid monthly over 5 years, has a monthly payment of about 2,278.61 pounds."
2484,concepts,"As a general principle, counterparty risk is the risk that the other party in a transaction defaults on its obligations."
2485,comparative,"A forward contract is a derivative, whereas an exchange-traded fund is a pooled investment vehicle."
2486,ratios,Analysts use the quick ratio to assess short-term liquidity without relying on the sale of inventory.
2487,ratios,The operating margin measures the share of revenue remaining after operating expenses.
2488,calculations,"At a simple interest rate of 6% per year, a principal of 6,000 euros earns 3,240.00 euros in interest over 9 years."
2489,calculations,"At a simple interest rate of 4% per year, a principal of 12,500 euros earns 3,000.00 euros in interest over 6 years."
2490,instruments,"In terms of risk, a corporate bond carries moderate risk that depends on the issuer's credit rating."
2491,comparative,"An exchange-traded fund is a pooled investment vehicle, whereas a forward contract is a derivative."
2492,calculations,"The monthly payment on a 10-year amortizing loan of 105,000 dollars at 3% annual interest is approximately 1,013.89 dollars."
2493,calculations,An annual dividend of 2.46 euros on a share priced at 10 euros gives a dividend yield of 24.60%.
2494,calculations,"The monthly payment on a 20-year amortizing loan of 110,000 dollars at 3% annual interest is approximately 610.06 dollars."
2495,concepts,"From a financial perspective, convexity describes how a bond's duration changes as interest rates change."
2496,comparative,"The return on a government bond comes from periodic coupon payments, while the return on a call option comes from payoff when the underlying price rises above the strike price."
2497,concepts,"Asset allocation is the division of a portfolio among asset classes such as equities, bonds, and cash."
2498,concepts,"From a financial perspective, a bond trading above its face value is said to trade at a premium."
2499,calculations,An annual dividend of 8.64 pounds on a share priced at 20 pounds gives a dividend yield of 43.20%.
2500,comparative,"The return on an exchange-traded fund comes from distributions and price changes, while the return on a call option comes from payoff when the underlying price rises above the strike price."
2501,instruments,A government bond generates income through periodic coupon payments.
2502,calculations,"Simple interest on 15,000 pounds at 2% for 10 years amounts to 3,000.00 pounds."
2503,calculations,"The future value of 44,000 euros invested for 26 years at a 8% annual rate, compounded yearly, is about 325,439.54 euros."
2504,calculations,"Simple interest on 18,250 euros at 6% for 6 years amounts to 6,570.00 euros."
2505,calculations,"A company with current assets of 440 thousand euros and current liabilities of 1,450 thousand euros has a current ratio of 0.30."
2506,calculations,"The future value of 28,500 dollars invested for 12 years at a 8% annual rate, compounded yearly, is about 71,767.85 dollars."
2507,ratios,Analysts use the net debt to EBITDA to assess roughly how many years of operating earnings would be needed to repay net debt.
2508,calculations,A share priced at 102 pounds with earnings per share of 13.69 pounds has a price-to-earnings ratio of about 7.5.
2509,calculations,"A loan of 330,000 dollars at a 5% annual rate, repaid monthly over 3 years, has a monthly payment of about 9,890.40 dollars."
2510,calculations,A share priced at 70 dollars with earnings per share of 0.80 dollars has a price-to-earnings ratio of about 87.5.
2511,calculations,"Simple interest on 17,750 pounds at 3% for 10 years amounts to 5,325.00 pounds."
2512,concepts,Venture capital provides financing to early-stage companies with high growth potential.
2513,comparative,"The return on a certificate of deposit comes from fixed interest, while the return on a put option comes from payoff when the underlying price falls below the strike price."
2514,calculations,"A bond with a face value of 1,000 pounds, a 3% annual coupon, and a price of 875 pounds has a current yield of about 3.43%. The bond trades at a discount."
2515,concepts,"As a general principle, fiscal policy refers to government decisions on taxation and public spending."
2516,calculations,"With a nominal return of 10% and inflation of 5%, the real return is about 4.76% using the exact Fisher relation."
2517,concepts,"As a general principle, venture capital provides financing to early-stage companies with high growth potential."
2518,calculations,"The present value of 25,000 dollars received in 7 years, discounted at 10% per year, is about 12,828.95 dollars."
2519,calculations,An annual dividend of 5.48 pounds on a share priced at 56 pounds gives a dividend yield of 9.79%.
2520,concepts,"As a general principle, the coupon rate is the annual interest payment expressed as a percentage of a bond's face value."
2521,calculations,"The future value of 27,000 euros invested for 13 years at a 5% annual rate, compounded yearly, is about 50,912.53 euros."
2522,calculations,"With annual compounding at 4%, 36,500 euros becomes approximately 65,734.44 euros in 15 years."
2523,calculations,"A loan of 120,000 pounds at a 3% annual rate, repaid monthly over 20 years, has a monthly payment of about 665.52 pounds."
2524,calculations,"With a nominal return of 10% and inflation of 6%, the real return is about 3.77% using the exact Fisher relation."
2525,calculations,"Net income of 26,600,000 pounds on shareholders' equity of 319,800,000 pounds corresponds to a return on equity of about 8.3%."
2526,calculations,"The future value of 31,500 pounds invested for 21 years at a 4.5% annual rate, compounded yearly, is about 79,387.60 pounds."
2527,calculations,"Net income of 12,000,000 dollars on shareholders' equity of 90,500,000 dollars corresponds to a return on equity of about 13.3%."
2528,concepts,"In economics and finance, inflation risk is the risk that rising prices erode the purchasing power of returns."
2529,calculations,"With annual compounding at 2%, 33,500 dollars becomes approximately 44,202.54 dollars in 14 years."
2530,comparative,"The return on a futures contract comes from gains or losses from price changes in the underlying asset, while the return on a zero-coupon bond comes from the difference between the purchase price and face value."
2531,calculations,"A company with net income of 16,900,000 pounds and average equity of 285,100,000 pounds has a return on equity of 5.9%."
2532,concepts,"In economics and finance, EBITDA stands for earnings before interest, taxes, depreciation, and amortization."
2533,concepts,"In finance, the income statement reports a company's revenues, expenses, and profit over a period."
2534,instruments,A mutual fund is typically managed by asset management companies.
2535,comparative,"The return on a zero-coupon bond comes from the difference between the purchase price and face value, while the return on an interest rate swap comes from net exchanged interest payments."
2536,concepts,"In economics and finance, the yield to maturity is the discount rate that equates a bond's price with the present value of its cash flows."
2537,calculations,"A bond with a face value of 1,000 dollars, a 2% annual coupon, and a price of 850 dollars has a current yield of about 2.35%. The bond trades at a discount."
2538,ratios,"To compute the operating margin, divide as follows: operating income divided by revenue."
2539,comparative,"A corporate bond is a debt security, whereas an exchange-traded fund is a pooled investment vehicle."
2540,calculations,"A company with 911 million shares outstanding at a price of 273.41 dollars has a market capitalization of about 249,076.5 million dollars."
2541,comparative,"The return on a put option comes from payoff when the underlying price falls below the strike price, while the return on a government bond comes from periodic coupon payments."
2542,comparative,"The return on an interest rate swap comes from net exchanged interest payments, while the return on a real estate investment trust comes from rental income distributions and price changes."
2543,calculations,"With annual compounding at 4.5%, 34,500 euros becomes approximately 42,993.28 euros in 5 years."
2544,comparative,"A common stock is an equity security, whereas an exchange-traded fund is a pooled investment vehicle."
2545,instruments,Investors in a mortgage-backed security face credit risk and prepayment risk.
2546,calculations,"An investment of 25,500 dollars at 5% annual interest compounded annually grows to about 48,084.05 dollars after 13 years."
2547,calculations,"A bond with a face value of 1,000 euros, a 6% annual coupon, and a price of 930 euros has a current yield of about 6.45%. The bond trades at a discount."
2548,calculations,A share priced at 112 euros with earnings per share of 10.77 euros has a price-to-earnings ratio of about 10.4.
2549,concepts,"From a financial perspective, Generally accepted accounting principles in the United States are known as US GAAP."
2550,calculations,"A company with current assets of 3,930 thousand pounds and current liabilities of 3,960 thousand pounds has a current ratio of 0.99."
2551,calculations,"With a nominal return of 5% and inflation of 3%, the real return is about 1.94% using the exact Fisher relation."
2552,calculations,"If earnings per share are 14.54 pounds and the share price is 294 pounds, the P/E ratio is approximately 20.2."
2553,comparative,"The return on a mortgage-backed security comes from principal and interest payments passed through from borrowers, while the return on an interest rate swap comes from net exchanged interest payments."
2554,calculations,"If earnings per share are 10.72 euros and the share price is 198 euros, the P/E ratio is approximately 18.5."
2555,calculations,Net income of 688 million dollars divided by 175 million shares gives earnings per share of 3.93 dollars.
2556,concepts,"As a general principle, a perpetuity is a stream of equal cash flows that continues indefinitely."
2557,concepts,A project with a positive net present value is expected to add value to the firm.
2558,comparative,"The return on a government bond comes from periodic coupon payments, while the return on a futures contract comes from gains or losses from price changes in the underlying asset."
2559,ratios,The price-to-book ratio is calculated as market price per share divided by book value per share.
2560,calculations,An annual dividend of 6.09 pounds on a share priced at 270 pounds gives a dividend yield of 2.26%.
2561,calculations,"If revenue changes from 8,400 to 7,622 thousand pounds, the percentage change is -9.3%."
2562,calculations,Net income of 282 million euros divided by 444 million shares gives earnings per share of 0.64 euros.
2563,calculations,"A company with current assets of 1,180 thousand pounds and current liabilities of 2,540 thousand pounds has a current ratio of 0.46."
2564,comparative,"The return on a mortgage-backed security comes from principal and interest payments passed through from borrowers, while the return on a preferred stock comes from fixed or floating dividends."
2565,concepts,"From a financial perspective, arbitrage is the simultaneous purchase and sale of an asset to profit from a price difference."
2566,comparative,"A treasury bill is a money market instrument, whereas an exchange-traded fund is a pooled investment vehicle."
2567,comparative,"The return on a real estate investment trust comes from rental income distributions and price changes, while the return on a call option comes from payoff when the underlying price rises above the strike price."
2568,calculations,A nominal interest rate of 4% combined with 3% inflation implies a real interest rate of approximately 0.97%.
2569,concepts,"In economics and finance, present value is the current worth of a future cash flow discounted at an appropriate rate."
2570,calculations,Net income of 166 million dollars divided by 234 million shares gives earnings per share of 0.71 dollars.
2571,comparative,"A mortgage-backed security is an asset-backed security, whereas an exchange-traded fund is a pooled investment vehicle."
2572,calculations,"A company with current assets of 850 thousand pounds and current liabilities of 4,810 thousand pounds has a current ratio of 0.18."
2573,calculations,An annual dividend of 7.63 euros on a share priced at 225 euros gives a dividend yield of 3.39%.
2574,calculations,"The monthly payment on a 5-year amortizing loan of 215,000 euros at 2% annual interest is approximately 3,768.47 euros."
2575,calculations,"Discounting 43,000 dollars due in 17 years at an annual rate of 2% gives a present value of approximately 30,708.99 dollars."
2576,calculations,Net income of 318 million pounds divided by 341 million shares gives earnings per share of 0.93 pounds.
2577,calculations,"If revenue changes from 8,750 to 12,253 thousand pounds, the percentage change is +40.0%."
2578,concepts,A recession is commonly described as a significant decline in economic activity lasting several months.
2579,concepts,"In economics and finance, interest rate risk is the risk that changes in interest rates reduce the value of an investment."
2580,calculations,"The monthly payment on a 25-year amortizing loan of 205,000 euros at 4% annual interest is approximately 1,082.07 euros."
2581,calculations,"A loan of 215,000 pounds at a 4% annual rate, repaid monthly over 30 years, has a monthly payment of about 1,026.44 pounds."
2582,calculations,"A company with net income of 38,900,000 pounds and average equity of 405,800,000 pounds has a return on equity of 9.6%."
2583,ratios,"The days sales outstanding is calculated as accounts receivable divided by revenue, multiplied by the number of days in the period."
2584,calculations,Net income of 565 million pounds divided by 32 million shares gives earnings per share of 17.66 pounds.
2585,calculations,"At a simple interest rate of 4% per year, a principal of 6,500 dollars earns 1,300.00 dollars in interest over 5 years."
2586,comparative,"A put option is a derivative, whereas a common stock is an equity security."
2587,calculations,"Net income of 41,600,000 pounds on shareholders' equity of 761,900,000 pounds corresponds to a return on equity of about 5.5%."
2588,calculations,An annual dividend of 5.04 pounds on a share priced at 144 pounds gives a dividend yield of 3.50%.
2589,calculations,"At a simple interest rate of 5% per year, a principal of 19,000 euros earns 950.00 euros in interest over 1 years."
2590,comparative,"The return on a real estate investment trust comes from rental income distributions and price changes, while the return on a mutual fund comes from distributions and changes in net asset value."
2591,concepts,"As a general principle, dollar-cost averaging involves investing a fixed amount at regular intervals."
2592,comparative,"A mutual fund is a pooled investment vehicle, whereas an interest rate swap is a derivative."
2593,instruments,A key feature of a forward contract is that it is a customized agreement to exchange an asset at a set price on a future date.
2594,instruments,"Regarding the mortgage-backed security, falling interest rates tend to increase prepayments."
2595,calculations,"If earnings per share are 5.91 euros and the share price is 132 euros, the P/E ratio is approximately 22.3."
2596,ratios,"To compute the debt-to-equity ratio, divide as follows: total debt divided by shareholders' equity."
2597,calculations,An annual dividend of 8.00 pounds on a share priced at 210 pounds gives a dividend yield of 3.81%.
2598,ratios,The asset turnover is an efficiency ratio.
2599,calculations,"The future value of 3,500 euros invested for 2 years at a 2.5% annual rate, compounded yearly, is about 3,677.19 euros."
2600,instruments,"In terms of risk, a preferred stock carries moderate risk."
2601,calculations,"If revenue changes from 3,500 to 3,450 thousand euros, the percentage change is -1.4%."
2602,calculations,An annual dividend of 9.88 pounds on a share priced at 196 pounds gives a dividend yield of 5.04%.
2603,comparative,"A government bond is a debt security, whereas a mortgage-backed security is an asset-backed security."
2604,calculations,"A company with 721 million shares outstanding at a price of 35.00 dollars has a market capitalization of about 25,235.0 million dollars."
2605,ratios,The quick ratio measures short-term liquidity without relying on the sale of inventory.
2606,calculations,"If revenue changes from 700 to 616 thousand dollars, the percentage change is -12.0%."
2607,calculations,"The present value of 9,000 dollars received in 16 years, discounted at 4% per year, is about 4,805.17 dollars."
2608,calculations,"A company with current assets of 3,430 thousand euros and current liabilities of 2,390 thousand euros has a current ratio of 1.44."
2609,concepts,"In finance, liquidity risk is the risk that an asset cannot be sold quickly without a significant price concession."
2610,comparative,"A forward contract is a derivative, whereas a government bond is a debt security."
2611,calculations,"At a simple interest rate of 6% per year, a principal of 10,000 pounds earns 3,000.00 pounds in interest over 5 years."
2612,calculations,An annual dividend of 9.35 pounds on a share priced at 36 pounds gives a dividend yield of 25.97%.
2613,instruments,Investors in a convertible bond face moderate risk.
2614,calculations,"A bond with a face value of 1,000 pounds, a 4% annual coupon, and a price of 1,145 pounds has a current yield of about 3.49%. The bond trades at a premium."
2615,comparative,"A mortgage-backed security is an asset-backed security, whereas a put option is a derivative."
2616,calculations,"A company with 53 million shares outstanding at a price of 209.50 dollars has a market capitalization of about 11,103.5 million dollars."
2617,calculations,Net income of 32 million euros divided by 127 million shares gives earnings per share of 0.25 euros.
2618,comparative,"An interest rate swap is a derivative, whereas a money market fund is a pooled investment vehicle."
2619,calculations,A nominal interest rate of 2% combined with 1.5% inflation implies a real interest rate of approximately 0.49%.
2620,calculations,"A bond with a face value of 1,000 euros, a 6% annual coupon, and a price of 945 euros has a current yield of about 6.35%. The bond trades at a discount."
2621,calculations,"Net income of 11,500,000 euros on shareholders' equity of 103,200,000 euros corresponds to a return on equity of about 11.1%."
2622,concepts,"As a general principle, correlation measures how closely the returns of two assets move together."
2623,calculations,"A company with current assets of 2,750 thousand dollars and current liabilities of 2,700 thousand dollars has a current ratio of 1.02."
2624,concepts,"From a financial perspective, the efficient market hypothesis states that asset prices reflect all available information."
2625,comparative,"The return on a futures contract comes from gains or losses from price changes in the underlying asset, while the return on a convertible bond comes from coupon payments plus the option to convert into shares."
2626,calculations,"The present value of 45,000 dollars received in 11 years, discounted at 5% per year, is about 26,310.57 dollars."
2627,instruments,"Regarding liquidity, a preferred stock offers variable liquidity."
2628,calculations,"At a simple interest rate of 4% per year, a principal of 6,000 dollars earns 720.00 dollars in interest over 3 years."
2629,comparative,"An interest rate swap is a derivative, whereas a zero-coupon bond is a debt security."
2630,calculations,Net income of 548 million euros divided by 308 million shares gives earnings per share of 1.78 euros.
2631,calculations,"A company with 392 million shares outstanding at a price of 247.48 dollars has a market capitalization of about 97,012.2 million dollars."
2632,comparative,"The return on a corporate bond comes from periodic coupon payments, while the return on a mutual fund comes from distributions and changes in net asset value."
2633,calculations,"Net income of 46,600,000 euros on shareholders' equity of 881,400,000 euros corresponds to a return on equity of about 5.3%."
2634,concepts,Hedging is the use of financial instruments to reduce exposure to a specific risk.
2635,instruments,A common stock is typically issued by corporations.
2636,calculations,An annual dividend of 5.36 dollars on a share priced at 75 dollars gives a dividend yield of 7.15%.
2637,concepts,"The capital asset pricing model relates an asset's expected return to its systematic risk, measured by beta."
2638,calculations,"The future value of 44,500 dollars invested for 12 years at a 5% annual rate, compounded yearly, is about 79,915.61 dollars."
2639,calculations,"A loan of 90,000 pounds at a 7% annual rate, repaid monthly over 25 years, has a monthly payment of about 636.10 pounds."
2640,concepts,"In economics and finance, asset allocation is the division of a portfolio among asset classes such as equities, bonds, and cash."
2641,calculations,"With a nominal return of 2% and inflation of 5%, the real return is about -2.86% using the exact Fisher relation."
2642,comparative,"A real estate investment trust is a pooled investment vehicle, whereas a put option is a derivative."
2643,calculations,Net income of 741 million pounds divided by 130 million shares gives earnings per share of 5.70 pounds.
2644,calculations,An annual dividend of 9.46 pounds on a share priced at 64 pounds gives a dividend yield of 14.78%.
2645,calculations,"At a simple interest rate of 3% per year, a principal of 16,500 dollars earns 2,475.00 dollars in interest over 5 years."
2646,calculations,"A loan of 5,000 euros at a 3.5% annual rate, repaid monthly over 5 years, has a monthly payment of about 90.96 euros."
2647,calculations,"A bond with a face value of 1,000 dollars, a 7% annual coupon, and a price of 975 dollars has a current yield of about 7.18%. The bond trades at a discount."
2648,calculations,"If a 7% coupon bond with a 1,000 dollars face value trades at 1,085 dollars, its current yield is approximately 6.45%. The bond trades at a premium."
2649,calculations,Net income of 186 million euros divided by 480 million shares gives earnings per share of 0.39 euros.
2650,ratios,"To compute the quick ratio, divide as follows: current assets minus inventories, divided by current liabilities."
2651,calculations,"If revenue changes from 1,750 to 1,981 thousand pounds, the percentage change is +13.2%."
2652,ratios,The asset turnover is calculated as revenue divided by average total assets.
2653,comparative,"A preferred stock is a hybrid security, whereas a mutual fund is a pooled investment vehicle."
2654,instruments,A convertible bond is a hybrid security.
2655,comparative,"The return on a treasury bill comes from the discount between the purchase price and face value, while the return on a common stock comes from dividends and capital gains."
2656,comparative,"The return on a mutual fund comes from distributions and changes in net asset value, while the return on a convertible bond comes from coupon payments plus the option to convert into shares."
2657,calculations,"A loan of 250,000 pounds at a 3.5% annual rate, repaid monthly over 10 years, has a monthly payment of about 2,472.15 pounds."
2658,calculations,A company with 5 million shares outstanding at a price of 56.08 euros has a market capitalization of about 280.4 million euros.
2659,comparative,"The return on a put option comes from payoff when the underlying price falls below the strike price, while the return on an exchange-traded fund comes from distributions and price changes."
2660,calculations,"If a 5% coupon bond with a 1,000 euros face value trades at 930 euros, its current yield is approximately 5.38%. The bond trades at a discount."
2661,calculations,"Simple interest on 19,250 euros at 2% for 10 years amounts to 3,850.00 euros."
2662,calculations,An annual dividend of 1.33 dollars on a share priced at 281 dollars gives a dividend yield of 0.47%.
2663,ratios,The price-to-book ratio belongs to the family of valuation metrics.
2664,instruments,An exchange-traded fund is typically listed on stock exchanges.
2665,calculations,"A company with 695 million shares outstanding at a price of 313.64 euros has a market capitalization of about 217,979.8 million euros."
2666,calculations,Net income of 464 million pounds divided by 99 million shares gives earnings per share of 4.69 pounds.
2667,calculations,"The monthly payment on a 20-year amortizing loan of 110,000 dollars at 3.5% annual interest is approximately 637.96 dollars."
2668,calculations,An annual dividend of 1.01 dollars on a share priced at 188 dollars gives a dividend yield of 0.54%.
2669,calculations,"Net income of 45,700,000 dollars on shareholders' equity of 748,900,000 dollars corresponds to a return on equity of about 6.1%."
2670,comparative,"The return on a government bond comes from periodic coupon payments, while the return on an interest rate swap comes from net exchanged interest payments."
2671,calculations,"A company with 449 million shares outstanding at a price of 223.95 dollars has a market capitalization of about 100,553.5 million dollars."
2672,calculations,"A bond with a face value of 1,000 euros, a 5% annual coupon, and a price of 1,135 euros has a current yield of about 4.41%. The bond trades at a premium."
2673,concepts,"As a general principle, a bond trading above its face value is said to trade at a premium."
2674,calculations,"With annual compounding at 6%, 2,000 euros becomes approximately 2,837.04 euros in 6 years."
2675,comparative,"A preferred stock is a hybrid security, whereas a corporate bond is a debt security."
2676,calculations,"The present value of 4,000 pounds received in 2 years, discounted at 2% per year, is about 3,844.68 pounds."
2677,instruments,The return on a treasury bill comes from the discount between the purchase price and face value.
2678,calculations,"Discounting 93,000 dollars due in 9 years at an annual rate of 4% gives a present value of approximately 65,340.57 dollars."
2679,calculations,"The future value of 13,500 euros invested for 2 years at a 5% annual rate, compounded yearly, is about 14,883.75 euros."
2680,comparative,"An exchange-traded fund is a pooled investment vehicle, whereas a corporate bond is a debt security."
2681,comparative,"The return on a real estate investment trust comes from rental income distributions and price changes, while the return on a futures contract comes from gains or losses from price changes in the underlying asset."
2682,instruments,A key feature of a real estate investment trust is that it allows investors to gain exposure to property without buying buildings directly.
2683,concepts,"From a financial perspective, insurance transfers risk from the policyholder to the insurer in exchange for a premium."
2684,comparative,"The return on a real estate investment trust comes from rental income distributions and price changes, while the return on a forward contract comes from gains or losses at settlement."
2685,calculations,Net income of 209 million dollars divided by 459 million shares gives earnings per share of 0.46 dollars.
2686,calculations,"With annual compounding at 7%, 50,000 euros becomes approximately 221,520.09 euros in 22 years."
2687,ratios,The gross margin is calculated as gross profit divided by revenue.
2688,calculations,"If revenue changes from 8,750 to 8,762 thousand dollars, the percentage change is +0.1%."
2689,calculations,"Net income of 34,300,000 dollars on shareholders' equity of 516,300,000 dollars corresponds to a return on equity of about 6.6%."
2690,concepts,"In economics and finance, arbitrage is the simultaneous purchase and sale of an asset to profit from a price difference."
2691,ratios,The inventory turnover is an efficiency ratio.
2692,concepts,"The cash flow statement shows cash flows from operating, investing, and financing activities."
2693,instruments,A key feature of a common stock is that its holders usually have voting rights at shareholder meetings.
2694,calculations,"Simple interest on 17,500 euros at 4% for 1 years amounts to 700.00 euros."
2695,comparative,"The return on a mutual fund comes from distributions and changes in net asset value, while the return on a preferred stock comes from fixed or floating dividends."
2696,calculations,"The present value of 21,000 dollars received in 8 years, discounted at 4% per year, is about 15,344.49 dollars."
2697,calculations,"Net income of 14,500,000 dollars on shareholders' equity of 251,000,000 dollars corresponds to a return on equity of about 5.8%."
2698,ratios,Analysts use the price-to-book ratio to assess the market value of equity relative to its accounting value.
2699,instruments,"Regarding the money market fund, it invests in short-term, high-quality debt instruments."
2700,comparative,"A futures contract is a derivative, whereas a government bond is a debt security."
2701,comparative,"The return on a mortgage-backed security comes from principal and interest payments passed through from borrowers, while the return on a corporate bond comes from periodic coupon payments."
2702,calculations,"An asset whose price moves from 3,450 to 4,008 pounds has a return of +16.2%, excluding income."
2703,calculations,"A loan of 350,000 pounds at a 5% annual rate, repaid monthly over 15 years, has a monthly payment of about 2,767.78 pounds."
2704,instruments,A key feature of a preferred stock is that cumulative preferred shares accumulate unpaid dividends as arrears.
2705,instruments,A futures contract is typically traded on organized exchanges.
2706,calculations,Net income of 793 million dollars divided by 393 million shares gives earnings per share of 2.02 dollars.
2707,concepts,"In finance, amortization allocates the cost of an intangible asset over its useful life."
2708,calculations,"Simple interest on 8,250 dollars at 3% for 1 years amounts to 247.50 dollars."
2709,calculations,"A loan of 35,000 pounds at a 6% annual rate, repaid monthly over 10 years, has a monthly payment of about 388.57 pounds."
2710,calculations,"With a nominal return of 2% and inflation of 1%, the real return is about 0.99% using the exact Fisher relation."
2711,calculations,"A company with current assets of 4,460 thousand euros and current liabilities of 4,200 thousand euros has a current ratio of 1.06."
2712,calculations,"The future value of 40,000 dollars invested for 8 years at a 5% annual rate, compounded yearly, is about 59,098.22 dollars."
2713,concepts,"As a general principle, free cash flow is the cash a company generates after capital expenditures."
2714,calculations,"A company with 797 million shares outstanding at a price of 468.72 dollars has a market capitalization of about 373,569.8 million dollars."
2715,instruments,"In terms of risk, an interest rate swap carries counterparty risk and interest rate risk."
2716,calculations,"A company with net income of 5,300,000 euros and average equity of 62,800,000 euros has a return on equity of 8.4%."
2717,calculations,"An asset whose price moves from 900 to 712 pounds has a return of -20.9%, excluding income."
2718,calculations,"An asset whose price moves from 8,500 to 11,082 euros has a return of +30.4%, excluding income."
2719,calculations,An annual dividend of 8.96 pounds on a share priced at 79 pounds gives a dividend yield of 11.34%.
2720,calculations,"Simple interest on 9,250 dollars at 2% for 5 years amounts to 925.00 dollars."
2721,concepts,"In finance, a primary market is where securities are issued and sold for the first time."
2722,calculations,Net income of 472 million euros divided by 298 million shares gives earnings per share of 1.58 euros.
2723,calculations,"Discounting 86,000 pounds due in 7 years at an annual rate of 8% gives a present value of approximately 50,180.17 pounds."
2724,calculations,"If a 5% coupon bond with a 1,000 euros face value trades at 910 euros, its current yield is approximately 5.49%. The bond trades at a discount."
2725,calculations,"A company with current assets of 3,270 thousand euros and current liabilities of 2,540 thousand euros has a current ratio of 1.29."
2726,concepts,"From a financial perspective, Payment services directives in the European Union regulate payment institutions and electronic payments."
2727,calculations,"The monthly payment on a 5-year amortizing loan of 290,000 euros at 5% annual interest is approximately 5,472.66 euros."
2728,comparative,"A zero-coupon bond is a debt security, whereas a mortgage-backed security is an asset-backed security."
2729,calculations,"A loan of 185,000 dollars at a 2% annual rate, repaid monthly over 15 years, has a monthly payment of about 1,190.49 dollars."
2730,ratios,The days sales outstanding is an efficiency ratio.
2731,calculations,"The present value of 36,000 euros received in 5 years, discounted at 3% per year, is about 31,053.92 euros."
2732,comparative,"A preferred stock is a hybrid security, whereas a futures contract is a derivative."
2733,calculations,An annual dividend of 4.85 pounds on a share priced at 56 pounds gives a dividend yield of 8.66%.
2734,calculations,An annual dividend of 3.37 euros on a share priced at 42 euros gives a dividend yield of 8.02%.
2735,calculations,A share priced at 235 dollars with earnings per share of 4.15 dollars has a price-to-earnings ratio of about 56.6.
2736,calculations,"A company with 266 million shares outstanding at a price of 248.62 pounds has a market capitalization of about 66,132.9 million pounds."
2737,concepts,"In finance, value at risk estimates the potential loss of a portfolio over a given period at a given confidence level."
2738,calculations,"A company with 319 million shares outstanding at a price of 238.75 pounds has a market capitalization of about 76,161.2 million pounds."
2739,calculations,"If revenue changes from 9,600 to 14,518 thousand dollars, the percentage change is +51.2%."
2740,concepts,"As a general principle, present value is the current worth of a future cash flow discounted at an appropriate rate."
2741,comparative,"A corporate bond is a debt security, whereas a call option is a derivative."
2742,calculations,"An asset whose price moves from 1,550 to 2,422 dollars has a return of +56.3%, excluding income."
2743,comparative,"A mutual fund is a pooled investment vehicle, whereas a forward contract is a derivative."
2744,calculations,"If revenue changes from 3,450 to 2,467 thousand euros, the percentage change is -28.5%."
2745,calculations,"A company with current assets of 2,940 thousand dollars and current liabilities of 3,070 thousand dollars has a current ratio of 0.96."
2746,concepts,"In economics and finance, the nominal interest rate is the stated rate before adjusting for inflation."
2747,calculations,Net income of 727 million euros divided by 310 million shares gives earnings per share of 2.35 euros.
2748,concepts,"In finance, the weighted average cost of capital is the average rate a company pays to finance its assets, weighted by the proportion of debt and equity."
2749,calculations,Net income of 749 million euros divided by 365 million shares gives earnings per share of 2.05 euros.
2750,calculations,"The present value of 77,000 pounds received in 1 years, discounted at 10% per year, is about 70,000.00 pounds."
2751,comparative,"The return on an interest rate swap comes from net exchanged interest payments, while the return on a treasury bill comes from the discount between the purchase price and face value."
2752,calculations,"Discounting 75,000 dollars due in 18 years at an annual rate of 3% gives a present value of approximately 44,054.60 dollars."
2753,calculations,A company with current assets of 780 thousand pounds and current liabilities of 160 thousand pounds has a current ratio of 4.88.
2754,comparative,"A call option is a derivative, whereas a zero-coupon bond is a debt security."
2755,calculations,"If earnings per share are 4.90 euros and the share price is 124 euros, the P/E ratio is approximately 25.3."
2756,calculations,"The monthly payment on a 20-year amortizing loan of 210,000 euros at 4.5% annual interest is approximately 1,328.56 euros."
2757,calculations,"With a nominal return of 3% and inflation of 5%, the real return is about -1.90% using the exact Fisher relation."
2758,calculations,"A company with net income of 32,900,000 dollars and average equity of 167,800,000 dollars has a return on equity of 19.6%."
2759,calculations,"A company with 261 million shares outstanding at a price of 59.01 dollars has a market capitalization of about 15,401.6 million dollars."
2760,calculations,"With a nominal return of 9% and inflation of 1%, the real return is about 7.92% using the exact Fisher relation."
2761,instruments,"Regarding liquidity, a government bond offers high liquidity in major markets."
2762,comparative,"The return on a convertible bond comes from coupon payments plus the option to convert into shares, while the return on a government bond comes from periodic coupon payments."
2763,calculations,"If revenue changes from 7,000 to 6,000 thousand dollars, the percentage change is -14.3%."
2764,calculations,"A loan of 280,000 pounds at a 4% annual rate, repaid monthly over 25 years, has a monthly payment of about 1,477.94 pounds."
2765,comparative,"A mortgage-backed security is an asset-backed security, whereas an interest rate swap is a derivative."
2766,calculations,"With a nominal return of 2% and inflation of 3%, the real return is about -0.97% using the exact Fisher relation."
2767,instruments,"A key feature of a call option is that its buyer pays a premium to the seller, called the writer."
2768,calculations,"A company with net income of 1,600,000 pounds and average equity of 14,200,000 pounds has a return on equity of 11.3%."
2769,ratios,The dividend yield is a valuation ratio.
2770,comparative,"A money market fund is a pooled investment vehicle, whereas a futures contract is a derivative."
2771,calculations,"With a nominal return of 2% and inflation of 2%, the real return is about 0.00% using the exact Fisher relation."
2772,calculations,"Net income of 12,000,000 pounds on shareholders' equity of 166,700,000 pounds corresponds to a return on equity of about 7.2%."
2773,calculations,"The monthly payment on a 20-year amortizing loan of 370,000 euros at 4% annual interest is approximately 2,242.13 euros."
2774,calculations,"An investment of 21,000 pounds at 6% annual interest compounded annually grows to about 56,548.23 pounds after 17 years."
2775,calculations,"The monthly payment on a 3-year amortizing loan of 250,000 pounds at 6% annual interest is approximately 7,605.48 pounds."
2776,calculations,"A company with 690 million shares outstanding at a price of 103.78 pounds has a market capitalization of about 71,608.2 million pounds."
2777,calculations,An annual dividend of 4.40 euros on a share priced at 108 euros gives a dividend yield of 4.07%.
2778,calculations,"Net income of 35,000,000 pounds on shareholders' equity of 231,700,000 pounds corresponds to a return on equity of about 15.1%."
2779,instruments,The return on a government bond comes from periodic coupon payments.
2780,concepts,"As a general principle, loss aversion describes the tendency to feel losses more strongly than equivalent gains."
2781,concepts,"As a general principle, a leveraged buyout is an acquisition financed largely with borrowed money."
2782,comparative,"A mutual fund is a pooled investment vehicle, whereas a call option is a derivative."
2783,calculations,"A company with current assets of 690 thousand euros and current liabilities of 3,840 thousand euros has a current ratio of 0.18."
2784,calculations,A share priced at 259 pounds with earnings per share of 13.90 pounds has a price-to-earnings ratio of about 18.6.
2785,calculations,Net income of 481 million pounds divided by 364 million shares gives earnings per share of 1.32 pounds.
2786,calculations,"A loan of 315,000 pounds at a 4% annual rate, repaid monthly over 20 years, has a monthly payment of about 1,908.84 pounds."
2787,comparative,"A treasury bill is a money market instrument, whereas a real estate investment trust is a pooled investment vehicle."
2788,calculations,An annual dividend of 4.03 dollars on a share priced at 277 dollars gives a dividend yield of 1.45%.
2789,comparative,"A mutual fund is a pooled investment vehicle, whereas a corporate bond is a debt security."
2790,calculations,"Simple interest on 2,500 dollars at 3% for 8 years amounts to 600.00 dollars."
2791,calculations,"If a 4% coupon bond with a 1,000 euros face value trades at 955 euros, its current yield is approximately 4.19%. The bond trades at a discount."
2792,comparative,"A real estate investment trust is a pooled investment vehicle, whereas an interest rate swap is a derivative."
2793,comparative,"A mutual fund is a pooled investment vehicle, whereas a certificate of deposit is a time deposit."
2794,calculations,"At a simple interest rate of 6% per year, a principal of 11,000 pounds earns 1,320.00 pounds in interest over 2 years."
2795,comparative,"A corporate bond is a debt security, whereas a real estate investment trust is a pooled investment vehicle."
2796,calculations,"A loan of 205,000 euros at a 6% annual rate, repaid monthly over 15 years, has a monthly payment of about 1,729.91 euros."
2797,instruments,"Regarding the corporate bond, its yield includes a credit spread over comparable government bonds."
2798,comparative,"The return on a mortgage-backed security comes from principal and interest payments passed through from borrowers, while the return on an exchange-traded fund comes from distributions and price changes."
2799,calculations,An annual dividend of 1.62 euros on a share priced at 145 euros gives a dividend yield of 1.12%.
2800,comparative,"The return on a convertible bond comes from coupon payments plus the option to convert into shares, while the return on a preferred stock comes from fixed or floating dividends."
2801,calculations,"If revenue changes from 5,000 to 3,384 thousand pounds, the percentage change is -32.3%."
2802,comparative,"The return on a certificate of deposit comes from fixed interest, while the return on a government bond comes from periodic coupon payments."
2803,calculations,"The monthly payment on a 15-year amortizing loan of 290,000 dollars at 7% annual interest is approximately 2,606.60 dollars."
2804,calculations,An annual dividend of 1.88 euros on a share priced at 160 euros gives a dividend yield of 1.18%.
2805,calculations,"Simple interest on 9,250 pounds at 4% for 7 years amounts to 2,590.00 pounds."
2806,calculations,"If revenue changes from 6,500 to 6,506 thousand dollars, the percentage change is +0.1%."
2807,calculations,"Discounting 98,000 pounds due in 19 years at an annual rate of 8% gives a present value of approximately 22,707.78 pounds."
2808,calculations,Net income of 768 million euros divided by 339 million shares gives earnings per share of 2.27 euros.
2809,calculations,"If revenue changes from 6,200 to 9,644 thousand dollars, the percentage change is +55.5%."
2810,calculations,"An asset whose price moves from 5,350 to 3,872 euros has a return of -27.6%, excluding income."
2811,calculations,"A company with 27 million shares outstanding at a price of 418.50 dollars has a market capitalization of about 11,299.5 million dollars."
2812,calculations,"With annual compounding at 8%, 32,000 pounds becomes approximately 93,990.20 pounds in 14 years."
2813,calculations,"A company with 324 million shares outstanding at a price of 274.93 dollars has a market capitalization of about 89,077.3 million dollars."
2814,calculations,"The monthly payment on a 15-year amortizing loan of 280,000 pounds at 6% annual interest is approximately 2,362.80 pounds."
2815,calculations,"With a nominal return of 5% and inflation of 4%, the real return is about 0.96% using the exact Fisher relation."
2816,comparative,"The return on a put option comes from payoff when the underlying price falls below the strike price, while the return on a common stock comes from dividends and capital gains."
2817,calculations,Net income of 800 million dollars divided by 21 million shares gives earnings per share of 38.10 dollars.
2818,concepts,A bond trading below its face value is said to trade at a discount.
2819,calculations,Net income of 39 million dollars divided by 265 million shares gives earnings per share of 0.15 dollars.
2820,calculations,"A loan of 85,000 euros at a 7% annual rate, repaid monthly over 25 years, has a monthly payment of about 600.76 euros."
2821,calculations,"Net income of 19,400,000 euros on shareholders' equity of 114,600,000 euros corresponds to a return on equity of about 16.9%."
2822,comparative,"A mortgage-backed security is an asset-backed security, whereas a certificate of deposit is a time deposit."
2823,calculations,"An investment of 26,500 dollars at 4% annual interest compounded annually grows to about 29,808.90 dollars after 3 years."
2824,calculations,"The present value of 93,000 pounds received in 17 years, discounted at 6% per year, is about 34,536.89 pounds."
2825,calculations,"If revenue changes from 800 to 996 thousand dollars, the percentage change is +24.5%."
2826,calculations,"The monthly payment on a 3-year amortizing loan of 315,000 euros at 4% annual interest is approximately 9,300.06 euros."
2827,calculations,"Net income of 14,000,000 pounds on shareholders' equity of 249,800,000 pounds corresponds to a return on equity of about 5.6%."
2828,calculations,"A company with 564 million shares outstanding at a price of 175.86 euros has a market capitalization of about 99,185.0 million euros."
2829,calculations,A nominal interest rate of 8% combined with 1.5% inflation implies a real interest rate of approximately 6.40%.
2830,ratios,The asset turnover belongs to the family of efficiency metrics.
2831,calculations,"Discounting 52,000 euros due in 17 years at an annual rate of 10% gives a present value of approximately 10,287.92 euros."
2832,calculations,"Simple interest on 9,250 pounds at 5% for 6 years amounts to 2,775.00 pounds."
2833,calculations,"A company with 594 million shares outstanding at a price of 479.64 dollars has a market capitalization of about 284,906.2 million dollars."
2834,calculations,"A company with net income of 13,200,000 pounds and average equity of 191,600,000 pounds has a return on equity of 6.9%."
2835,comparative,"The return on an interest rate swap comes from net exchanged interest payments, while the return on a convertible bond comes from coupon payments plus the option to convert into shares."
2836,calculations,A nominal interest rate of 7% combined with 1.5% inflation implies a real interest rate of approximately 5.42%.
2837,concepts,"In economics and finance, fiscal policy refers to government decisions on taxation and public spending."
2838,concepts,Beta measures the sensitivity of an asset's returns to movements in the overall market.
2839,calculations,"Simple interest on 2,500 pounds at 5% for 3 years amounts to 375.00 pounds."
2840,concepts,"In finance, the internal rate of return is the discount rate at which a project's net present value equals zero."
2841,calculations,"A company with current assets of 4,860 thousand dollars and current liabilities of 2,120 thousand dollars has a current ratio of 2.29."
2842,calculations,"With annual compounding at 3.5%, 18,000 euros becomes approximately 21,378.35 euros in 5 years."
2843,concepts,"In economics and finance, amortizing loans repay both principal and interest through scheduled payments."
2844,calculations,"Simple interest on 7,500 dollars at 5% for 1 years amounts to 375.00 dollars."
2845,calculations,"A loan of 105,000 dollars at a 5% annual rate, repaid monthly over 3 years, has a monthly payment of about 3,146.94 dollars."
2846,calculations,"If earnings per share are 9.82 dollars and the share price is 223 dollars, the P/E ratio is approximately 22.7."
2847,calculations,"If earnings per share are 6.15 pounds and the share price is 297 pounds, the P/E ratio is approximately 48.3."
2848,concepts,Loss aversion describes the tendency to feel losses more strongly than equivalent gains.
2849,concepts,"As a general principle, collateral is an asset pledged by a borrower to secure a loan."
2850,calculations,"A company with current assets of 610 thousand dollars and current liabilities of 1,920 thousand dollars has a current ratio of 0.32."
2851,comparative,"A preferred stock is a hybrid security, whereas an exchange-traded fund is a pooled investment vehicle."
2852,calculations,"A company with current assets of 4,150 thousand euros and current liabilities of 2,070 thousand euros has a current ratio of 2.00."
2853,calculations,"A loan of 35,000 dollars at a 4.5% annual rate, repaid monthly over 10 years, has a monthly payment of about 362.73 dollars."
2854,calculations,"At a simple interest rate of 5% per year, a principal of 19,500 pounds earns 3,900.00 pounds in interest over 4 years."
2855,calculations,An annual dividend of 8.74 euros on a share priced at 228 euros gives a dividend yield of 3.83%.
2856,calculations,"A loan of 25,000 dollars at a 3% annual rate, repaid monthly over 5 years, has a monthly payment of about 449.22 dollars."
2857,calculations,An annual dividend of 8.33 dollars on a share priced at 68 dollars gives a dividend yield of 12.25%.
2858,calculations,A share priced at 108 dollars with earnings per share of 10.56 dollars has a price-to-earnings ratio of about 10.2.
2859,calculations,"At a simple interest rate of 2% per year, a principal of 9,250 euros earns 555.00 euros in interest over 3 years."
2860,calculations,"A company with 437 million shares outstanding at a price of 452.16 pounds has a market capitalization of about 197,593.9 million pounds."
2861,calculations,"A bond with a face value of 1,000 euros, a 6% annual coupon, and a price of 1,150 euros has a current yield of about 5.22%. The bond trades at a premium."
2862,calculations,"If earnings per share are 10.67 euros and the share price is 66 euros, the P/E ratio is approximately 6.2."
2863,calculations,"A loan of 115,000 pounds at a 3.5% annual rate, repaid monthly over 3 years, has a monthly payment of about 3,369.74 pounds."
2864,concepts,"In finance, a project with a positive net present value is expected to add value to the firm."
2865,calculations,"If revenue changes from 8,500 to 11,766 thousand pounds, the percentage change is +38.4%."
2866,calculations,"A company with net income of 15,600,000 euros and average equity of 116,600,000 euros has a return on equity of 13.4%."
2867,concepts,An exchange rate is the price of one currency expressed in terms of another.
2868,calculations,"An investment of 9,500 euros at 3.5% annual interest compounded annually grows to about 17,646.15 euros after 18 years."
2869,calculations,"A company with 839 million shares outstanding at a price of 407.56 euros has a market capitalization of about 341,942.8 million euros."
2870,comparative,"An exchange-traded fund is a pooled investment vehicle, whereas a convertible bond is a hybrid security."
2871,calculations,"An asset whose price moves from 6,450 to 9,067 dollars has a return of +40.6%, excluding income."
2872,concepts,"From a financial perspective, value at risk estimates the potential loss of a portfolio over a given period at a given confidence level."
2873,calculations,"A company with 623 million shares outstanding at a price of 214.90 dollars has a market capitalization of about 133,882.7 million dollars."
2874,calculations,"A company with 137 million shares outstanding at a price of 349.33 dollars has a market capitalization of about 47,858.2 million dollars."
2875,calculations,Net income of 455 million dollars divided by 208 million shares gives earnings per share of 2.19 dollars.
2876,calculations,"An asset whose price moves from 6,850 to 5,756 dollars has a return of -16.0%, excluding income."
2877,calculations,"An asset whose price moves from 4,200 to 4,537 euros has a return of +8.0%, excluding income."
2878,calculations,An annual dividend of 1.90 dollars on a share priced at 81 dollars gives a dividend yield of 2.35%.
2879,comparative,"The return on a certificate of deposit comes from fixed interest, while the return on a call option comes from payoff when the underlying price rises above the strike price."
2880,calculations,"The monthly payment on a 25-year amortizing loan of 165,000 dollars at 3% annual interest is approximately 782.45 dollars."
2881,calculations,An annual dividend of 5.77 dollars on a share priced at 203 dollars gives a dividend yield of 2.84%.
2882,concepts,"In economics and finance, venture capital provides financing to early-stage companies with high growth potential."
2883,calculations,"At a simple interest rate of 6% per year, a principal of 15,000 pounds earns 7,200.00 pounds in interest over 8 years."
2884,calculations,"With annual compounding at 6%, 45,000 pounds becomes approximately 85,423.44 pounds in 11 years."
2885,concepts,A primary market is where securities are issued and sold for the first time.
2886,calculations,Net income of 500 million pounds divided by 76 million shares gives earnings per share of 6.58 pounds.
2887,concepts,"In economics and finance, depreciation allocates the cost of a tangible asset over its useful life."
2888,calculations,"A company with 32 million shares outstanding at a price of 430.31 pounds has a market capitalization of about 13,769.9 million pounds."
2889,calculations,"A company with 276 million shares outstanding at a price of 24.75 pounds has a market capitalization of about 6,831.0 million pounds."
2890,concepts,Correlation measures how closely the returns of two assets move together.
2891,calculations,"If earnings per share are 1.91 dollars and the share price is 228 dollars, the P/E ratio is approximately 119.4."
2892,comparative,"The return on a mutual fund comes from distributions and changes in net asset value, while the return on an interest rate swap comes from net exchanged interest payments."
2893,calculations,Net income of 220 million euros divided by 233 million shares gives earnings per share of 0.94 euros.
2894,concepts,"In finance, systematic risk affects the entire market and cannot be eliminated by diversification."
2895,concepts,"From a financial perspective, asset allocation is the division of a portfolio among asset classes such as equities, bonds, and cash."
2896,calculations,"If a 7% coupon bond with a 1,000 euros face value trades at 1,030 euros, its current yield is approximately 6.80%. The bond trades at a premium."
2897,comparative,"A treasury bill is a money market instrument, whereas a government bond is a debt security."
2898,calculations,"Net income of 40,200,000 euros on shareholders' equity of 466,900,000 euros corresponds to a return on equity of about 8.6%."
2899,calculations,"The present value of 97,000 pounds received in 16 years, discounted at 8% per year, is about 28,313.38 pounds."
2900,calculations,"The present value of 40,000 pounds received in 2 years, discounted at 5% per year, is about 36,281.18 pounds."
2901,calculations,"A company with 875 million shares outstanding at a price of 439.62 pounds has a market capitalization of about 384,667.5 million pounds."
2902,concepts,"In finance, counterparty risk is the risk that the other party in a transaction defaults on its obligations."
2903,calculations,"An asset whose price moves from 4,650 to 4,271 euros has a return of -8.2%, excluding income."
2904,concepts,"As a general principle, International Financial Reporting Standards are accounting standards used in many countries, including the European Union."
2905,calculations,Net income of 119 million euros divided by 56 million shares gives earnings per share of 2.12 euros.
2906,calculations,An annual dividend of 1.68 euros on a share priced at 190 euros gives a dividend yield of 0.88%.
2907,calculations,Net income of 975 million euros divided by 422 million shares gives earnings per share of 2.31 euros.
2908,calculations,"With a nominal return of 6% and inflation of 2.5%, the real return is about 3.41% using the exact Fisher relation."
2909,ratios,The net debt to EBITDA is a leverage ratio.
2910,calculations,"A company with net income of 8,700,000 dollars and average equity of 42,200,000 dollars has a return on equity of 20.6%."
2911,comparative,"An exchange-traded fund is a pooled investment vehicle, whereas a preferred stock is a hybrid security."
2912,calculations,"At a simple interest rate of 6% per year, a principal of 14,750 euros earns 885.00 euros in interest over 1 years."
2913,comparative,"The return on a common stock comes from dividends and capital gains, while the return on a convertible bond comes from coupon payments plus the option to convert into shares."
2914,instruments,A mortgage-backed security generates income through principal and interest payments passed through from borrowers.
2915,comparative,"A forward contract is a derivative, whereas a convertible bond is a hybrid security."
2916,calculations,"If earnings per share are 3.79 pounds and the share price is 260 pounds, the P/E ratio is approximately 68.6."
2917,calculations,"If earnings per share are 11.90 pounds and the share price is 198 pounds, the P/E ratio is approximately 16.6."
2918,calculations,"If earnings per share are 7.02 dollars and the share price is 67 dollars, the P/E ratio is approximately 9.5."
2919,calculations,"An asset whose price moves from 6,100 to 3,944 euros has a return of -35.3%, excluding income."
2920,instruments,The interest rate swap is classified as a derivative.
2921,calculations,"If a 4% coupon bond with a 1,000 dollars face value trades at 1,085 dollars, its current yield is approximately 3.69%. The bond trades at a premium."
2922,calculations,"An investment of 4,000 euros at 3.5% annual interest compounded annually grows to about 5,839.88 euros after 11 years."
2923,calculations,"The present value of 91,000 pounds received in 16 years, discounted at 5% per year, is about 41,688.15 pounds."
2924,calculations,An annual dividend of 7.92 dollars on a share priced at 230 dollars gives a dividend yield of 3.44%.
2925,instruments,"Regarding liquidity, a common stock offers usually high liquidity when listed on an exchange."
2926,comparative,"A call option is a derivative, whereas a preferred stock is a hybrid security."
2927,calculations,Net income of 764 million pounds divided by 181 million shares gives earnings per share of 4.22 pounds.
2928,calculations,"If a 4% coupon bond with a 1,000 dollars face value trades at 905 dollars, its current yield is approximately 4.42%. The bond trades at a discount."
2929,calculations,Net income of 932 million pounds divided by 311 million shares gives earnings per share of 3.00 pounds.
2930,calculations,"With annual compounding at 1.5%, 7,500 dollars becomes approximately 11,211.00 dollars in 27 years."
2931,comparative,"The return on a preferred stock comes from fixed or floating dividends, while the return on a call option comes from payoff when the underlying price rises above the strike price."
2932,calculations,Net income of 767 million euros divided by 410 million shares gives earnings per share of 1.87 euros.
2933,calculations,"A loan of 285,000 dollars at a 5% annual rate, repaid monthly over 30 years, has a monthly payment of about 1,529.94 dollars."
2934,calculations,"Net income of 34,800,000 dollars on shareholders' equity of 324,400,000 dollars corresponds to a return on equity of about 10.7%."
2935,ratios,The inventory turnover is calculated as cost of goods sold divided by average inventory.
2936,calculations,"If earnings per share are 12.86 pounds and the share price is 45 pounds, the P/E ratio is approximately 3.5."
2937,calculations,A company with current assets of 840 thousand euros and current liabilities of 260 thousand euros has a current ratio of 3.23.
2938,concepts,"From a financial perspective, bond prices fall when market interest rates rise."
2939,calculations,"A company with net income of 45,000,000 euros and average equity of 395,200,000 euros has a return on equity of 11.4%."
2940,comparative,"The return on a put option comes from payoff when the underlying price falls below the strike price, while the return on a preferred stock comes from fixed or floating dividends."
2941,calculations,"A loan of 65,000 pounds at a 2% annual rate, repaid monthly over 30 years, has a monthly payment of about 240.25 pounds."
2942,calculations,"If earnings per share are 0.76 dollars and the share price is 188 dollars, the P/E ratio is approximately 247.4."
2943,calculations,A share priced at 100 euros with earnings per share of 14.53 euros has a price-to-earnings ratio of about 6.9.
2944,calculations,"A company with 58 million shares outstanding at a price of 330.17 euros has a market capitalization of about 19,149.9 million euros."
2945,calculations,"With a nominal return of 5% and inflation of 6%, the real return is about -0.94% using the exact Fisher relation."
2946,calculations,Net income of 418 million dollars divided by 348 million shares gives earnings per share of 1.20 dollars.
2947,calculations,"The monthly payment on a 5-year amortizing loan of 255,000 euros at 3.5% annual interest is approximately 4,638.89 euros."
2948,calculations,An annual dividend of 7.83 dollars on a share priced at 171 dollars gives a dividend yield of 4.58%.
2949,calculations,"If earnings per share are 6.56 pounds and the share price is 231 pounds, the P/E ratio is approximately 35.2."
2950,concepts,"From a financial perspective, diversification reduces portfolio risk by combining assets whose returns are not perfectly correlated."
2951,calculations,"If earnings per share are 3.17 pounds and the share price is 63 pounds, the P/E ratio is approximately 19.9."
2952,calculations,"Discounting 46,000 dollars due in 14 years at an annual rate of 6% gives a present value of approximately 20,345.84 dollars."
2953,concepts,"In economics and finance, Anti-money laundering rules require financial institutions to detect and report suspicious transactions."
2954,calculations,"Net income of 3,300,000 pounds on shareholders' equity of 32,000,000 pounds corresponds to a return on equity of about 10.3%."
2955,calculations,A nominal interest rate of 4% combined with 1% inflation implies a real interest rate of approximately 2.97%.
2956,comparative,"A put option is a derivative, whereas a certificate of deposit is a time deposit."
2957,calculations,"The present value of 68,000 pounds received in 4 years, discounted at 3% per year, is about 60,417.12 pounds."
2958,calculations,An annual dividend of 4.76 dollars on a share priced at 90 dollars gives a dividend yield of 5.29%.
2959,calculations,An annual dividend of 0.11 pounds on a share priced at 285 pounds gives a dividend yield of 0.04%.
2960,calculations,"A company with 843 million shares outstanding at a price of 59.10 dollars has a market capitalization of about 49,821.3 million dollars."
2961,calculations,"A loan of 260,000 euros at a 4% annual rate, repaid monthly over 5 years, has a monthly payment of about 4,788.30 euros."
2962,comparative,"The return on a preferred stock comes from fixed or floating dividends, while the return on a forward contract comes from gains or losses at settlement."
2963,calculations,"An asset whose price moves from 7,200 to 7,976 euros has a return of +10.8%, excluding income."
2964,calculations,"The future value of 12,500 euros invested for 21 years at a 4.5% annual rate, compounded yearly, is about 31,503.01 euros."
2965,calculations,"If earnings per share are 0.73 dollars and the share price is 158 dollars, the P/E ratio is approximately 216.4."
2966,calculations,"A company with current assets of 4,400 thousand pounds and current liabilities of 1,210 thousand pounds has a current ratio of 3.64."
2967,concepts,"In finance, future value is the amount an investment will grow to after earning interest over a given period."
2968,calculations,Net income of 993 million dollars divided by 233 million shares gives earnings per share of 4.26 dollars.
2969,calculations,"With annual compounding at 2.5%, 27,500 dollars becomes approximately 31,891.57 dollars in 6 years."
2970,calculations,An annual dividend of 6.86 pounds on a share priced at 185 pounds gives a dividend yield of 3.71%.
2971,concepts,A bear market is often defined as a decline of at least 20 percent from a recent peak.
2972,calculations,"The monthly payment on a 25-year amortizing loan of 375,000 pounds at 6% annual interest is approximately 2,416.13 pounds."
2973,calculations,"At a simple interest rate of 2% per year, a principal of 14,500 pounds earns 2,900.00 pounds in interest over 10 years."
2974,comparative,"A real estate investment trust is a pooled investment vehicle, whereas a mortgage-backed security is an asset-backed security."
2975,calculations,"A company with current assets of 1,260 thousand pounds and current liabilities of 3,270 thousand pounds has a current ratio of 0.39."
2976,calculations,"The monthly payment on a 20-year amortizing loan of 210,000 euros at 5% annual interest is approximately 1,385.91 euros."
2977,concepts,"As a general principle, liquidity risk is the risk that an asset cannot be sold quickly without a significant price concession."
2978,comparative,"The return on a common stock comes from dividends and capital gains, while the return on a forward contract comes from gains or losses at settlement."
2979,calculations,"The monthly payment on a 3-year amortizing loan of 335,000 dollars at 4.5% annual interest is approximately 9,965.22 dollars."
2980,calculations,"With annual compounding at 5%, 41,500 euros becomes approximately 179,360.61 euros in 30 years."
2981,calculations,Net income of 50 million euros divided by 467 million shares gives earnings per share of 0.11 euros.
2982,calculations,A share priced at 44 euros with earnings per share of 2.81 euros has a price-to-earnings ratio of about 15.7.
2983,calculations,"A bond with a face value of 1,000 euros, a 7% annual coupon, and a price of 860 euros has a current yield of about 8.14%. The bond trades at a discount."
2984,comparative,"The return on a mortgage-backed security comes from principal and interest payments passed through from borrowers, while the return on a forward contract comes from gains or losses at settlement."
2985,comparative,"The return on a real estate investment trust comes from rental income distributions and price changes, while the return on a money market fund comes from short-term interest income."
2986,calculations,"A company with current assets of 4,350 thousand dollars and current liabilities of 2,970 thousand dollars has a current ratio of 1.46."
2987,concepts,Anti-money laundering rules require financial institutions to detect and report suspicious transactions.
2988,calculations,"The present value of 38,000 pounds received in 13 years, discounted at 10% per year, is about 11,007.25 pounds."
2989,calculations,"With annual compounding at 2%, 4,000 pounds becomes approximately 5,277.92 pounds in 14 years."
2990,calculations,A share priced at 71 pounds with earnings per share of 1.72 pounds has a price-to-earnings ratio of about 41.3.
2991,calculations,Net income of 665 million dollars divided by 198 million shares gives earnings per share of 3.36 dollars.
2992,calculations,"Net income of 26,300,000 pounds on shareholders' equity of 124,200,000 pounds corresponds to a return on equity of about 21.2%."
2993,calculations,"A company with current assets of 1,150 thousand pounds and current liabilities of 3,480 thousand pounds has a current ratio of 0.33."
2994,calculations,An annual dividend of 6.85 euros on a share priced at 165 euros gives a dividend yield of 4.15%.
2995,calculations,"The future value of 42,000 pounds invested for 18 years at a 1.5% annual rate, compounded yearly, is about 54,908.31 pounds."
2996,calculations,"A bond with a face value of 1,000 euros, a 4% annual coupon, and a price of 1,135 euros has a current yield of about 3.52%. The bond trades at a premium."
2997,instruments,Investors in a corporate bond face moderate risk that depends on the issuer's credit rating.
2998,calculations,"A company with current assets of 2,850 thousand euros and current liabilities of 2,320 thousand euros has a current ratio of 1.23."
2999,calculations,"The present value of 19,000 euros received in 17 years, discounted at 6% per year, is about 7,055.92 euros."
3000,calculations,An annual dividend of 1.56 dollars on a share priced at 181 dollars gives a dividend yield of 0.86%.
3001,calculations,"An investment of 28,000 euros at 4% annual interest compounded annually grows to about 32,756.04 euros after 4 years."
3002,ratios,Analysts use the price-to-earnings ratio to assess how much investors pay for each unit of earnings.
3003,concepts,"From a financial perspective, Beta measures the sensitivity of an asset's returns to movements in the overall market."
3004,calculations,An annual dividend of 2.56 dollars on a share priced at 141 dollars gives a dividend yield of 1.82%.
3005,comparative,"A zero-coupon bond is a debt security, whereas a mutual fund is a pooled investment vehicle."
3006,calculations,"A loan of 20,000 pounds at a 4% annual rate, repaid monthly over 10 years, has a monthly payment of about 202.49 pounds."
3007,calculations,"A company with current assets of 3,980 thousand dollars and current liabilities of 2,480 thousand dollars has a current ratio of 1.60."
3008,concepts,Commercial banks accept deposits and make loans.
3009,ratios,The return on assets measures how efficiently a company uses its assets to generate profit.
3010,calculations,"Discounting 38,000 pounds due in 9 years at an annual rate of 8% gives a present value of approximately 19,009.46 pounds."
3011,calculations,Net income of 385 million dollars divided by 62 million shares gives earnings per share of 6.21 dollars.
3012,calculations,"A company with current assets of 860 thousand dollars and current liabilities of 3,340 thousand dollars has a current ratio of 0.26."
3013,concepts,"From a financial perspective, a central bank manages a country's monetary policy and money supply."
3014,calculations,"A company with net income of 24,800,000 euros and average equity of 337,500,000 euros has a return on equity of 7.3%."
3015,calculations,A share priced at 12 euros with earnings per share of 5.54 euros has a price-to-earnings ratio of about 2.2.
3016,calculations,"The future value of 36,500 euros invested for 29 years at a 3% annual rate, compounded yearly, is about 86,014.64 euros."
3017,calculations,"If revenue changes from 6,550 to 8,313 thousand euros, the percentage change is +26.9%."
3018,calculations,An annual dividend of 6.76 euros on a share priced at 183 euros gives a dividend yield of 3.69%.
3019,calculations,An annual dividend of 0.65 dollars on a share priced at 84 dollars gives a dividend yield of 0.77%.
3020,calculations,"If revenue changes from 9,700 to 7,753 thousand pounds, the percentage change is -20.1%."
3021,calculations,"With annual compounding at 1.5%, 25,500 pounds becomes approximately 38,689.17 pounds in 28 years."
3022,concepts,"In finance, interest rate risk is the risk that changes in interest rates reduce the value of an investment."
3023,calculations,"The monthly payment on a 10-year amortizing loan of 370,000 euros at 4% annual interest is approximately 3,746.07 euros."
3024,calculations,Net income of 870 million pounds divided by 184 million shares gives earnings per share of 4.73 pounds.
3025,calculations,"At a simple interest rate of 6% per year, a principal of 19,250 dollars earns 6,930.00 dollars in interest over 6 years."
3026,calculations,"A company with net income of 33,700,000 euros and average equity of 630,100,000 euros has a return on equity of 5.3%."
3027,calculations,"The monthly payment on a 10-year amortizing loan of 15,000 dollars at 4.5% annual interest is approximately 155.46 dollars."
3028,calculations,"A bond with a face value of 1,000 dollars, a 3% annual coupon, and a price of 950 dollars has a current yield of about 3.16%. The bond trades at a discount."
3029,concepts,The consumer price index tracks changes in the price of a basket of consumer goods and services.
3030,calculations,An annual dividend of 4.50 euros on a share priced at 184 euros gives a dividend yield of 2.45%.
3031,calculations,"Discounting 66,000 dollars due in 4 years at an annual rate of 10% gives a present value of approximately 45,078.89 dollars."
3032,calculations,Net income of 227 million euros divided by 272 million shares gives earnings per share of 0.83 euros.
3033,calculations,"The present value of 52,000 dollars received in 3 years, discounted at 2% per year, is about 49,000.76 dollars."
3034,calculations,"A company with 529 million shares outstanding at a price of 389.99 pounds has a market capitalization of about 206,304.7 million pounds."
3035,concepts,The payback period is the time required for cumulative cash flows to recover the initial investment.
3036,ratios,The return on equity measures how efficiently a company generates profit from shareholders' capital.
3037,concepts,"In finance, a limit order is executed only at a specified price or better."
3038,calculations,"With annual compounding at 4%, 12,000 pounds becomes approximately 37,423.82 pounds in 29 years."
3039,concepts,"As a general principle, private equity funds invest in companies that are not publicly traded."
3040,concepts,The European Central Bank sets monetary policy for the euro area.
3041,calculations,"At a simple interest rate of 2% per year, a principal of 18,250 dollars earns 2,920.00 dollars in interest over 8 years."
3042,calculations,"A company with net income of 44,600,000 dollars and average equity of 438,600,000 dollars has a return on equity of 10.2%."
3043,calculations,Net income of 984 million pounds divided by 263 million shares gives earnings per share of 3.74 pounds.
3044,calculations,"A bond with a face value of 1,000 euros, a 3% annual coupon, and a price of 925 euros has a current yield of about 3.24%. The bond trades at a discount."
3045,comparative,"An exchange-traded fund is a pooled investment vehicle, whereas an interest rate swap is a derivative."
3046,concepts,Arbitrage is the simultaneous purchase and sale of an asset to profit from a price difference.
3047,calculations,"A company with 361 million shares outstanding at a price of 405.60 pounds has a market capitalization of about 146,421.6 million pounds."
3048,calculations,"A loan of 375,000 euros at a 5% annual rate, repaid monthly over 30 years, has a monthly payment of about 2,013.08 euros."
3049,comparative,"The return on a mutual fund comes from distributions and changes in net asset value, while the return on a corporate bond comes from periodic coupon payments."
3050,comparative,"The return on a corporate bond comes from periodic coupon payments, while the return on a call option comes from payoff when the underlying price rises above the strike price."
3051,calculations,"At a simple interest rate of 3% per year, a principal of 3,250 dollars earns 877.50 dollars in interest over 9 years."
3052,calculations,"If a 4% coupon bond with a 1,000 euros face value trades at 875 euros, its current yield is approximately 4.57%. The bond trades at a discount."
3053,calculations,"The present value of 78,000 euros received in 2 years, discounted at 6% per year, is about 69,419.72 euros."
3054,calculations,An annual dividend of 6.15 pounds on a share priced at 217 pounds gives a dividend yield of 2.83%.
3055,calculations,"With annual compounding at 1.5%, 48,000 pounds becomes approximately 59,124.28 pounds in 14 years."
3056,calculations,"Simple interest on 10,750 pounds at 6% for 6 years amounts to 3,870.00 pounds."
3057,calculations,"If earnings per share are 11.81 pounds and the share price is 74 pounds, the P/E ratio is approximately 6.3."
3058,concepts,"As a general principle, a stock index tracks the performance of a selected group of shares."
3059,calculations,"A company with current assets of 4,450 thousand dollars and current liabilities of 3,500 thousand dollars has a current ratio of 1.27."
3060,calculations,"Discounting 21,000 pounds due in 8 years at an annual rate of 10% gives a present value of approximately 9,796.65 pounds."
3061,calculations,"If revenue changes from 3,050 to 4,709 thousand pounds, the percentage change is +54.4%."
3062,comparative,"A real estate investment trust is a pooled investment vehicle, whereas a corporate bond is a debt security."
3063,calculations,An annual dividend of 3.48 dollars on a share priced at 83 dollars gives a dividend yield of 4.19%.
3064,calculations,"An investment of 23,000 dollars at 2% annual interest compounded annually grows to about 34,860.33 dollars after 21 years."
3065,concepts,"In economics and finance, correlation measures how closely the returns of two assets move together."
3066,comparative,"The return on a zero-coupon bond comes from the difference between the purchase price and face value, while the return on a money market fund comes from short-term interest income."
3067,instruments,A corporate bond is typically issued by companies.
3068,concepts,"From a financial perspective, an inverted yield curve occurs when short-term yields exceed long-term yields."
3069,comparative,"A convertible bond is a hybrid security, whereas a corporate bond is a debt security."
3070,calculations,Net income of 599 million euros divided by 67 million shares gives earnings per share of 8.94 euros.
3071,calculations,Net income of 565 million pounds divided by 107 million shares gives earnings per share of 5.28 pounds.
3072,calculations,Net income of 227 million euros divided by 86 million shares gives earnings per share of 2.64 euros.
3073,calculations,"If earnings per share are 3.97 dollars and the share price is 53 dollars, the P/E ratio is approximately 13.4."
3074,calculations,"A company with 569 million shares outstanding at a price of 380.28 dollars has a market capitalization of about 216,379.3 million dollars."
3075,calculations,"Discounting 98,000 pounds due in 10 years at an annual rate of 2% gives a present value of approximately 80,394.13 pounds."
3076,concepts,"EBITDA stands for earnings before interest, taxes, depreciation, and amortization."
3077,ratios,Analysts use the earnings per share to assess the profit attributable to each common share.
3078,calculations,"At a simple interest rate of 2% per year, a principal of 6,500 pounds earns 650.00 pounds in interest over 5 years."
3079,concepts,"In economics and finance, an annuity is a series of equal payments made at regular intervals."
3080,calculations,"Discounting 32,000 euros due in 17 years at an annual rate of 5% gives a present value of approximately 13,961.49 euros."
3081,calculations,"If a 3% coupon bond with a 1,000 pounds face value trades at 1,000 pounds, its current yield is approximately 3.00%. The bond trades at par."
3082,comparative,"An interest rate swap is a derivative, whereas a real estate investment trust is a pooled investment vehicle."
3083,calculations,"The future value of 15,000 pounds invested for 4 years at a 4.5% annual rate, compounded yearly, is about 17,887.78 pounds."
3084,calculations,An annual dividend of 6.07 euros on a share priced at 50 euros gives a dividend yield of 12.14%.
3085,calculations,Net income of 511 million euros divided by 94 million shares gives earnings per share of 5.44 euros.
3086,concepts,"In economics and finance, an exchange rate is the price of one currency expressed in terms of another."
3087,comparative,"A mortgage-backed security is an asset-backed security, whereas a forward contract is a derivative."
3088,calculations,A share priced at 245 euros with earnings per share of 5.10 euros has a price-to-earnings ratio of about 48.0.
3089,calculations,"A company with current assets of 3,220 thousand dollars and current liabilities of 590 thousand dollars has a current ratio of 5.46."
3090,calculations,Net income of 395 million dollars divided by 161 million shares gives earnings per share of 2.45 dollars.
3091,calculations,"A company with current assets of 4,220 thousand dollars and current liabilities of 2,550 thousand dollars has a current ratio of 1.65."
3092,calculations,"If a 6% coupon bond with a 1,000 euros face value trades at 855 euros, its current yield is approximately 7.02%. The bond trades at a discount."
3093,calculations,"A company with current assets of 2,620 thousand euros and current liabilities of 3,050 thousand euros has a current ratio of 0.86."
3094,calculations,"If revenue changes from 4,100 to 3,091 thousand euros, the percentage change is -24.6%."
3095,comparative,"A common stock is an equity security, whereas a put option is a derivative."
3096,instruments,Investors in a futures contract face high risk due to leverage.
3097,concepts,"In finance, The Basel Accords are international standards for bank capital and liquidity regulation."
3098,calculations,"An asset whose price moves from 2,100 to 1,268 euros has a return of -39.6%, excluding income."
3099,calculations,"If earnings per share are 8.55 pounds and the share price is 75 pounds, the P/E ratio is approximately 8.8."
3100,calculations,Net income of 730 million dollars divided by 314 million shares gives earnings per share of 2.32 dollars.
3101,concepts,"From a financial perspective, The European Central Bank sets monetary policy for the euro area."
3102,comparative,"The return on a treasury bill comes from the discount between the purchase price and face value, while the return on a preferred stock comes from fixed or floating dividends."
3103,comparative,"A call option is a derivative, whereas a certificate of deposit is a time deposit."
3104,calculations,"The present value of 33,000 euros received in 2 years, discounted at 4% per year, is about 30,510.36 euros."
3105,calculations,"If revenue changes from 8,100 to 6,785 thousand dollars, the percentage change is -16.2%."
3106,calculations,"A bond with a face value of 1,000 pounds, a 6% annual coupon, and a price of 1,070 pounds has a current yield of about 5.61%. The bond trades at a premium."
3107,calculations,"A bond with a face value of 1,000 euros, a 4% annual coupon, and a price of 955 euros has a current yield of about 4.19%. The bond trades at a discount."
3108,calculations,"A company with net income of 29,400,000 pounds and average equity of 352,200,000 pounds has a return on equity of 8.3%."
3109,ratios,Analysts use the asset turnover to assess how effectively a company uses its assets to generate sales.
3110,calculations,"A company with current assets of 2,130 thousand pounds and current liabilities of 350 thousand pounds has a current ratio of 6.09."
3111,calculations,"If a 2% coupon bond with a 1,000 dollars face value trades at 980 dollars, its current yield is approximately 2.04%. The bond trades at a discount."
3112,calculations,"If revenue changes from 750 to 816 thousand pounds, the percentage change is +8.8%."
3113,calculations,Net income of 927 million dollars divided by 35 million shares gives earnings per share of 26.49 dollars.
3114,concepts,"In finance, a share buyback reduces the number of shares outstanding."
3115,ratios,"The quick ratio is calculated as current assets minus inventories, divided by current liabilities."
3116,instruments,A key feature of a certificate of deposit is that it may be covered by a deposit guarantee scheme up to a legal limit.
3117,concepts,"In finance, quantitative easing involves a central bank buying financial assets to increase the money supply."
3118,calculations,"The present value of 57,000 euros received in 13 years, discounted at 8% per year, is about 20,958.78 euros."
3119,comparative,"The return on a common stock comes from dividends and capital gains, while the return on a put option comes from payoff when the underlying price falls below the strike price."
3120,comparative,"A zero-coupon bond is a debt security, whereas a money market fund is a pooled investment vehicle."
3121,comparative,"A certificate of deposit is a time deposit, whereas a convertible bond is a hybrid security."
3122,calculations,"A bond with a face value of 1,000 dollars, a 4% annual coupon, and a price of 1,095 dollars has a current yield of about 3.65%. The bond trades at a premium."
3123,comparative,"The return on a forward contract comes from gains or losses at settlement, while the return on a mutual fund comes from distributions and changes in net asset value."
3124,calculations,"If earnings per share are 2.06 dollars and the share price is 13 dollars, the P/E ratio is approximately 6.3."
3125,calculations,Net income of 531 million dollars divided by 82 million shares gives earnings per share of 6.48 dollars.
3126,comparative,"A mutual fund is a pooled investment vehicle, whereas a futures contract is a derivative."
3127,calculations,"With a nominal return of 10% and inflation of 1%, the real return is about 8.91% using the exact Fisher relation."
3128,ratios,The interest coverage ratio belongs to the family of solvency metrics.
3129,calculations,"The future value of 1,000 euros invested for 23 years at a 7% annual rate, compounded yearly, is about 4,740.53 euros."
3130,calculations,"The monthly payment on a 5-year amortizing loan of 20,000 pounds at 4% annual interest is approximately 368.33 pounds."
3131,calculations,"Simple interest on 17,500 euros at 5% for 5 years amounts to 4,375.00 euros."
3132,comparative,"A certificate of deposit is a time deposit, whereas a real estate investment trust is a pooled investment vehicle."
3133,calculations,An annual dividend of 5.09 euros on a share priced at 225 euros gives a dividend yield of 2.26%.
3134,calculations,"The monthly payment on a 15-year amortizing loan of 80,000 dollars at 2% annual interest is approximately 514.81 dollars."
3135,concepts,"From a financial perspective, counterparty risk is the risk that the other party in a transaction defaults on its obligations."
3136,comparative,"A real estate investment trust is a pooled investment vehicle, whereas a forward contract is a derivative."
3137,calculations,"If revenue changes from 7,200 to 4,686 thousand dollars, the percentage change is -34.9%."
3138,calculations,"At a simple interest rate of 6% per year, a principal of 3,000 euros earns 1,620.00 euros in interest over 9 years."
3139,calculations,"The monthly payment on a 10-year amortizing loan of 235,000 dollars at 4% annual interest is approximately 2,379.26 dollars."
3140,comparative,"A mortgage-backed security is an asset-backed security, whereas a mutual fund is a pooled investment vehicle."
3141,calculations,"A company with net income of 41,700,000 dollars and average equity of 284,200,000 dollars has a return on equity of 14.7%."
3142,calculations,"A bond with a face value of 1,000 pounds, a 3% annual coupon, and a price of 900 pounds has a current yield of about 3.33%. The bond trades at a discount."
3143,calculations,"A company with 404 million shares outstanding at a price of 46.56 dollars has a market capitalization of about 18,810.2 million dollars."
3144,calculations,"A company with net income of 33,300,000 dollars and average equity of 244,700,000 dollars has a return on equity of 13.6%."
3145,instruments,"Regarding the mortgage-backed security, its cash flows depend on the payments made by the underlying mortgage borrowers."
3146,concepts,"In finance, a bond trading above its face value is said to trade at a premium."
3147,instruments,"Regarding the put option, a protective put combines a long stock position with a long put."
3148,calculations,"An asset whose price moves from 7,350 to 7,349 pounds has a return of -0.0%, excluding income."
3149,ratios,"In financial statement analysis, the return on assets, defined as net income divided by average total assets, indicates how efficiently a company uses its assets to generate profit."
3150,calculations,"The future value of 28,500 euros invested for 30 years at a 1% annual rate, compounded yearly, is about 38,413.69 euros."
3151,instruments,Investors in a certificate of deposit face low risk.
3152,comparative,"The return on a government bond comes from periodic coupon payments, while the return on a certificate of deposit comes from fixed interest."
3153,calculations,"With annual compounding at 3%, 47,500 euros becomes approximately 105,511.23 euros in 27 years."
3154,calculations,"A company with 951 million shares outstanding at a price of 495.28 dollars has a market capitalization of about 471,011.3 million dollars."
3155,instruments,A call option is a derivative.
3156,calculations,"A company with net income of 9,800,000 pounds and average equity of 48,000,000 pounds has a return on equity of 20.4%."
3157,calculations,"If revenue changes from 500 to 593 thousand euros, the percentage change is +18.6%."
3158,instruments,The call option is classified as a derivative.
3159,instruments,A key feature of a convertible bond is that it usually pays a lower coupon than a comparable straight bond.
3160,calculations,"Net income of 5,300,000 dollars on shareholders' equity of 40,600,000 dollars corresponds to a return on equity of about 13.1%."
3161,calculations,"A loan of 170,000 pounds at a 4.5% annual rate, repaid monthly over 5 years, has a monthly payment of about 3,169.31 pounds."
3162,concepts,"In economics and finance, the bid-ask spread is the difference between the highest price a buyer will pay and the lowest price a seller will accept."
3163,calculations,"If a 4% coupon bond with a 1,000 dollars face value trades at 1,090 dollars, its current yield is approximately 3.67%. The bond trades at a premium."
3164,comparative,"A mortgage-backed security is an asset-backed security, whereas a common stock is an equity security."
3165,calculations,Net income of 907 million pounds divided by 299 million shares gives earnings per share of 3.03 pounds.
3166,concepts,"In finance, the effective annual rate accounts for the effect of compounding within a year."
3167,ratios,The inventory turnover measures how many times inventory is sold and replaced during a period.
3168,comparative,"A government bond is a debt security, whereas a call option is a derivative."
3169,calculations,"If a 5% coupon bond with a 1,000 euros face value trades at 980 euros, its current yield is approximately 5.10%. The bond trades at a discount."
3170,comparative,"The return on a corporate bond comes from periodic coupon payments, while the return on a mortgage-backed security comes from principal and interest payments passed through from borrowers."
3171,calculations,"Net income of 49,800,000 dollars on shareholders' equity of 983,200,000 dollars corresponds to a return on equity of about 5.1%."
3172,concepts,"In economics and finance, credit risk is the risk that a borrower fails to make required payments."
3173,calculations,A nominal interest rate of 8% combined with 5% inflation implies a real interest rate of approximately 2.86%.
3174,concepts,"As a general principle, the consumer price index tracks changes in the price of a basket of consumer goods and services."
3175,comparative,"A money market fund is a pooled investment vehicle, whereas a put option is a derivative."
3176,calculations,"A company with 511 million shares outstanding at a price of 149.93 dollars has a market capitalization of about 76,614.2 million dollars."
3177,calculations,"With annual compounding at 7%, 43,000 pounds becomes approximately 166,396.43 pounds in 20 years."
3178,concepts,"As a general principle, The Fisher equation links nominal interest rates, real interest rates, and expected inflation."
3179,calculations,"A company with current assets of 3,250 thousand dollars and current liabilities of 2,690 thousand dollars has a current ratio of 1.21."
3180,calculations,"A company with 303 million shares outstanding at a price of 485.97 pounds has a market capitalization of about 147,248.9 million pounds."
3181,calculations,"At a simple interest rate of 2% per year, a principal of 19,500 euros earns 1,950.00 euros in interest over 5 years."
3182,comparative,"A common stock is an equity security, whereas a forward contract is a derivative."
3183,calculations,"The present value of 34,000 dollars received in 10 years, discounted at 4% per year, is about 22,969.18 dollars."
3184,calculations,"A bond with a face value of 1,000 dollars, a 5% annual coupon, and a price of 865 dollars has a current yield of about 5.78%. The bond trades at a discount."
3185,calculations,A nominal interest rate of 10% combined with 2% inflation implies a real interest rate of approximately 7.84%.
3186,calculations,"A company with 447 million shares outstanding at a price of 10.53 euros has a market capitalization of about 4,706.9 million euros."
3187,calculations,"If revenue changes from 2,000 to 1,366 thousand euros, the percentage change is -31.7%."
3188,calculations,Net income of 839 million euros divided by 346 million shares gives earnings per share of 2.42 euros.
3189,calculations,"A company with 138 million shares outstanding at a price of 160.28 dollars has a market capitalization of about 22,118.6 million dollars."
3190,calculations,"A company with net income of 27,800,000 dollars and average equity of 424,900,000 dollars has a return on equity of 6.5%."
3191,calculations,"Simple interest on 12,750 euros at 4% for 5 years amounts to 2,550.00 euros."
3192,calculations,A nominal interest rate of 9% combined with 3% inflation implies a real interest rate of approximately 5.83%.
3193,calculations,"If earnings per share are 5.86 pounds and the share price is 17 pounds, the P/E ratio is approximately 2.9."
3194,calculations,An annual dividend of 1.06 pounds on a share priced at 83 pounds gives a dividend yield of 1.28%.
3195,calculations,"A loan of 275,000 euros at a 3.5% annual rate, repaid monthly over 15 years, has a monthly payment of about 1,965.93 euros."
3196,calculations,Net income of 955 million euros divided by 54 million shares gives earnings per share of 17.69 euros.
3197,calculations,"A company with 435 million shares outstanding at a price of 401.90 dollars has a market capitalization of about 174,826.5 million dollars."
3198,calculations,A nominal interest rate of 5% combined with 2% inflation implies a real interest rate of approximately 2.94%.
3199,calculations,"If earnings per share are 6.50 dollars and the share price is 273 dollars, the P/E ratio is approximately 42.0."
3200,calculations,An annual dividend of 6.43 pounds on a share priced at 262 pounds gives a dividend yield of 2.45%.
3201,calculations,Net income of 92 million dollars divided by 152 million shares gives earnings per share of 0.61 dollars.
3202,calculations,"If revenue changes from 2,050 to 1,861 thousand pounds, the percentage change is -9.2%."
3203,comparative,"The return on a forward contract comes from gains or losses at settlement, while the return on an exchange-traded fund comes from distributions and price changes."
3204,calculations,"If earnings per share are 4.47 euros and the share price is 85 euros, the P/E ratio is approximately 19.0."
3205,comparative,"A mutual fund is a pooled investment vehicle, whereas a convertible bond is a hybrid security."
3206,comparative,"The return on a call option comes from payoff when the underlying price rises above the strike price, while the return on a real estate investment trust comes from rental income distributions and price changes."
3207,calculations,"A company with net income of 27,300,000 euros and average equity of 156,800,000 euros has a return on equity of 17.4%."
3208,calculations,Net income of 473 million pounds divided by 72 million shares gives earnings per share of 6.57 pounds.
3209,calculations,An annual dividend of 6.97 dollars on a share priced at 252 dollars gives a dividend yield of 2.77%.
3210,calculations,"Simple interest on 10,750 dollars at 4% for 9 years amounts to 3,870.00 dollars."
3211,calculations,Net income of 499 million dollars divided by 494 million shares gives earnings per share of 1.01 dollars.
3212,comparative,"A put option is a derivative, whereas a treasury bill is a money market instrument."
3213,calculations,"Net income of 41,400,000 dollars on shareholders' equity of 125,500,000 dollars corresponds to a return on equity of about 33.0%."
3214,calculations,"The monthly payment on a 3-year amortizing loan of 205,000 euros at 2% annual interest is approximately 5,871.73 euros."
3215,instruments,Investors in a mutual fund face risk that depends on its underlying holdings.
3216,comparative,"The return on a mutual fund comes from distributions and changes in net asset value, while the return on an exchange-traded fund comes from distributions and price changes."
3217,comparative,"The return on a mortgage-backed security comes from principal and interest payments passed through from borrowers, while the return on a zero-coupon bond comes from the difference between the purchase price and face value."
3218,instruments,"Regarding the common stock, it represents a residual ownership claim on a company's assets and earnings."
3219,calculations,"A company with current assets of 4,630 thousand euros and current liabilities of 4,410 thousand euros has a current ratio of 1.05."
3220,comparative,"A money market fund is a pooled investment vehicle, whereas a preferred stock is a hybrid security."
3221,calculations,"An asset whose price moves from 7,650 to 11,456 euros has a return of +49.8%, excluding income."
3222,instruments,"Regarding the convertible bond, its value combines a straight bond value and an embedded call option."
3223,comparative,"An exchange-traded fund is a pooled investment vehicle, whereas a put option is a derivative."
3224,calculations,"A company with 943 million shares outstanding at a price of 139.00 pounds has a market capitalization of about 131,077.0 million pounds."
3225,concepts,"From a financial perspective, an annuity is a series of equal payments made at regular intervals."
3226,calculations,"Simple interest on 4,000 euros at 5% for 3 years amounts to 600.00 euros."
3227,instruments,A convertible bond generates income through coupon payments plus the option to convert into shares.
3228,concepts,Raising policy interest rates is a common tool used by central banks to reduce inflation.
3229,ratios,"To compute the gross margin, divide as follows: gross profit divided by revenue."
3230,calculations,"A bond with a face value of 1,000 dollars, a 7% annual coupon, and a price of 885 dollars has a current yield of about 7.91%. The bond trades at a discount."
3231,calculations,"A company with current assets of 2,850 thousand dollars and current liabilities of 3,630 thousand dollars has a current ratio of 0.79."
3232,calculations,Net income of 542 million euros divided by 24 million shares gives earnings per share of 22.58 euros.
3233,calculations,A share priced at 292 euros with earnings per share of 8.51 euros has a price-to-earnings ratio of about 34.3.
3234,comparative,"The return on a zero-coupon bond comes from the difference between the purchase price and face value, while the return on a put option comes from payoff when the underlying price falls below the strike price."
3235,calculations,"Simple interest on 6,000 euros at 2% for 4 years amounts to 480.00 euros."
3236,calculations,"If revenue changes from 2,150 to 3,418 thousand dollars, the percentage change is +59.0%."
3237,concepts,"As a general principle, future value is the amount an investment will grow to after earning interest over a given period."
3238,concepts,"As a general principle, goodwill arises when a company acquires another business for more than the fair value of its identifiable net assets."
3239,concepts,"From a financial perspective, credit rating agencies assess the creditworthiness of bond issuers."
3240,calculations,"A company with 338 million shares outstanding at a price of 33.06 pounds has a market capitalization of about 11,174.3 million pounds."
3241,calculations,"If a 2% coupon bond with a 1,000 dollars face value trades at 945 dollars, its current yield is approximately 2.12%. The bond trades at a discount."
3242,calculations,Net income of 393 million dollars divided by 221 million shares gives earnings per share of 1.78 dollars.
3243,calculations,An annual dividend of 8.70 euros on a share priced at 195 euros gives a dividend yield of 4.46%.
3244,instruments,A preferred stock generates income through fixed or floating dividends.
3245,calculations,"Net income of 44,200,000 euros on shareholders' equity of 627,800,000 euros corresponds to a return on equity of about 7.0%."
3246,comparative,"The return on a mortgage-backed security comes from principal and interest payments passed through from borrowers, while the return on a mutual fund comes from distributions and changes in net asset value."
3247,concepts,"In economics and finance, loss aversion describes the tendency to feel losses more strongly than equivalent gains."
3248,ratios,The interest coverage ratio measures how easily a company can pay interest on its debt.
3249,calculations,An annual dividend of 8.45 pounds on a share priced at 97 pounds gives a dividend yield of 8.71%.
3250,calculations,Net income of 525 million dollars divided by 18 million shares gives earnings per share of 29.17 dollars.
3251,calculations,"If a 5% coupon bond with a 1,000 pounds face value trades at 995 pounds, its current yield is approximately 5.03%. The bond trades at a discount."
3252,calculations,"The future value of 35,500 dollars invested for 16 years at a 4.5% annual rate, compounded yearly, is about 71,794.14 dollars."
3253,calculations,"A company with current assets of 4,100 thousand dollars and current liabilities of 980 thousand dollars has a current ratio of 4.18."
3254,calculations,"A company with current assets of 3,570 thousand dollars and current liabilities of 3,860 thousand dollars has a current ratio of 0.92."
3255,calculations,"A company with 353 million shares outstanding at a price of 482.02 pounds has a market capitalization of about 170,153.1 million pounds."
3256,calculations,"If earnings per share are 7.10 dollars and the share price is 257 dollars, the P/E ratio is approximately 36.2."
3257,calculations,"A loan of 150,000 euros at a 4% annual rate, repaid monthly over 15 years, has a monthly payment of about 1,109.53 euros."
3258,calculations,"A company with 520 million shares outstanding at a price of 43.63 euros has a market capitalization of about 22,687.6 million euros."
3259,calculations,"The present value of 3,000 euros received in 7 years, discounted at 3% per year, is about 2,439.27 euros."
3260,instruments,A key feature of a real estate investment trust is that its value is sensitive to interest rates and property markets.
3261,calculations,"Simple interest on 11,250 euros at 5% for 8 years amounts to 4,500.00 euros."
3262,calculations,An annual dividend of 3.24 dollars on a share priced at 84 dollars gives a dividend yield of 3.86%.
3263,calculations,"An investment of 12,000 pounds at 4% annual interest compounded annually grows to about 38,920.77 pounds after 30 years."
3264,calculations,An annual dividend of 9.71 euros on a share priced at 67 euros gives a dividend yield of 14.49%.
3265,concepts,The Sharpe ratio measures excess return per unit of total risk.
3266,calculations,"With annual compounding at 8%, 40,000 euros becomes approximately 68,552.97 euros in 7 years."
3267,calculations,"A loan of 260,000 euros at a 5% annual rate, repaid monthly over 30 years, has a monthly payment of about 1,395.74 euros."
3268,instruments,"A key feature of a futures contract is that a clearinghouse acts as the counterparty to both sides, reducing counterparty risk."
3269,calculations,"A company with net income of 49,700,000 dollars and average equity of 861,700,000 dollars has a return on equity of 5.8%."
3270,concepts,Behavioral finance studies how psychological biases influence financial decisions.
3271,calculations,"With annual compounding at 2%, 5,000 euros becomes approximately 7,141.23 euros in 18 years."
3272,calculations,"At a simple interest rate of 2% per year, a principal of 1,750 euros earns 245.00 euros in interest over 7 years."
3273,calculations,"At a simple interest rate of 4% per year, a principal of 7,500 euros earns 900.00 euros in interest over 3 years."
3274,comparative,"The return on a corporate bond comes from periodic coupon payments, while the return on a preferred stock comes from fixed or floating dividends."
3275,calculations,"Net income of 16,700,000 euros on shareholders' equity of 263,200,000 euros corresponds to a return on equity of about 6.3%."
3276,comparative,"The return on a mortgage-backed security comes from principal and interest payments passed through from borrowers, while the return on a common stock comes from dividends and capital gains."
3277,calculations,"A company with 267 million shares outstanding at a price of 419.33 euros has a market capitalization of about 111,961.1 million euros."
3278,concepts,"From a financial perspective, standard deviation of returns is a common measure of investment volatility."
3279,calculations,"The present value of 41,000 euros received in 13 years, discounted at 8% per year, is about 15,075.61 euros."
3280,calculations,"A company with current assets of 2,290 thousand dollars and current liabilities of 1,080 thousand dollars has a current ratio of 2.12."
3281,calculations,"A bond with a face value of 1,000 dollars, a 4% annual coupon, and a price of 1,040 dollars has a current yield of about 3.85%. The bond trades at a premium."
3282,comparative,"The return on a forward contract comes from gains or losses at settlement, while the return on a government bond comes from periodic coupon payments."
3283,calculations,Net income of 385 million dollars divided by 197 million shares gives earnings per share of 1.95 dollars.
3284,instruments,"Regarding liquidity, a certificate of deposit offers low liquidity before maturity."
3285,calculations,"At a simple interest rate of 4% per year, a principal of 13,500 euros earns 2,160.00 euros in interest over 4 years."
3286,calculations,"A company with net income of 8,300,000 dollars and average equity of 98,400,000 dollars has a return on equity of 8.4%."
3287,calculations,"Simple interest on 8,250 dollars at 3% for 4 years amounts to 990.00 dollars."
3288,calculations,"With a nominal return of 10% and inflation of 4%, the real return is about 5.77% using the exact Fisher relation."
3289,calculations,"A company with net income of 14,200,000 pounds and average equity of 208,800,000 pounds has a return on equity of 6.8%."
3290,calculations,"At a simple interest rate of 3% per year, a principal of 4,250 euros earns 1,020.00 euros in interest over 8 years."
3291,concepts,"In economics and finance, unsystematic risk is specific to a company or industry and can be reduced through diversification."
3292,calculations,"At a simple interest rate of 3% per year, a principal of 11,500 dollars earns 345.00 dollars in interest over 1 years."
3293,ratios,"In financial statement analysis, the asset turnover, defined as revenue divided by average total assets, indicates how effectively a company uses its assets to generate sales."
3294,calculations,Net income of 746 million euros divided by 245 million shares gives earnings per share of 3.04 euros.
3295,comparative,"The return on a corporate bond comes from periodic coupon payments, while the return on a futures contract comes from gains or losses from price changes in the underlying asset."
3296,comparative,"A government bond is a debt security, whereas a forward contract is a derivative."
3297,instruments,"Regarding the futures contract, it obliges both parties to buy or sell an asset at a set price on a future date."
3298,calculations,A share priced at 269 euros with earnings per share of 8.13 euros has a price-to-earnings ratio of about 33.1.
3299,comparative,"The return on a forward contract comes from gains or losses at settlement, while the return on a convertible bond comes from coupon payments plus the option to convert into shares."
3300,ratios,"To compute the days sales outstanding, divide as follows: accounts receivable divided by revenue, multiplied by the number of days in the period."
3301,concepts,"In finance, leverage amplifies both gains and losses by using borrowed funds."
3302,comparative,"A common stock is an equity security, whereas a mutual fund is a pooled investment vehicle."
3303,calculations,"A company with net income of 31,700,000 euros and average equity of 386,800,000 euros has a return on equity of 8.2%."
3304,concepts,"In finance, Anti-money laundering rules require financial institutions to detect and report suspicious transactions."
3305,ratios,The net debt to EBITDA belongs to the family of leverage metrics.
3306,calculations,"Simple interest on 14,000 euros at 5% for 3 years amounts to 2,100.00 euros."
3307,calculations,"A company with net income of 30,800,000 dollars and average equity of 285,300,000 dollars has a return on equity of 10.8%."
3308,calculations,"If a 6% coupon bond with a 1,000 dollars face value trades at 985 dollars, its current yield is approximately 6.09%. The bond trades at a discount."
3309,calculations,"A company with 931 million shares outstanding at a price of 454.99 dollars has a market capitalization of about 423,595.7 million dollars."
3310,calculations,"A company with 746 million shares outstanding at a price of 495.33 euros has a market capitalization of about 369,516.2 million euros."
3311,calculations,An annual dividend of 3.04 pounds on a share priced at 61 pounds gives a dividend yield of 4.98%.
3312,calculations,Net income of 754 million pounds divided by 116 million shares gives earnings per share of 6.50 pounds.
3313,comparative,"A convertible bond is a hybrid security, whereas a futures contract is a derivative."
3314,instruments,The return on a corporate bond comes from periodic coupon payments.
3315,calculations,"A company with 488 million shares outstanding at a price of 196.89 pounds has a market capitalization of about 96,082.3 million pounds."
3316,calculations,Net income of 116 million euros divided by 420 million shares gives earnings per share of 0.28 euros.
3317,calculations,"With a nominal return of 6% and inflation of 3%, the real return is about 2.91% using the exact Fisher relation."
3318,calculations,"An investment of 8,500 pounds at 4% annual interest compounded annually grows to about 9,943.80 pounds after 4 years."
3319,calculations,"If a 3% coupon bond with a 1,000 dollars face value trades at 945 dollars, its current yield is approximately 3.17%. The bond trades at a discount."
3320,calculations,"An asset whose price moves from 2,200 to 3,338 dollars has a return of +51.7%, excluding income."
3321,comparative,"The return on an interest rate swap comes from net exchanged interest payments, while the return on an exchange-traded fund comes from distributions and price changes."
3322,calculations,"If revenue changes from 3,200 to 5,109 thousand pounds, the percentage change is +59.7%."
3323,comparative,"The return on a preferred stock comes from fixed or floating dividends, while the return on a certificate of deposit comes from fixed interest."
3324,ratios,The price-to-book ratio is a valuation ratio.
3325,calculations,"A company with 464 million shares outstanding at a price of 483.11 dollars has a market capitalization of about 224,163.0 million dollars."
3326,calculations,"The monthly payment on a 30-year amortizing loan of 245,000 euros at 5% annual interest is approximately 1,315.21 euros."
3327,comparative,"A zero-coupon bond is a debt security, whereas a futures contract is a derivative."
3328,calculations,"With annual compounding at 5%, 46,500 dollars becomes approximately 200,970.32 dollars in 30 years."
3329,concepts,Gross domestic product measures the total value of goods and services produced in an economy.
3330,comparative,"A mutual fund is a pooled investment vehicle, whereas a preferred stock is a hybrid security."
3331,comparative,"The return on a futures contract comes from gains or losses from price changes in the underlying asset, while the return on a certificate of deposit comes from fixed interest."
3332,ratios,The return on assets belongs to the family of profitability metrics.
3333,concepts,"In economics and finance, compound interest is interest calculated on both the initial principal and the accumulated interest."
3334,calculations,"At a simple interest rate of 4% per year, a principal of 3,750 dollars earns 450.00 dollars in interest over 3 years."
3335,calculations,"A company with current assets of 4,300 thousand pounds and current liabilities of 2,380 thousand pounds has a current ratio of 1.81."
3336,comparative,"The return on a preferred stock comes from fixed or floating dividends, while the return on a put option comes from payoff when the underlying price falls below the strike price."
3337,comparative,"The return on a money market fund comes from short-term interest income, while the return on a mutual fund comes from distributions and changes in net asset value."
3338,calculations,Net income of 276 million pounds divided by 214 million shares gives earnings per share of 1.29 pounds.
3339,calculations,"Discounting 4,000 pounds due in 8 years at an annual rate of 6% gives a present value of approximately 2,509.65 pounds."
3340,ratios,"To compute the return on assets, divide as follows: net income divided by average total assets."
3341,calculations,Net income of 602 million euros divided by 298 million shares gives earnings per share of 2.02 euros.
3342,calculations,"A company with net income of 3,700,000 pounds and average equity of 69,300,000 pounds has a return on equity of 5.3%."
3343,calculations,"Net income of 29,800,000 euros on shareholders' equity of 268,400,000 euros corresponds to a return on equity of about 11.1%."
3344,comparative,"A certificate of deposit is a time deposit, whereas a mutual fund is a pooled investment vehicle."
3345,calculations,Net income of 773 million euros divided by 23 million shares gives earnings per share of 33.61 euros.
3346,comparative,"The return on a put option comes from payoff when the underlying price falls below the strike price, while the return on a forward contract comes from gains or losses at settlement."
3347,calculations,"An asset whose price moves from 950 to 1,076 dollars has a return of +13.3%, excluding income."
3348,calculations,"A company with current assets of 2,870 thousand dollars and current liabilities of 1,140 thousand dollars has a current ratio of 2.52."
3349,calculations,An annual dividend of 5.77 dollars on a share priced at 76 dollars gives a dividend yield of 7.59%.
3350,calculations,"A company with current assets of 4,620 thousand euros and current liabilities of 200 thousand euros has a current ratio of 23.10."
3351,calculations,An annual dividend of 2.08 dollars on a share priced at 129 dollars gives a dividend yield of 1.61%.
3352,comparative,"A common stock is an equity security, whereas a real estate investment trust is a pooled investment vehicle."
3353,calculations,An annual dividend of 1.01 dollars on a share priced at 123 dollars gives a dividend yield of 0.82%.
3354,concepts,"As a general principle, credit rating agencies assess the creditworthiness of bond issuers."
3355,calculations,An annual dividend of 3.28 euros on a share priced at 65 euros gives a dividend yield of 5.05%.
3356,calculations,A share priced at 146 euros with earnings per share of 3.49 euros has a price-to-earnings ratio of about 41.8.
3357,calculations,"Discounting 62,000 dollars due in 15 years at an annual rate of 10% gives a present value of approximately 14,842.31 dollars."
3358,comparative,"An exchange-traded fund is a pooled investment vehicle, whereas a call option is a derivative."
3359,calculations,"With annual compounding at 2%, 8,500 pounds becomes approximately 11,902.05 pounds in 17 years."
3360,calculations,"At a simple interest rate of 3% per year, a principal of 1,750 euros earns 472.50 euros in interest over 9 years."
3361,concepts,"In economics and finance, mergers and acquisitions involve the combination or purchase of companies."
3362,calculations,"A company with net income of 45,700,000 euros and average equity of 325,800,000 euros has a return on equity of 14.0%."
3363,calculations,"If earnings per share are 13.34 pounds and the share price is 120 pounds, the P/E ratio is approximately 9.0."
3364,concepts,The time value of money states that a sum of money today is worth more than the same sum in the future.
3365,calculations,"If earnings per share are 2.88 euros and the share price is 120 euros, the P/E ratio is approximately 41.7."
3366,calculations,"A company with 533 million shares outstanding at a price of 76.41 pounds has a market capitalization of about 40,726.5 million pounds."
3367,calculations,A share priced at 105 dollars with earnings per share of 14.45 dollars has a price-to-earnings ratio of about 7.3.
3368,instruments,The preferred stock is classified as a hybrid security.
3369,calculations,"A company with 156 million shares outstanding at a price of 106.93 dollars has a market capitalization of about 16,681.1 million dollars."
3370,calculations,"A company with 817 million shares outstanding at a price of 73.31 euros has a market capitalization of about 59,894.3 million euros."
3371,concepts,"As a general principle, a secondary market is where previously issued securities are traded between investors."
3372,calculations,"A company with 626 million shares outstanding at a price of 131.88 pounds has a market capitalization of about 82,556.9 million pounds."
3373,calculations,Net income of 853 million dollars divided by 413 million shares gives earnings per share of 2.07 dollars.
3374,calculations,"The present value of 26,000 pounds received in 12 years, discounted at 6% per year, is about 12,921.20 pounds."
3375,concepts,Payment services directives in the European Union regulate payment institutions and electronic payments.
3376,comparative,"A real estate investment trust is a pooled investment vehicle, whereas a call option is a derivative."
3377,concepts,"In finance, inflation is the general increase in prices and the fall in the purchasing power of money."
3378,ratios,"To compute the interest coverage ratio, divide as follows: earnings before interest and taxes divided by interest expense."
3379,calculations,"A company with current assets of 2,330 thousand euros and current liabilities of 1,080 thousand euros has a current ratio of 2.16."
3380,calculations,"The monthly payment on a 25-year amortizing loan of 240,000 dollars at 7% annual interest is approximately 1,696.27 dollars."
3381,calculations,"Net income of 12,500,000 pounds on shareholders' equity of 131,300,000 pounds corresponds to a return on equity of about 9.5%."
3382,concepts,"In finance, collateral is an asset pledged by a borrower to secure a loan."
3383,calculations,"A company with net income of 9,800,000 dollars and average equity of 74,200,000 dollars has a return on equity of 13.2%."
3384,ratios,The debt-to-equity ratio is a leverage ratio.
3385,comparative,"The return on an exchange-traded fund comes from distributions and price changes, while the return on a forward contract comes from gains or losses at settlement."
3386,calculations,"If a 2% coupon bond with a 1,000 pounds face value trades at 1,105 pounds, its current yield is approximately 1.81%. The bond trades at a premium."
3387,instruments,The put option is classified as a derivative.
3388,calculations,A nominal interest rate of 6% combined with 2.5% inflation implies a real interest rate of approximately 3.41%.
3389,concepts,"In economics and finance, a central bank manages a country's monetary policy and money supply."
3390,comparative,"A preferred stock is a hybrid security, whereas a money market fund is a pooled investment vehicle."
3391,calculations,A nominal interest rate of 2% combined with 5% inflation implies a real interest rate of approximately -2.86%.
3392,comparative,"The return on a real estate investment trust comes from rental income distributions and price changes, while the return on a common stock comes from dividends and capital gains."
3393,calculations,"The monthly payment on a 10-year amortizing loan of 105,000 dollars at 5% annual interest is approximately 1,113.69 dollars."
3394,calculations,"An investment of 45,500 dollars at 8% annual interest compounded annually grows to about 247,362.59 dollars after 22 years."
3395,instruments,The return on a zero-coupon bond comes from the difference between the purchase price and face value.
3396,calculations,Net income of 736 million pounds divided by 280 million shares gives earnings per share of 2.63 pounds.
3397,calculations,"Net income of 35,700,000 dollars on shareholders' equity of 448,500,000 dollars corresponds to a return on equity of about 8.0%."
3398,calculations,A share priced at 284 pounds with earnings per share of 10.84 pounds has a price-to-earnings ratio of about 26.2.
3399,concepts,A market order is executed immediately at the best available price.
3400,instruments,A mutual fund generates income through distributions and changes in net asset value.
3401,comparative,"A money market fund is a pooled investment vehicle, whereas a zero-coupon bond is a debt security."
3402,calculations,"A loan of 265,000 dollars at a 7% annual rate, repaid monthly over 20 years, has a monthly payment of about 2,054.54 dollars."
3403,concepts,"In finance, capital adequacy requirements oblige banks to hold capital in proportion to their risk-weighted assets."
3404,instruments,"Regarding the exchange-traded fund, it trades on an exchange throughout the day like a stock."
3405,calculations,"A company with current assets of 1,790 thousand dollars and current liabilities of 2,070 thousand dollars has a current ratio of 0.86."
3406,comparative,"A futures contract is a derivative, whereas a treasury bill is a money market instrument."
3407,instruments,A key feature of a government bond is that its yield is often used as a benchmark for the risk-free rate.
3408,calculations,Net income of 942 million euros divided by 498 million shares gives earnings per share of 1.89 euros.
3409,instruments,A key feature of a common stock is that in liquidation its holders are paid only after creditors and preferred shareholders.
3410,calculations,An annual dividend of 4.20 dollars on a share priced at 106 dollars gives a dividend yield of 3.96%.
3411,calculations,"A company with net income of 32,400,000 pounds and average equity of 447,800,000 pounds has a return on equity of 7.2%."
3412,concepts,Private equity funds invest in companies that are not publicly traded.
3413,calculations,A share priced at 62 pounds with earnings per share of 2.89 pounds has a price-to-earnings ratio of about 21.5.
3414,calculations,"An asset whose price moves from 4,100 to 2,485 dollars has a return of -39.4%, excluding income."
3415,calculations,"Net income of 44,500,000 dollars on shareholders' equity of 858,100,000 dollars corresponds to a return on equity of about 5.2%."
3416,concepts,"As a general principle, an initial public offering is the first sale of a company's shares to the public."
3417,comparative,"A treasury bill is a money market instrument, whereas a common stock is an equity security."
3418,calculations,"Simple interest on 3,750 pounds at 3% for 9 years amounts to 1,012.50 pounds."
3419,comparative,"The return on a zero-coupon bond comes from the difference between the purchase price and face value, while the return on a mortgage-backed security comes from principal and interest payments passed through from borrowers."
3420,concepts,"In economics and finance, capital adequacy requirements oblige banks to hold capital in proportion to their risk-weighted assets."
3421,calculations,"If earnings per share are 10.33 pounds and the share price is 39 pounds, the P/E ratio is approximately 3.8."
3422,comparative,"The return on a treasury bill comes from the discount between the purchase price and face value, while the return on a government bond comes from periodic coupon payments."
3423,calculations,A share priced at 94 pounds with earnings per share of 13.73 pounds has a price-to-earnings ratio of about 6.8.
3424,calculations,"A company with 359 million shares outstanding at a price of 355.14 pounds has a market capitalization of about 127,495.3 million pounds."
3425,calculations,"Discounting 21,000 dollars due in 9 years at an annual rate of 8% gives a present value of approximately 10,505.23 dollars."
3426,calculations,Net income of 686 million dollars divided by 409 million shares gives earnings per share of 1.68 dollars.
3427,calculations,"A loan of 170,000 euros at a 7% annual rate, repaid monthly over 30 years, has a monthly payment of about 1,131.01 euros."
3428,calculations,"With a nominal return of 3% and inflation of 1.5%, the real return is about 1.48% using the exact Fisher relation."
3429,calculations,"At a simple interest rate of 3% per year, a principal of 8,750 euros earns 262.50 euros in interest over 1 years."
3430,calculations,"Discounting 76,000 euros due in 3 years at an annual rate of 10% gives a present value of approximately 57,099.92 euros."
3431,comparative,"A money market fund is a pooled investment vehicle, whereas a corporate bond is a debt security."
3432,comparative,"The return on an exchange-traded fund comes from distributions and price changes, while the return on a futures contract comes from gains or losses from price changes in the underlying asset."
3433,calculations,"Discounting 30,000 pounds due in 2 years at an annual rate of 5% gives a present value of approximately 27,210.88 pounds."
3434,calculations,"An investment of 44,500 pounds at 5% annual interest compounded annually grows to about 150,692.79 pounds after 25 years."
3435,calculations,"The future value of 48,500 pounds invested for 27 years at a 6% annual rate, compounded yearly, is about 233,883.78 pounds."
3436,instruments,"Regarding the treasury bill, it is sold at a discount and repaid at par."
3437,calculations,"If earnings per share are 13.31 pounds and the share price is 300 pounds, the P/E ratio is approximately 22.5."
3438,calculations,"Simple interest on 3,000 pounds at 3% for 1 years amounts to 90.00 pounds."
3439,calculations,"A company with current assets of 2,180 thousand dollars and current liabilities of 2,580 thousand dollars has a current ratio of 0.84."
3440,calculations,"An asset whose price moves from 500 to 607 euros has a return of +21.4%, excluding income."
3441,concepts,Modern portfolio theory was developed by Harry Markowitz in the 1950s.
3442,calculations,A share priced at 64 euros with earnings per share of 14.23 euros has a price-to-earnings ratio of about 4.5.
3443,instruments,A common stock generates income through dividends and capital gains.
3444,calculations,"An asset whose price moves from 250 to 169 euros has a return of -32.4%, excluding income."
3445,calculations,"A bond with a face value of 1,000 euros, a 2% annual coupon, and a price of 860 euros has a current yield of about 2.33%. The bond trades at a discount."
3446,calculations,"If revenue changes from 1,600 to 1,104 thousand dollars, the percentage change is -31.0%."
3447,calculations,An annual dividend of 3.47 euros on a share priced at 251 euros gives a dividend yield of 1.38%.
3448,ratios,The gross margin is a profitability ratio.
3449,calculations,"Net income of 15,000,000 euros on shareholders' equity of 231,900,000 euros corresponds to a return on equity of about 6.5%."
3450,concepts,The nominal interest rate is the stated rate before adjusting for inflation.
3451,calculations,"At a simple interest rate of 2% per year, a principal of 10,000 dollars earns 2,000.00 dollars in interest over 10 years."
3452,comparative,"A zero-coupon bond is a debt security, whereas an exchange-traded fund is a pooled investment vehicle."
3453,comparative,"The return on a preferred stock comes from fixed or floating dividends, while the return on an interest rate swap comes from net exchanged interest payments."
3454,comparative,"A money market fund is a pooled investment vehicle, whereas an interest rate swap is a derivative."
3455,calculations,"A bond with a face value of 1,000 dollars, a 4% annual coupon, and a price of 900 dollars has a current yield of about 4.44%. The bond trades at a discount."
3456,concepts,"From a financial perspective, quantitative easing involves a central bank buying financial assets to increase the money supply."
3457,calculations,"If earnings per share are 6.30 euros and the share price is 206 euros, the P/E ratio is approximately 32.7."
3458,calculations,"A company with net income of 41,600,000 euros and average equity of 661,700,000 euros has a return on equity of 6.3%."
3459,calculations,"A company with net income of 23,800,000 pounds and average equity of 390,000,000 pounds has a return on equity of 6.1%."
3460,calculations,"A company with current assets of 620 thousand euros and current liabilities of 2,640 thousand euros has a current ratio of 0.23."
3461,calculations,"Simple interest on 13,500 pounds at 2% for 2 years amounts to 540.00 pounds."
3462,calculations,"At a simple interest rate of 4% per year, a principal of 19,250 euros earns 6,930.00 euros in interest over 9 years."
3463,calculations,"With a nominal return of 3% and inflation of 1%, the real return is about 1.98% using the exact Fisher relation."
3464,calculations,"Simple interest on 10,500 dollars at 2% for 1 years amounts to 210.00 dollars."
3465,calculations,"If earnings per share are 12.59 dollars and the share price is 92 dollars, the P/E ratio is approximately 7.3."
3466,calculations,"If a 2% coupon bond with a 1,000 dollars face value trades at 1,020 dollars, its current yield is approximately 1.96%. The bond trades at a premium."
3467,concepts,"From a financial perspective, a leveraged buyout is an acquisition financed largely with borrowed money."
3468,calculations,"With annual compounding at 3.5%, 16,000 dollars becomes approximately 31,836.62 dollars in 20 years."
3469,comparative,"A forward contract is a derivative, whereas a corporate bond is a debt security."
3470,concepts,"From a financial perspective, leverage amplifies both gains and losses by using borrowed funds."
3471,calculations,A nominal interest rate of 7% combined with 5% inflation implies a real interest rate of approximately 1.90%.
3472,concepts,"As a general principle, diversification reduces portfolio risk by combining assets whose returns are not perfectly correlated."
3473,calculations,"With a nominal return of 5% and inflation of 1.5%, the real return is about 3.45% using the exact Fisher relation."
3474,calculations,"With annual compounding at 5%, 21,500 dollars becomes approximately 59,898.20 dollars in 21 years."
3475,comparative,"The return on a corporate bond comes from periodic coupon payments, while the return on a common stock comes from dividends and capital gains."
3476,calculations,"Net income of 12,600,000 pounds on shareholders' equity of 120,800,000 pounds corresponds to a return on equity of about 10.4%."
3477,calculations,"A loan of 310,000 euros at a 7% annual rate, repaid monthly over 15 years, has a monthly payment of about 2,786.37 euros."
3478,calculations,An annual dividend of 7.33 pounds on a share priced at 83 pounds gives a dividend yield of 8.83%.
3479,calculations,"A bond with a face value of 1,000 euros, a 6% annual coupon, and a price of 955 euros has a current yield of about 6.28%. The bond trades at a discount."
3480,calculations,Net income of 657 million pounds divided by 194 million shares gives earnings per share of 3.39 pounds.
3481,calculations,"A company with 589 million shares outstanding at a price of 145.41 dollars has a market capitalization of about 85,646.5 million dollars."
3482,instruments,"Regarding the convertible bond, it can be exchanged for a predetermined number of the issuer's shares."
3483,instruments,"Regarding the preferred stock, it often carries no voting rights."
3484,ratios,"To compute the enterprise value to EBITDA, divide as follows: enterprise value divided by earnings before interest, taxes, depreciation, and amortization."
3485,calculations,"A company with current assets of 3,140 thousand pounds and current liabilities of 4,230 thousand pounds has a current ratio of 0.74."
3486,calculations,"Net income of 47,700,000 dollars on shareholders' equity of 372,300,000 dollars corresponds to a return on equity of about 12.8%."
3487,ratios,"To compute the return on equity, divide as follows: net income divided by average shareholders' equity."
3488,calculations,"An asset whose price moves from 8,800 to 7,425 pounds has a return of -15.6%, excluding income."
3489,calculations,"At a simple interest rate of 6% per year, a principal of 19,500 euros earns 8,190.00 euros in interest over 7 years."
3490,calculations,"A loan of 235,000 euros at a 4% annual rate, repaid monthly over 25 years, has a monthly payment of about 1,240.42 euros."
3491,comparative,"The return on a preferred stock comes from fixed or floating dividends, while the return on a zero-coupon bond comes from the difference between the purchase price and face value."
3492,concepts,"In finance, insurance transfers risk from the policyholder to the insurer in exchange for a premium."
3493,calculations,"A company with net income of 42,600,000 euros and average equity of 365,000,000 euros has a return on equity of 11.7%."
3494,ratios,"To compute the inventory turnover, divide as follows: cost of goods sold divided by average inventory."
3495,calculations,"At a simple interest rate of 5% per year, a principal of 18,250 euros earns 6,387.50 euros in interest over 7 years."
3496,calculations,"With annual compounding at 8%, 43,000 dollars becomes approximately 126,299.33 dollars in 14 years."
3497,calculations,"If a 7% coupon bond with a 1,000 pounds face value trades at 1,010 pounds, its current yield is approximately 6.93%. The bond trades at a premium."
3498,calculations,"Simple interest on 6,000 dollars at 5% for 8 years amounts to 2,400.00 dollars."
3499,instruments,The return on an interest rate swap comes from net exchanged interest payments.
3500,concepts,Systematic risk affects the entire market and cannot be eliminated by diversification.
3501,instruments,The return on a common stock comes from dividends and capital gains.
3502,calculations,"An investment of 14,500 euros at 7% annual interest compounded annually grows to about 60,038.15 euros after 21 years."
3503,calculations,A share priced at 234 dollars with earnings per share of 3.58 dollars has a price-to-earnings ratio of about 65.4.
3504,instruments,A key feature of a mortgage-backed security is that falling interest rates tend to increase prepayments.
3505,calculations,"An asset whose price moves from 1,850 to 2,773 euros has a return of +49.9%, excluding income."
3506,calculations,"If earnings per share are 6.47 pounds and the share price is 261 pounds, the P/E ratio is approximately 40.3."
3507,calculations,"If revenue changes from 8,850 to 8,639 thousand dollars, the percentage change is -2.4%."
3508,calculations,"A loan of 100,000 dollars at a 4% annual rate, repaid monthly over 5 years, has a monthly payment of about 1,841.65 dollars."
3509,comparative,"A treasury bill is a money market instrument, whereas a forward contract is a derivative."
3510,ratios,"To compute the payout ratio, divide as follows: dividends divided by net income."
3511,concepts,"As a general principle, the efficient frontier represents portfolios that offer the highest expected return for each level of risk."
3512,calculations,"A company with 521 million shares outstanding at a price of 171.80 dollars has a market capitalization of about 89,507.8 million dollars."
3513,calculations,"With annual compounding at 6%, 16,500 euros becomes approximately 94,767.60 euros in 30 years."
3514,instruments,A zero-coupon bond generates income through the difference between the purchase price and face value.
3515,calculations,"An investment of 35,000 pounds at 8% annual interest compounded annually grows to about 55,540.60 pounds after 6 years."
3516,calculations,An annual dividend of 2.71 pounds on a share priced at 263 pounds gives a dividend yield of 1.03%.
3517,calculations,"A company with current assets of 260 thousand dollars and current liabilities of 3,070 thousand dollars has a current ratio of 0.08."
3518,concepts,"In finance, a market order is executed immediately at the best available price."
3519,instruments,A key feature of an exchange-traded fund is that an arbitrage mechanism involving authorized participants keeps its price close to its net asset value.
3520,comparative,"A call option is a derivative, whereas a money market fund is a pooled investment vehicle."
3521,calculations,"An asset whose price moves from 6,650 to 10,338 dollars has a return of +55.5%, excluding income."
3522,calculations,Net income of 47 million dollars divided by 245 million shares gives earnings per share of 0.19 dollars.
3523,calculations,"An asset whose price moves from 1,450 to 2,110 euros has a return of +45.5%, excluding income."
3524,calculations,"If earnings per share are 5.23 pounds and the share price is 106 pounds, the P/E ratio is approximately 20.3."
3525,calculations,"If earnings per share are 11.24 euros and the share price is 54 euros, the P/E ratio is approximately 4.8."
3526,calculations,"The future value of 19,000 pounds invested for 5 years at a 3% annual rate, compounded yearly, is about 22,026.21 pounds."
3527,calculations,"Discounting 76,000 dollars due in 7 years at an annual rate of 6% gives a present value of approximately 50,544.34 dollars."
3528,calculations,"If earnings per share are 9.81 dollars and the share price is 86 dollars, the P/E ratio is approximately 8.8."
3529,comparative,"The return on a money market fund comes from short-term interest income, while the return on a corporate bond comes from periodic coupon payments."
3530,calculations,A share priced at 71 euros with earnings per share of 1.23 euros has a price-to-earnings ratio of about 57.7.
3531,comparative,"The return on a preferred stock comes from fixed or floating dividends, while the return on a futures contract comes from gains or losses from price changes in the underlying asset."
3532,calculations,"A loan of 325,000 pounds at a 3% annual rate, repaid monthly over 25 years, has a monthly payment of about 1,541.19 pounds."
3533,calculations,Net income of 158 million dollars divided by 139 million shares gives earnings per share of 1.14 dollars.
3534,comparative,"A mortgage-backed security is an asset-backed security, whereas a money market fund is a pooled investment vehicle."
3535,calculations,"Discounting 53,000 dollars due in 1 years at an annual rate of 4% gives a present value of approximately 50,961.54 dollars."
3536,calculations,"If a 6% coupon bond with a 1,000 euros face value trades at 1,115 euros, its current yield is approximately 5.38%. The bond trades at a premium."
3537,calculations,A share priced at 197 dollars with earnings per share of 14.96 dollars has a price-to-earnings ratio of about 13.2.
3538,calculations,"The future value of 25,000 dollars invested for 13 years at a 1.5% annual rate, compounded yearly, is about 30,338.81 dollars."
3539,calculations,"If earnings per share are 5.94 dollars and the share price is 73 dollars, the P/E ratio is approximately 12.3."
3540,instruments,An interest rate swap generates income through net exchanged interest payments.
3541,calculations,"A bond with a face value of 1,000 euros, a 7% annual coupon, and a price of 995 euros has a current yield of about 7.04%. The bond trades at a discount."
3542,concepts,"In economics and finance, a bull market is a period of generally rising prices."
3543,calculations,"A company with net income of 47,600,000 pounds and average equity of 409,000,000 pounds has a return on equity of 11.6%."
3544,concepts,"From a financial perspective, an exchange rate is the price of one currency expressed in terms of another."
3545,calculations,A share priced at 150 pounds with earnings per share of 9.76 pounds has a price-to-earnings ratio of about 15.4.
3546,calculations,"A bond with a face value of 1,000 dollars, a 4% annual coupon, and a price of 1,135 dollars has a current yield of about 3.52%. The bond trades at a premium."
3547,calculations,"Net income of 27,400,000 dollars on shareholders' equity of 94,100,000 dollars corresponds to a return on equity of about 29.1%."
3548,calculations,A share priced at 142 pounds with earnings per share of 7.58 pounds has a price-to-earnings ratio of about 18.7.
3549,calculations,"If revenue changes from 8,200 to 10,892 thousand pounds, the percentage change is +32.8%."
3550,calculations,"A loan of 360,000 dollars at a 2% annual rate, repaid monthly over 30 years, has a monthly payment of about 1,330.63 dollars."
3551,concepts,"In finance, the cash flow statement shows cash flows from operating, investing, and financing activities."
3552,calculations,"At a simple interest rate of 5% per year, a principal of 11,750 dollars earns 3,525.00 dollars in interest over 6 years."
3553,instruments,"Regarding liquidity, a convertible bond offers moderate liquidity."
3554,calculations,A company with current assets of 720 thousand euros and current liabilities of 400 thousand euros has a current ratio of 1.80.
3555,concepts,"As a general principle, insurance transfers risk from the policyholder to the insurer in exchange for a premium."
3556,calculations,"A company with 788 million shares outstanding at a price of 258.32 pounds has a market capitalization of about 203,556.2 million pounds."
3557,calculations,"An investment of 4,000 euros at 2% annual interest compounded annually grows to about 4,416.32 euros after 5 years."
3558,calculations,"With annual compounding at 3.5%, 37,000 euros becomes approximately 39,635.32 euros in 2 years."
3559,calculations,"If revenue changes from 5,200 to 6,828 thousand euros, the percentage change is +31.3%."
3560,concepts,"As a general principle, convexity describes how a bond's duration changes as interest rates change."
3561,calculations,"An investment of 46,000 euros at 4% annual interest compounded annually grows to about 109,016.26 euros after 22 years."
3562,calculations,"A company with current assets of 4,980 thousand dollars and current liabilities of 3,390 thousand dollars has a current ratio of 1.47."
3563,concepts,"From a financial perspective, capital adequacy requirements oblige banks to hold capital in proportion to their risk-weighted assets."
3564,comparative,"A money market fund is a pooled investment vehicle, whereas a common stock is an equity security."
3565,calculations,"Discounting 79,000 euros due in 14 years at an annual rate of 8% gives a present value of approximately 26,896.42 euros."
3566,comparative,"A government bond is a debt security, whereas a convertible bond is a hybrid security."
3567,calculations,"Net income of 31,100,000 euros on shareholders' equity of 509,900,000 euros corresponds to a return on equity of about 6.1%."
3568,calculations,A share priced at 167 dollars with earnings per share of 10.86 dollars has a price-to-earnings ratio of about 15.4.
3569,calculations,"A company with 73 million shares outstanding at a price of 165.40 euros has a market capitalization of about 12,074.2 million euros."
3570,instruments,The return on a mutual fund comes from distributions and changes in net asset value.
3571,calculations,"A company with 912 million shares outstanding at a price of 478.03 pounds has a market capitalization of about 435,963.4 million pounds."
3572,calculations,Net income of 408 million euros divided by 210 million shares gives earnings per share of 1.94 euros.
3573,calculations,A share priced at 12 euros with earnings per share of 5.00 euros has a price-to-earnings ratio of about 2.4.
3574,calculations,"A bond with a face value of 1,000 dollars, a 5% annual coupon, and a price of 855 dollars has a current yield of about 5.85%. The bond trades at a discount."
3575,calculations,"A company with 827 million shares outstanding at a price of 8.70 pounds has a market capitalization of about 7,194.9 million pounds."
3576,calculations,"A company with net income of 21,000,000 dollars and average equity of 153,400,000 dollars has a return on equity of 13.7%."
3577,calculations,"A company with 297 million shares outstanding at a price of 23.52 pounds has a market capitalization of about 6,985.4 million pounds."
3578,calculations,"The present value of 97,000 euros received in 12 years, discounted at 6% per year, is about 48,206.03 euros."
3579,calculations,Net income of 886 million pounds divided by 488 million shares gives earnings per share of 1.82 pounds.
3580,comparative,"The return on a put option comes from payoff when the underlying price falls below the strike price, while the return on a money market fund comes from short-term interest income."
3581,calculations,"A company with current assets of 1,150 thousand euros and current liabilities of 280 thousand euros has a current ratio of 4.11."
3582,calculations,"An investment of 25,500 euros at 6% annual interest compounded annually grows to about 116,009.27 euros after 26 years."
3583,calculations,"A company with net income of 2,100,000 dollars and average equity of 38,900,000 dollars has a return on equity of 5.4%."
3584,calculations,"Net income of 42,000,000 euros on shareholders' equity of 505,700,000 euros corresponds to a return on equity of about 8.3%."
3585,calculations,"At a simple interest rate of 5% per year, a principal of 18,500 pounds earns 9,250.00 pounds in interest over 10 years."
3586,calculations,"A loan of 150,000 pounds at a 6% annual rate, repaid monthly over 25 years, has a monthly payment of about 966.45 pounds."
3587,calculations,"If a 5% coupon bond with a 1,000 pounds face value trades at 850 pounds, its current yield is approximately 5.88%. The bond trades at a discount."
3588,calculations,"If a 2% coupon bond with a 1,000 euros face value trades at 1,100 euros, its current yield is approximately 1.82%. The bond trades at a premium."
3589,concepts,"In economics and finance, the capital asset pricing model relates an asset's expected return to its systematic risk, measured by beta."
3590,calculations,"A company with 469 million shares outstanding at a price of 307.93 pounds has a market capitalization of about 144,419.2 million pounds."
3591,calculations,"Net income of 21,200,000 euros on shareholders' equity of 392,900,000 euros corresponds to a return on equity of about 5.4%."
3592,concepts,"As a general principle, EBITDA stands for earnings before interest, taxes, depreciation, and amortization."
3593,calculations,An annual dividend of 1.58 dollars on a share priced at 52 dollars gives a dividend yield of 3.04%.
3594,calculations,"Discounting 7,000 dollars due in 5 years at an annual rate of 10% gives a present value of approximately 4,346.45 dollars."
3595,calculations,"The future value of 17,000 euros invested for 28 years at a 2.5% annual rate, compounded yearly, is about 33,940.42 euros."
3596,calculations,An annual dividend of 6.85 dollars on a share priced at 206 dollars gives a dividend yield of 3.33%.
3597,calculations,Net income of 692 million euros divided by 260 million shares gives earnings per share of 2.66 euros.
3598,calculations,"A company with 832 million shares outstanding at a price of 401.79 pounds has a market capitalization of about 334,289.3 million pounds."
3599,calculations,"The monthly payment on a 30-year amortizing loan of 75,000 pounds at 4% annual interest is approximately 358.06 pounds."
3600,calculations,An annual dividend of 4.19 pounds on a share priced at 124 pounds gives a dividend yield of 3.38%.
3601,calculations,"If revenue changes from 3,350 to 5,180 thousand dollars, the percentage change is +54.6%."
3602,calculations,Net income of 789 million pounds divided by 97 million shares gives earnings per share of 8.13 pounds.
3603,comparative,"The return on an exchange-traded fund comes from distributions and price changes, while the return on a certificate of deposit comes from fixed interest."
3604,concepts,"From a financial perspective, the efficient frontier represents portfolios that offer the highest expected return for each level of risk."
3605,concepts,Diversification reduces portfolio risk by combining assets whose returns are not perfectly correlated.
3606,calculations,"Net income of 30,700,000 dollars on shareholders' equity of 300,600,000 dollars corresponds to a return on equity of about 10.2%."
3607,calculations,Net income of 163 million dollars divided by 401 million shares gives earnings per share of 0.41 dollars.
3608,calculations,"An asset whose price moves from 9,700 to 8,595 dollars has a return of -11.4%, excluding income."
3609,calculations,"A company with current assets of 2,460 thousand euros and current liabilities of 3,730 thousand euros has a current ratio of 0.66."
3610,calculations,"If earnings per share are 1.74 dollars and the share price is 39 dollars, the P/E ratio is approximately 22.4."
3611,calculations,"A company with 630 million shares outstanding at a price of 310.91 euros has a market capitalization of about 195,873.3 million euros."
3612,calculations,"If earnings per share are 14.12 dollars and the share price is 55 dollars, the P/E ratio is approximately 3.9."
3613,calculations,An annual dividend of 2.82 dollars on a share priced at 218 dollars gives a dividend yield of 1.29%.
3614,calculations,"At a simple interest rate of 5% per year, a principal of 9,250 dollars earns 3,700.00 dollars in interest over 8 years."
3615,calculations,"At a simple interest rate of 4% per year, a principal of 16,750 euros earns 2,680.00 euros in interest over 4 years."
3616,calculations,"With annual compounding at 3.5%, 19,500 pounds becomes approximately 40,158.91 pounds in 21 years."
3617,comparative,"The return on an interest rate swap comes from net exchanged interest payments, while the return on a forward contract comes from gains or losses at settlement."
3618,comparative,"The return on a mortgage-backed security comes from principal and interest payments passed through from borrowers, while the return on a money market fund comes from short-term interest income."
3619,calculations,"With a nominal return of 7% and inflation of 1%, the real return is about 5.94% using the exact Fisher relation."
3620,calculations,Net income of 42 million pounds divided by 217 million shares gives earnings per share of 0.19 pounds.
3621,concepts,"As a general principle, Modern portfolio theory was developed by Harry Markowitz in the 1950s."
3622,instruments,"Regarding the put option, it gives its holder the right, but not the obligation, to sell the underlying asset at the strike price."
3623,calculations,"If earnings per share are 13.58 euros and the share price is 164 euros, the P/E ratio is approximately 12.1."
3624,calculations,"A loan of 35,000 euros at a 3.5% annual rate, repaid monthly over 15 years, has a monthly payment of about 250.21 euros."
3625,ratios,"The net debt to EBITDA is calculated as total debt minus cash, divided by EBITDA."
3626,calculations,"If a 7% coupon bond with a 1,000 dollars face value trades at 1,070 dollars, its current yield is approximately 6.54%. The bond trades at a premium."
3627,calculations,"At a simple interest rate of 2% per year, a principal of 7,500 dollars earns 600.00 dollars in interest over 4 years."
3628,calculations,"If a 7% coupon bond with a 1,000 euros face value trades at 1,140 euros, its current yield is approximately 6.14%. The bond trades at a premium."
3629,instruments,"Regarding the call option, it gives its holder the right, but not the obligation, to buy the underlying asset at the strike price."
3630,calculations,"A company with 328 million shares outstanding at a price of 371.75 dollars has a market capitalization of about 121,934.0 million dollars."
3631,calculations,"A company with 69 million shares outstanding at a price of 462.35 euros has a market capitalization of about 31,902.2 million euros."
3632,concepts,"In economics and finance, the loan-to-value ratio compares the size of a loan to the value of the asset securing it."
3633,calculations,A share priced at 151 pounds with earnings per share of 6.98 pounds has a price-to-earnings ratio of about 21.6.
3634,calculations,"The present value of 64,000 dollars received in 13 years, discounted at 8% per year, is about 23,532.67 dollars."
3635,calculations,"An asset whose price moves from 2,500 to 1,725 euros has a return of -31.0%, excluding income."
3636,calculations,"The future value of 45,000 euros invested for 20 years at a 3.5% annual rate, compounded yearly, is about 89,540.50 euros."
3637,ratios,The current ratio is calculated as current assets divided by current liabilities.
3638,calculations,"If a 3% coupon bond with a 1,000 dollars face value trades at 950 dollars, its current yield is approximately 3.16%. The bond trades at a discount."
3639,calculations,"A bond with a face value of 1,000 pounds, a 6% annual coupon, and a price of 905 pounds has a current yield of about 6.63%. The bond trades at a discount."
3640,calculations,"If revenue changes from 9,700 to 12,892 thousand dollars, the percentage change is +32.9%."
3641,calculations,Net income of 898 million pounds divided by 458 million shares gives earnings per share of 1.96 pounds.
3642,calculations,"An asset whose price moves from 8,950 to 7,045 dollars has a return of -21.3%, excluding income."
3643,calculations,"The present value of 88,000 pounds received in 15 years, discounted at 2% per year, is about 65,385.30 pounds."
3644,calculations,"A company with current assets of 4,060 thousand dollars and current liabilities of 570 thousand dollars has a current ratio of 7.12."
3645,calculations,An annual dividend of 3.45 euros on a share priced at 50 euros gives a dividend yield of 6.90%.
3646,calculations,"With annual compounding at 8%, 46,000 dollars becomes approximately 183,816.90 dollars in 18 years."
3647,calculations,A share priced at 68 pounds with earnings per share of 2.51 pounds has a price-to-earnings ratio of about 27.1.
3648,ratios,"In financial statement analysis, the debt-to-equity ratio, defined as total debt divided by shareholders' equity, indicates the degree to which a company finances itself with debt relative to equity."
3649,concepts,"From a financial perspective, a project with a positive net present value is expected to add value to the firm."
3650,comparative,"The return on a convertible bond comes from coupon payments plus the option to convert into shares, while the return on a mortgage-backed security comes from principal and interest payments passed through from borrowers."
3651,comparative,"The return on a zero-coupon bond comes from the difference between the purchase price and face value, while the return on a real estate investment trust comes from rental income distributions and price changes."
3652,calculations,An annual dividend of 1.58 euros on a share priced at 115 euros gives a dividend yield of 1.37%.
3653,calculations,"A bond with a face value of 1,000 dollars, a 5% annual coupon, and a price of 860 dollars has a current yield of about 5.81%. The bond trades at a discount."
3654,calculations,A share priced at 42 euros with earnings per share of 11.08 euros has a price-to-earnings ratio of about 3.8.
3655,comparative,"The return on a mortgage-backed security comes from principal and interest payments passed through from borrowers, while the return on a real estate investment trust comes from rental income distributions and price changes."
3656,calculations,"At a simple interest rate of 2% per year, a principal of 11,250 dollars earns 900.00 dollars in interest over 4 years."
3657,calculations,"The present value of 55,000 pounds received in 6 years, discounted at 2% per year, is about 48,838.43 pounds."
3658,calculations,"The future value of 50,000 dollars invested for 24 years at a 8% annual rate, compounded yearly, is about 317,059.04 dollars."
3659,comparative,"The return on a futures contract comes from gains or losses from price changes in the underlying asset, while the return on a government bond comes from periodic coupon payments."
3660,calculations,"If earnings per share are 1.41 dollars and the share price is 201 dollars, the P/E ratio is approximately 142.6."
3661,calculations,"A bond with a face value of 1,000 euros, a 7% annual coupon, and a price of 1,005 euros has a current yield of about 6.97%. The bond trades at a premium."
3662,instruments,"In terms of risk, a convertible bond carries moderate risk."
3663,concepts,Fiscal policy refers to government decisions on taxation and public spending.
3664,calculations,A share priced at 76 pounds with earnings per share of 1.13 pounds has a price-to-earnings ratio of about 67.3.
3665,calculations,"A company with 655 million shares outstanding at a price of 266.70 dollars has a market capitalization of about 174,688.5 million dollars."
3666,calculations,"At a simple interest rate of 3% per year, a principal of 15,750 euros earns 2,835.00 euros in interest over 6 years."
3667,calculations,"A company with 729 million shares outstanding at a price of 399.19 pounds has a market capitalization of about 291,009.5 million pounds."
3668,calculations,"At a simple interest rate of 5% per year, a principal of 1,000 dollars earns 200.00 dollars in interest over 4 years."
3669,concepts,Mergers and acquisitions involve the combination or purchase of companies.
3670,comparative,"A convertible bond is a hybrid security, whereas a put option is a derivative."
3671,calculations,"A bond with a face value of 1,000 pounds, a 5% annual coupon, and a price of 1,000 pounds has a current yield of about 5.00%. The bond trades at par."
3672,calculations,"Simple interest on 7,750 pounds at 5% for 7 years amounts to 2,712.50 pounds."
3673,calculations,"A company with current assets of 840 thousand pounds and current liabilities of 2,660 thousand pounds has a current ratio of 0.32."
3674,calculations,"A company with 203 million shares outstanding at a price of 231.42 euros has a market capitalization of about 46,978.3 million euros."
3675,comparative,"A call option is a derivative, whereas a mutual fund is a pooled investment vehicle."
3676,calculations,"Discounting 34,000 pounds due in 15 years at an annual rate of 6% gives a present value of approximately 14,187.01 pounds."
3677,calculations,"A company with 530 million shares outstanding at a price of 407.71 pounds has a market capitalization of about 216,086.3 million pounds."
3678,calculations,"Net income of 15,300,000 dollars on shareholders' equity of 112,400,000 dollars corresponds to a return on equity of about 13.6%."
3679,calculations,"At a simple interest rate of 5% per year, a principal of 3,500 pounds earns 1,575.00 pounds in interest over 9 years."
3680,calculations,A company with current assets of 780 thousand euros and current liabilities of 570 thousand euros has a current ratio of 1.37.
3681,comparative,"A preferred stock is a hybrid security, whereas a mortgage-backed security is an asset-backed security."
3682,concepts,"In finance, an exchange rate is the price of one currency expressed in terms of another."
3683,calculations,"If revenue changes from 5,300 to 7,440 thousand dollars, the percentage change is +40.4%."
3684,comparative,"A mortgage-backed security is an asset-backed security, whereas a corporate bond is a debt security."
3685,comparative,"A common stock is an equity security, whereas a call option is a derivative."
3686,calculations,An annual dividend of 3.53 euros on a share priced at 22 euros gives a dividend yield of 16.05%.
3687,calculations,"A company with 640 million shares outstanding at a price of 401.03 dollars has a market capitalization of about 256,659.2 million dollars."
3688,calculations,"If revenue changes from 6,400 to 4,175 thousand dollars, the percentage change is -34.8%."
3689,instruments,"Regarding liquidity, a money market fund offers high liquidity."
3690,calculations,A share priced at 189 euros with earnings per share of 6.59 euros has a price-to-earnings ratio of about 28.7.
3691,calculations,"An investment of 15,000 dollars at 4.5% annual interest compounded annually grows to about 26,582.94 dollars after 13 years."
3692,concepts,"From a financial perspective, private equity funds invest in companies that are not publicly traded."
3693,comparative,"The return on a convertible bond comes from coupon payments plus the option to convert into shares, while the return on a certificate of deposit comes from fixed interest."
3694,calculations,"Discounting 33,000 dollars due in 19 years at an annual rate of 2% gives a present value of approximately 22,652.22 dollars."
3695,calculations,"If earnings per share are 4.64 pounds and the share price is 274 pounds, the P/E ratio is approximately 59.1."
3696,concepts,"In economics and finance, deflation is a sustained decrease in the general price level."
3697,ratios,The payout ratio belongs to the family of dividend policy metrics.
3698,calculations,"With a nominal return of 10% and inflation of 1.5%, the real return is about 8.37% using the exact Fisher relation."
3699,comparative,"A corporate bond is a debt security, whereas a certificate of deposit is a time deposit."
3700,calculations,"The future value of 29,500 pounds invested for 14 years at a 2% annual rate, compounded yearly, is about 38,924.62 pounds."
3701,calculations,Net income of 669 million euros divided by 242 million shares gives earnings per share of 2.76 euros.
3702,calculations,"A company with net income of 10,300,000 dollars and average equity of 110,800,000 dollars has a return on equity of 9.3%."
3703,comparative,"An exchange-traded fund is a pooled investment vehicle, whereas a treasury bill is a money market instrument."
3704,calculations,"A company with net income of 9,500,000 pounds and average equity of 183,000,000 pounds has a return on equity of 5.2%."
3705,calculations,"A company with 376 million shares outstanding at a price of 43.93 pounds has a market capitalization of about 16,517.7 million pounds."
3706,calculations,"The monthly payment on a 30-year amortizing loan of 205,000 dollars at 7% annual interest is approximately 1,363.87 dollars."
3707,concepts,"As a general principle, Anti-money laundering rules require financial institutions to detect and report suspicious transactions."
3708,comparative,"A call option is a derivative, whereas a real estate investment trust is a pooled investment vehicle."
3709,comparative,"A zero-coupon bond is a debt security, whereas a put option is a derivative."
3710,calculations,"An asset whose price moves from 1,250 to 1,474 euros has a return of +17.9%, excluding income."
3711,calculations,"At a simple interest rate of 2% per year, a principal of 19,000 dollars earns 2,280.00 dollars in interest over 6 years."
3712,calculations,"If a 3% coupon bond with a 1,000 pounds face value trades at 905 pounds, its current yield is approximately 3.31%. The bond trades at a discount."
3713,comparative,"A treasury bill is a money market instrument, whereas a corporate bond is a debt security."
3714,concepts,"In finance, retained earnings are accumulated profits that have not been distributed as dividends."
3715,calculations,An annual dividend of 8.84 euros on a share priced at 39 euros gives a dividend yield of 22.67%.
3716,calculations,"A bond with a face value of 1,000 euros, a 6% annual coupon, and a price of 1,120 euros has a current yield of about 5.36%. The bond trades at a premium."
3717,calculations,Net income of 797 million euros divided by 238 million shares gives earnings per share of 3.35 euros.
3718,concepts,"As a general principle, amortization allocates the cost of an intangible asset over its useful life."
3719,calculations,Net income of 802 million dollars divided by 180 million shares gives earnings per share of 4.46 dollars.
3720,comparative,"A corporate bond is a debt security, whereas a money market fund is a pooled investment vehicle."
3721,instruments,A futures contract is a derivative.
3722,concepts,"From a financial perspective, depreciation allocates the cost of a tangible asset over its useful life."
3723,calculations,A nominal interest rate of 4% combined with 2% inflation implies a real interest rate of approximately 1.96%.
3724,calculations,"A company with 788 million shares outstanding at a price of 277.37 dollars has a market capitalization of about 218,567.6 million dollars."
3725,calculations,A share priced at 22 pounds with earnings per share of 12.17 pounds has a price-to-earnings ratio of about 1.8.
3726,calculations,"If a 2% coupon bond with a 1,000 pounds face value trades at 1,040 pounds, its current yield is approximately 1.92%. The bond trades at a premium."
3727,concepts,"From a financial perspective, The Sharpe ratio measures excess return per unit of total risk."
3728,concepts,A central bank manages a country's monetary policy and money supply.
3729,calculations,"The monthly payment on a 5-year amortizing loan of 235,000 dollars at 4.5% annual interest is approximately 4,381.11 dollars."
3730,calculations,"A bond with a face value of 1,000 dollars, a 5% annual coupon, and a price of 1,130 dollars has a current yield of about 4.42%. The bond trades at a premium."
3731,comparative,"A zero-coupon bond is a debt security, whereas a convertible bond is a hybrid security."
3732,calculations,"A loan of 105,000 dollars at a 4.5% annual rate, repaid monthly over 30 years, has a monthly payment of about 532.02 dollars."
3733,instruments,"Regarding liquidity, a put option offers variable liquidity."
3734,calculations,A company with current assets of 740 thousand dollars and current liabilities of 820 thousand dollars has a current ratio of 0.90.
3735,instruments,A key feature of an exchange-traded fund is that it trades on an exchange throughout the day like a stock.
3736,calculations,"With a nominal return of 8% and inflation of 1%, the real return is about 6.93% using the exact Fisher relation."
3737,calculations,"Net income of 33,900,000 dollars on shareholders' equity of 510,500,000 dollars corresponds to a return on equity of about 6.6%."
3738,calculations,"At a simple interest rate of 5% per year, a principal of 6,250 euros earns 1,875.00 euros in interest over 6 years."
3739,calculations,"A company with 595 million shares outstanding at a price of 337.77 pounds has a market capitalization of about 200,973.1 million pounds."
3740,comparative,"The return on a call option comes from payoff when the underlying price rises above the strike price, while the return on a convertible bond comes from coupon payments plus the option to convert into shares."
3741,calculations,Net income of 70 million pounds divided by 489 million shares gives earnings per share of 0.14 pounds.
3742,concepts,"In economics and finance, a share buyback reduces the number of shares outstanding."
3743,instruments,A money market fund is typically managed by asset management companies.
3744,calculations,An annual dividend of 4.24 dollars on a share priced at 163 dollars gives a dividend yield of 2.60%.
3745,calculations,"Simple interest on 19,000 dollars at 4% for 1 years amounts to 760.00 dollars."
3746,calculations,"Net income of 29,400,000 euros on shareholders' equity of 516,900,000 euros corresponds to a return on equity of about 5.7%."
3747,calculations,A share priced at 213 pounds with earnings per share of 5.23 pounds has a price-to-earnings ratio of about 40.7.
3748,concepts,"In economics and finance, gross domestic product measures the total value of goods and services produced in an economy."
3749,calculations,"A company with current assets of 2,120 thousand euros and current liabilities of 760 thousand euros has a current ratio of 2.79."
3750,calculations,"An investment of 45,500 pounds at 8% annual interest compounded annually grows to about 144,333.69 pounds after 15 years."
3751,concepts,"From a financial perspective, The Basel Accords are international standards for bank capital and liquidity regulation."
3752,concepts,"As a general principle, deflation is a sustained decrease in the general price level."
3753,calculations,"If earnings per share are 14.40 euros and the share price is 16 euros, the P/E ratio is approximately 1.1."
3754,calculations,"A loan of 90,000 dollars at a 4% annual rate, repaid monthly over 10 years, has a monthly payment of about 911.21 dollars."
3755,concepts,"As a general principle, a bond trading below its face value is said to trade at a discount."
3756,instruments,"Regarding the mortgage-backed security, it played a central role in the global financial crisis of 2007 to 2009."
3757,calculations,Net income of 48 million dollars divided by 409 million shares gives earnings per share of 0.12 dollars.
3758,calculations,"A company with current assets of 4,210 thousand euros and current liabilities of 2,620 thousand euros has a current ratio of 1.61."
3759,calculations,"A bond with a face value of 1,000 dollars, a 4% annual coupon, and a price of 925 dollars has a current yield of about 4.32%. The bond trades at a discount."
3760,calculations,"With a nominal return of 6% and inflation of 4%, the real return is about 1.92% using the exact Fisher relation."
3761,concepts,"From a financial perspective, amortizing loans repay both principal and interest through scheduled payments."
3762,instruments,"Regarding the mutual fund, it charges management fees summarized by its expense ratio."
3763,calculations,"Net income of 32,100,000 euros on shareholders' equity of 528,400,000 euros corresponds to a return on equity of about 6.1%."
3764,concepts,"In finance, Payment services directives in the European Union regulate payment institutions and electronic payments."
3765,calculations,A share priced at 60 dollars with earnings per share of 9.00 dollars has a price-to-earnings ratio of about 6.7.
3766,calculations,"A bond with a face value of 1,000 pounds, a 3% annual coupon, and a price of 1,135 pounds has a current yield of about 2.64%. The bond trades at a premium."
3767,calculations,"Simple interest on 5,250 pounds at 2% for 7 years amounts to 735.00 pounds."
3768,calculations,"The monthly payment on a 10-year amortizing loan of 385,000 pounds at 3.5% annual interest is approximately 3,807.11 pounds."
3769,calculations,"Net income of 32,200,000 dollars on shareholders' equity of 327,200,000 dollars corresponds to a return on equity of about 9.8%."
3770,calculations,"With annual compounding at 4.5%, 10,000 dollars becomes approximately 22,084.79 dollars in 18 years."
3771,concepts,"In finance, currency risk arises when the value of an investment changes because of exchange rate movements."
3772,concepts,"From a financial perspective, loss aversion describes the tendency to feel losses more strongly than equivalent gains."
3773,instruments,"In terms of risk, a mortgage-backed security carries credit risk and prepayment risk."
3774,comparative,"A certificate of deposit is a time deposit, whereas an interest rate swap is a derivative."
3775,calculations,"Simple interest on 10,500 pounds at 6% for 8 years amounts to 5,040.00 pounds."
3776,comparative,"A real estate investment trust is a pooled investment vehicle, whereas a preferred stock is a hybrid security."
3777,calculations,"Net income of 31,300,000 pounds on shareholders' equity of 411,900,000 pounds corresponds to a return on equity of about 7.6%."
3778,calculations,"If earnings per share are 6.21 dollars and the share price is 153 dollars, the P/E ratio is approximately 24.6."
3779,calculations,"If earnings per share are 1.48 pounds and the share price is 268 pounds, the P/E ratio is approximately 181.1."
3780,calculations,A share priced at 190 euros with earnings per share of 10.04 euros has a price-to-earnings ratio of about 18.9.
3781,calculations,"A company with 177 million shares outstanding at a price of 466.40 dollars has a market capitalization of about 82,552.8 million dollars."
3782,comparative,"The return on a futures contract comes from gains or losses from price changes in the underlying asset, while the return on a treasury bill comes from the discount between the purchase price and face value."
3783,calculations,"Net income of 16,900,000 pounds on shareholders' equity of 114,600,000 pounds corresponds to a return on equity of about 14.7%."
3784,calculations,"A company with 465 million shares outstanding at a price of 488.72 pounds has a market capitalization of about 227,254.8 million pounds."
3785,ratios,The return on assets is a profitability ratio.
3786,concepts,"From a financial perspective, the yield to maturity is the discount rate that equates a bond's price with the present value of its cash flows."
3787,concepts,"As a general principle, the loan-to-value ratio compares the size of a loan to the value of the asset securing it."
3788,calculations,"With a nominal return of 4% and inflation of 2%, the real return is about 1.96% using the exact Fisher relation."
3789,calculations,"The present value of 71,000 euros received in 13 years, discounted at 4% per year, is about 42,640.76 euros."
3790,calculations,"A company with current assets of 2,200 thousand euros and current liabilities of 3,180 thousand euros has a current ratio of 0.69."
3791,calculations,A nominal interest rate of 3% combined with 3% inflation implies a real interest rate of approximately 0.00%.
3792,calculations,"A bond with a face value of 1,000 euros, a 5% annual coupon, and a price of 940 euros has a current yield of about 5.32%. The bond trades at a discount."
3793,calculations,"A company with current assets of 3,900 thousand dollars and current liabilities of 3,960 thousand dollars has a current ratio of 0.98."
3794,calculations,"If a 5% coupon bond with a 1,000 dollars face value trades at 975 dollars, its current yield is approximately 5.13%. The bond trades at a discount."
3795,calculations,"A company with current assets of 3,060 thousand euros and current liabilities of 830 thousand euros has a current ratio of 3.69."
3796,comparative,"A call option is a derivative, whereas a treasury bill is a money market instrument."
3797,concepts,The effective annual rate accounts for the effect of compounding within a year.
3798,instruments,A key feature of a zero-coupon bond is that it pays no periodic coupons and is sold at a discount to its face value.
3799,concepts,"In economics and finance, the yield curve plots the yields of bonds with equal credit quality across different maturities."
3800,comparative,"The return on a money market fund comes from short-term interest income, while the return on a certificate of deposit comes from fixed interest."
3801,calculations,An annual dividend of 0.17 euros on a share priced at 48 euros gives a dividend yield of 0.35%.
3802,calculations,"An investment of 3,500 dollars at 4% annual interest compounded annually grows to about 4,981.59 dollars after 9 years."
3803,calculations,"The future value of 5,000 euros invested for 21 years at a 2% annual rate, compounded yearly, is about 7,578.33 euros."
3804,calculations,"The present value of 97,000 pounds received in 19 years, discounted at 6% per year, is about 32,059.76 pounds."
3805,calculations,An annual dividend of 7.95 dollars on a share priced at 131 dollars gives a dividend yield of 6.07%.
3806,calculations,"At a simple interest rate of 5% per year, a principal of 3,500 euros earns 525.00 euros in interest over 3 years."
3807,calculations,"A company with 752 million shares outstanding at a price of 99.16 euros has a market capitalization of about 74,568.3 million euros."
3808,concepts,A leveraged buyout is an acquisition financed largely with borrowed money.
3809,calculations,"If a 7% coupon bond with a 1,000 dollars face value trades at 990 dollars, its current yield is approximately 7.07%. The bond trades at a discount."
3810,calculations,"A bond with a face value of 1,000 dollars, a 6% annual coupon, and a price of 890 dollars has a current yield of about 6.74%. The bond trades at a discount."
3811,instruments,A treasury bill generates income through the discount between the purchase price and face value.
3812,calculations,"With a nominal return of 8% and inflation of 6%, the real return is about 1.89% using the exact Fisher relation."
3813,calculations,"The future value of 12,500 pounds invested for 6 years at a 8% annual rate, compounded yearly, is about 19,835.93 pounds."
3814,instruments,"In terms of risk, an exchange-traded fund carries risk that depends on its underlying index or holdings."
3815,calculations,"A company with current assets of 2,840 thousand euros and current liabilities of 610 thousand euros has a current ratio of 4.66."
3816,calculations,"At a simple interest rate of 5% per year, a principal of 4,000 dollars earns 1,800.00 dollars in interest over 9 years."
3817,concepts,"As a general principle, an inverted yield curve occurs when short-term yields exceed long-term yields."
3818,calculations,"A bond with a face value of 1,000 euros, a 5% annual coupon, and a price of 935 euros has a current yield of about 5.35%. The bond trades at a discount."
3819,calculations,Net income of 664 million dollars divided by 271 million shares gives earnings per share of 2.45 dollars.
3820,concepts,"In economics and finance, commercial banks accept deposits and make loans."
3821,calculations,"If earnings per share are 7.77 euros and the share price is 159 euros, the P/E ratio is approximately 20.5."
3822,calculations,Net income of 280 million euros divided by 438 million shares gives earnings per share of 0.64 euros.
3823,concepts,"In finance, an initial public offering is the first sale of a company's shares to the public."
3824,calculations,"A company with 229 million shares outstanding at a price of 285.24 euros has a market capitalization of about 65,320.0 million euros."
3825,calculations,"A company with 381 million shares outstanding at a price of 235.89 euros has a market capitalization of about 89,874.1 million euros."
3826,comparative,"The return on a futures contract comes from gains or losses from price changes in the underlying asset, while the return on a common stock comes from dividends and capital gains."
3827,calculations,"A company with current assets of 2,640 thousand euros and current liabilities of 3,580 thousand euros has a current ratio of 0.74."
3828,comparative,"The return on an exchange-traded fund comes from distributions and price changes, while the return on a treasury bill comes from the discount between the purchase price and face value."
3829,concepts,"In finance, the payback period is the time required for cumulative cash flows to recover the initial investment."
3830,calculations,"The future value of 44,500 pounds invested for 15 years at a 8% annual rate, compounded yearly, is about 141,161.53 pounds."
3831,calculations,An annual dividend of 5.35 euros on a share priced at 186 euros gives a dividend yield of 2.88%.
3832,comparative,"The return on an interest rate swap comes from net exchanged interest payments, while the return on a mortgage-backed security comes from principal and interest payments passed through from borrowers."
3833,calculations,"If earnings per share are 10.97 euros and the share price is 43 euros, the P/E ratio is approximately 3.9."
3834,calculations,"Simple interest on 15,250 pounds at 2% for 6 years amounts to 1,830.00 pounds."
3835,concepts,"In finance, a perpetuity is a stream of equal cash flows that continues indefinitely."
3836,calculations,"A company with current assets of 3,730 thousand pounds and current liabilities of 3,590 thousand pounds has a current ratio of 1.04."
3837,calculations,"An investment of 6,000 pounds at 8% annual interest compounded annually grows to about 25,894.21 pounds after 19 years."
3838,calculations,"A company with net income of 49,500,000 pounds and average equity of 471,800,000 pounds has a return on equity of 10.5%."
3839,calculations,"A company with net income of 45,700,000 pounds and average equity of 822,600,000 pounds has a return on equity of 5.6%."
3840,comparative,"A treasury bill is a money market instrument, whereas a put option is a derivative."
3841,calculations,"A company with current assets of 3,360 thousand pounds and current liabilities of 3,060 thousand pounds has a current ratio of 1.10."
3842,concepts,"From a financial perspective, net present value is the sum of the present values of all cash inflows and outflows of a project."
3843,calculations,"With a nominal return of 4% and inflation of 3%, the real return is about 0.97% using the exact Fisher relation."
3844,comparative,"The return on an interest rate swap comes from net exchanged interest payments, while the return on a futures contract comes from gains or losses from price changes in the underlying asset."
3845,calculations,"If revenue changes from 3,400 to 3,432 thousand pounds, the percentage change is +0.9%."
3846,concepts,Value at risk estimates the potential loss of a portfolio over a given period at a given confidence level.
3847,calculations,"Net income of 37,000,000 euros on shareholders' equity of 329,400,000 euros corresponds to a return on equity of about 11.2%."
3848,calculations,"A company with net income of 12,800,000 dollars and average equity of 211,300,000 dollars has a return on equity of 6.1%."
3849,concepts,"In finance, venture capital provides financing to early-stage companies with high growth potential."
3850,calculations,"At a simple interest rate of 4% per year, a principal of 17,500 pounds earns 1,400.00 pounds in interest over 2 years."
3851,calculations,"A company with 710 million shares outstanding at a price of 403.55 pounds has a market capitalization of about 286,520.5 million pounds."
3852,calculations,"The present value of 35,000 pounds received in 14 years, discounted at 8% per year, is about 11,916.14 pounds."
3853,comparative,"A put option is a derivative, whereas a mortgage-backed security is an asset-backed security."
3854,concepts,"In economics and finance, goodwill arises when a company acquires another business for more than the fair value of its identifiable net assets."
3855,calculations,A share priced at 27 pounds with earnings per share of 6.95 pounds has a price-to-earnings ratio of about 3.9.
3856,calculations,"At a simple interest rate of 3% per year, a principal of 1,250 dollars earns 337.50 dollars in interest over 9 years."
3857,instruments,"Regarding the corporate bond, its holders rank ahead of shareholders in a bankruptcy."
3858,concepts,"In finance, a bond trading below its face value is said to trade at a discount."
3859,calculations,Net income of 531 million dollars divided by 197 million shares gives earnings per share of 2.70 dollars.
3860,calculations,"Net income of 17,600,000 dollars on shareholders' equity of 247,700,000 dollars corresponds to a return on equity of about 7.1%."
3861,comparative,"The return on a mortgage-backed security comes from principal and interest payments passed through from borrowers, while the return on a call option comes from payoff when the underlying price rises above the strike price."
3862,calculations,"An asset whose price moves from 5,100 to 3,588 dollars has a return of -29.6%, excluding income."
3863,calculations,"An investment of 45,500 euros at 2% annual interest compounded annually grows to about 62,461.75 euros after 16 years."
3864,calculations,"A bond with a face value of 1,000 euros, a 2% annual coupon, and a price of 980 euros has a current yield of about 2.04%. The bond trades at a discount."
3865,calculations,"The monthly payment on a 20-year amortizing loan of 205,000 dollars at 7% annual interest is approximately 1,589.36 dollars."
3866,calculations,"At a simple interest rate of 6% per year, a principal of 1,500 pounds earns 720.00 pounds in interest over 8 years."
3867,calculations,"If revenue changes from 5,550 to 4,013 thousand dollars, the percentage change is -27.7%."
3868,concepts,"The balance sheet reports a company's assets, liabilities, and equity at a specific point in time."
3869,concepts,"In economics and finance, The Basel Accords are international standards for bank capital and liquidity regulation."
3870,calculations,"A bond with a face value of 1,000 dollars, a 7% annual coupon, and a price of 1,080 dollars has a current yield of about 6.48%. The bond trades at a premium."
3871,calculations,"Simple interest on 11,250 pounds at 6% for 1 years amounts to 675.00 pounds."
3872,calculations,Net income of 841 million dollars divided by 488 million shares gives earnings per share of 1.72 dollars.
3873,calculations,A share priced at 190 pounds with earnings per share of 9.67 pounds has a price-to-earnings ratio of about 19.6.
3874,calculations,"A company with current assets of 1,830 thousand pounds and current liabilities of 1,510 thousand pounds has a current ratio of 1.21."
3875,calculations,"An investment of 39,500 euros at 8% annual interest compounded annually grows to about 250,476.64 euros after 24 years."
3876,calculations,"A company with current assets of 4,410 thousand dollars and current liabilities of 1,310 thousand dollars has a current ratio of 3.37."
3877,ratios,Analysts use the inventory turnover to assess how many times inventory is sold and replaced during a period.
3878,calculations,Net income of 938 million euros divided by 297 million shares gives earnings per share of 3.16 euros.
3879,calculations,"An investment of 32,500 dollars at 3.5% annual interest compounded annually grows to about 60,368.40 dollars after 18 years."
3880,calculations,"A company with 214 million shares outstanding at a price of 158.20 pounds has a market capitalization of about 33,854.8 million pounds."
3881,comparative,"A mortgage-backed security is an asset-backed security, whereas a treasury bill is a money market instrument."
3882,comparative,"The return on an interest rate swap comes from net exchanged interest payments, while the return on a government bond comes from periodic coupon payments."
3883,concepts,"From a financial perspective, the nominal interest rate is the stated rate before adjusting for inflation."
3884,ratios,The return on assets is calculated as net income divided by average total assets.
3885,calculations,"The monthly payment on a 25-year amortizing loan of 380,000 pounds at 3.5% annual interest is approximately 1,902.37 pounds."
3886,concepts,"In economics and finance, The Fisher equation links nominal interest rates, real interest rates, and expected inflation."
3887,calculations,An annual dividend of 6.96 dollars on a share priced at 92 dollars gives a dividend yield of 7.57%.
3888,calculations,An annual dividend of 8.71 dollars on a share priced at 31 dollars gives a dividend yield of 28.10%.
3889,concepts,"As a general principle, capital adequacy requirements oblige banks to hold capital in proportion to their risk-weighted assets."
3890,calculations,"A loan of 225,000 dollars at a 3.5% annual rate, repaid monthly over 3 years, has a monthly payment of about 6,592.97 dollars."
3891,calculations,"A company with current assets of 2,930 thousand pounds and current liabilities of 4,740 thousand pounds has a current ratio of 0.62."
3892,calculations,Net income of 755 million euros divided by 33 million shares gives earnings per share of 22.88 euros.
3893,calculations,Net income of 589 million euros divided by 429 million shares gives earnings per share of 1.37 euros.
3894,calculations,A share priced at 224 pounds with earnings per share of 12.60 pounds has a price-to-earnings ratio of about 17.8.
3895,calculations,"A company with current assets of 3,730 thousand dollars and current liabilities of 4,000 thousand dollars has a current ratio of 0.93."
3896,calculations,"The present value of 100,000 dollars received in 18 years, discounted at 3% per year, is about 58,739.46 dollars."
3897,calculations,"A company with current assets of 2,520 thousand pounds and current liabilities of 3,460 thousand pounds has a current ratio of 0.73."
3898,comparative,"The return on a mutual fund comes from distributions and changes in net asset value, while the return on a forward contract comes from gains or losses at settlement."
3899,instruments,A key feature of a certificate of deposit is that it requires the depositor to leave funds in place for a fixed term.
3900,instruments,A futures contract generates income through gains or losses from price changes in the underlying asset.
3901,calculations,"If earnings per share are 13.09 pounds and the share price is 220 pounds, the P/E ratio is approximately 16.8."
3902,calculations,"A company with 92 million shares outstanding at a price of 454.91 dollars has a market capitalization of about 41,851.7 million dollars."
3903,calculations,"Discounting 89,000 pounds due in 20 years at an annual rate of 4% gives a present value of approximately 40,618.44 pounds."
3904,calculations,"The present value of 86,000 euros received in 10 years, discounted at 2% per year, is about 70,549.95 euros."
3905,calculations,"A company with net income of 14,000,000 dollars and average equity of 121,700,000 dollars has a return on equity of 11.5%."
3906,calculations,"Simple interest on 2,000 pounds at 5% for 9 years amounts to 900.00 pounds."
3907,comparative,"The return on a forward contract comes from gains or losses at settlement, while the return on a common stock comes from dividends and capital gains."
3908,calculations,"The present value of 26,000 pounds received in 14 years, discounted at 6% per year, is about 11,499.83 pounds."
3909,comparative,"A government bond is a debt security, whereas a mutual fund is a pooled investment vehicle."
3910,calculations,"If revenue changes from 750 to 1,078 thousand dollars, the percentage change is +43.7%."
3911,calculations,"The monthly payment on a 30-year amortizing loan of 90,000 dollars at 6% annual interest is approximately 539.60 dollars."
3912,calculations,"The present value of 74,000 pounds received in 5 years, discounted at 6% per year, is about 55,297.10 pounds."
3913,calculations,"Discounting 47,000 pounds due in 18 years at an annual rate of 2% gives a present value of approximately 32,907.49 pounds."
3914,calculations,"An asset whose price moves from 4,350 to 2,987 pounds has a return of -31.3%, excluding income."
3915,comparative,"A put option is a derivative, whereas a preferred stock is a hybrid security."
3916,comparative,"A convertible bond is a hybrid security, whereas a money market fund is a pooled investment vehicle."
3917,calculations,"With annual compounding at 4%, 14,000 dollars becomes approximately 29,495.89 dollars in 19 years."
3918,calculations,"A company with current assets of 4,430 thousand dollars and current liabilities of 4,750 thousand dollars has a current ratio of 0.93."
3919,calculations,"A company with 833 million shares outstanding at a price of 148.14 dollars has a market capitalization of about 123,400.6 million dollars."
3920,concepts,Net present value is the sum of the present values of all cash inflows and outflows of a project.
3921,calculations,"Discounting 40,000 euros due in 17 years at an annual rate of 4% gives a present value of approximately 20,534.93 euros."
3922,calculations,"A bond with a face value of 1,000 euros, a 6% annual coupon, and a price of 1,145 euros has a current yield of about 5.24%. The bond trades at a premium."
3923,calculations,An annual dividend of 4.10 dollars on a share priced at 253 dollars gives a dividend yield of 1.62%.
3924,calculations,"The monthly payment on a 20-year amortizing loan of 160,000 dollars at 6% annual interest is approximately 1,146.29 dollars."
3925,calculations,"A bond with a face value of 1,000 pounds, a 6% annual coupon, and a price of 1,020 pounds has a current yield of about 5.88%. The bond trades at a premium."
3926,comparative,"The return on a convertible bond comes from coupon payments plus the option to convert into shares, while the return on a forward contract comes from gains or losses at settlement."
3927,comparative,"A preferred stock is a hybrid security, whereas a put option is a derivative."
3928,calculations,A share priced at 173 dollars with earnings per share of 14.36 dollars has a price-to-earnings ratio of about 12.0.
3929,calculations,"A company with 756 million shares outstanding at a price of 74.82 pounds has a market capitalization of about 56,563.9 million pounds."
3930,calculations,"Simple interest on 17,250 euros at 5% for 3 years amounts to 2,587.50 euros."
3931,calculations,"A company with net income of 23,000,000 dollars and average equity of 284,000,000 dollars has a return on equity of 8.1%."
3932,comparative,"The return on a preferred stock comes from fixed or floating dividends, while the return on a real estate investment trust comes from rental income distributions and price changes."
3933,calculations,A nominal interest rate of 3% combined with 6% inflation implies a real interest rate of approximately -2.83%.
3934,calculations,"An asset whose price moves from 7,850 to 9,148 pounds has a return of +16.5%, excluding income."
3935,calculations,"The monthly payment on a 10-year amortizing loan of 360,000 pounds at 4% annual interest is approximately 3,644.82 pounds."
3936,calculations,"The present value of 51,000 dollars received in 15 years, discounted at 10% per year, is about 12,208.99 dollars."
3937,calculations,"Discounting 8,000 euros due in 15 years at an annual rate of 3% gives a present value of approximately 5,134.90 euros."
3938,calculations,A nominal interest rate of 4% combined with 5% inflation implies a real interest rate of approximately -0.95%.
3939,calculations,An annual dividend of 2.85 pounds on a share priced at 202 pounds gives a dividend yield of 1.41%.
3940,instruments,"Regarding the certificate of deposit, it may be covered by a deposit guarantee scheme up to a legal limit."
3941,calculations,"A loan of 45,000 euros at a 7% annual rate, repaid monthly over 25 years, has a monthly payment of about 318.05 euros."
3942,calculations,"The monthly payment on a 10-year amortizing loan of 125,000 euros at 3% annual interest is approximately 1,207.01 euros."
3943,calculations,"Discounting 82,000 dollars due in 1 years at an annual rate of 6% gives a present value of approximately 77,358.49 dollars."
3944,calculations,"An asset whose price moves from 3,500 to 2,494 dollars has a return of -28.7%, excluding income."
3945,concepts,"In finance, an annuity is a series of equal payments made at regular intervals."
3946,calculations,"A company with 234 million shares outstanding at a price of 385.52 euros has a market capitalization of about 90,211.7 million euros."
3947,calculations,"A company with current assets of 550 thousand euros and current liabilities of 4,300 thousand euros has a current ratio of 0.13."
3948,calculations,Net income of 495 million dollars divided by 451 million shares gives earnings per share of 1.10 dollars.
3949,calculations,"If a 3% coupon bond with a 1,000 dollars face value trades at 1,010 dollars, its current yield is approximately 2.97%. The bond trades at a premium."
3950,calculations,"The future value of 33,000 dollars invested for 25 years at a 8% annual rate, compounded yearly, is about 225,999.68 dollars."
3951,calculations,"Simple interest on 7,750 dollars at 3% for 2 years amounts to 465.00 dollars."
3952,calculations,"An investment of 38,500 euros at 1% annual interest compounded annually grows to about 40,063.25 euros after 4 years."
3953,concepts,"From a financial perspective, customer due diligence involves assessing the risks associated with a business relationship."
3954,comparative,"The return on a mutual fund comes from distributions and changes in net asset value, while the return on a real estate investment trust comes from rental income distributions and price changes."
3955,calculations,"A bond with a face value of 1,000 pounds, a 7% annual coupon, and a price of 1,055 pounds has a current yield of about 6.64%. The bond trades at a premium."
3956,calculations,An annual dividend of 2.60 dollars on a share priced at 294 dollars gives a dividend yield of 0.88%.
3957,calculations,"A loan of 20,000 dollars at a 3% annual rate, repaid monthly over 30 years, has a monthly payment of about 84.32 dollars."
3958,calculations,"A bond with a face value of 1,000 euros, a 6% annual coupon, and a price of 1,095 euros has a current yield of about 5.48%. The bond trades at a premium."
3959,comparative,"The return on a government bond comes from periodic coupon payments, while the return on a convertible bond comes from coupon payments plus the option to convert into shares."
3960,calculations,"If earnings per share are 2.07 pounds and the share price is 225 pounds, the P/E ratio is approximately 108.7."
3961,instruments,A key feature of a call option is that its value increases with the volatility of the underlying asset.
3962,calculations,"A company with 412 million shares outstanding at a price of 460.19 pounds has a market capitalization of about 189,598.3 million pounds."
3963,calculations,"A bond with a face value of 1,000 dollars, a 2% annual coupon, and a price of 1,035 dollars has a current yield of about 1.93%. The bond trades at a premium."
3964,calculations,"A company with net income of 28,700,000 pounds and average equity of 373,000,000 pounds has a return on equity of 7.7%."
3965,concepts,"In economics and finance, liquidity risk is the risk that an asset cannot be sold quickly without a significant price concession."
3966,calculations,"If revenue changes from 3,650 to 3,332 thousand euros, the percentage change is -8.7%."
3967,ratios,The dividend yield belongs to the family of valuation metrics.
3968,instruments,A certificate of deposit is a time deposit.
3969,calculations,"A company with current assets of 4,700 thousand euros and current liabilities of 3,910 thousand euros has a current ratio of 1.20."
3970,concepts,"From a financial perspective, a stock index tracks the performance of a selected group of shares."
3971,calculations,"An investment of 2,000 euros at 5% annual interest compounded annually grows to about 5,850.52 euros after 22 years."
3972,comparative,"A convertible bond is a hybrid security, whereas a mortgage-backed security is an asset-backed security."
3973,calculations,"If earnings per share are 4.99 dollars and the share price is 203 dollars, the P/E ratio is approximately 40.7."
3974,calculations,"A company with current assets of 1,450 thousand dollars and current liabilities of 1,340 thousand dollars has a current ratio of 1.08."
3975,calculations,"A company with 606 million shares outstanding at a price of 73.27 pounds has a market capitalization of about 44,401.6 million pounds."
3976,calculations,"An asset whose price moves from 9,650 to 11,479 euros has a return of +19.0%, excluding income."
3977,instruments,The zero-coupon bond is classified as a debt security.
3978,calculations,"A loan of 185,000 pounds at a 3% annual rate, repaid monthly over 10 years, has a monthly payment of about 1,786.37 pounds."
3979,calculations,A nominal interest rate of 9% combined with 2.5% inflation implies a real interest rate of approximately 6.34%.
3980,calculations,"An investment of 25,500 dollars at 6% annual interest compounded annually grows to about 72,785.65 dollars after 18 years."
3981,calculations,"If earnings per share are 8.13 dollars and the share price is 210 dollars, the P/E ratio is approximately 25.8."
3982,calculations,A share priced at 208 euros with earnings per share of 7.23 euros has a price-to-earnings ratio of about 28.8.
3983,concepts,"From a financial perspective, the income statement reports a company's revenues, expenses, and profit over a period."
3984,concepts,"In economics and finance, a market order is executed immediately at the best available price."
3985,calculations,"The future value of 31,000 dollars invested for 8 years at a 2.5% annual rate, compounded yearly, is about 37,770.49 dollars."
3986,comparative,"The return on a convertible bond comes from coupon payments plus the option to convert into shares, while the return on a corporate bond comes from periodic coupon payments."
3987,calculations,A share priced at 220 dollars with earnings per share of 1.95 dollars has a price-to-earnings ratio of about 112.8.
3988,calculations,"An asset whose price moves from 4,350 to 5,229 dollars has a return of +20.2%, excluding income."
3989,calculations,"A bond with a face value of 1,000 euros, a 6% annual coupon, and a price of 1,065 euros has a current yield of about 5.63%. The bond trades at a premium."
3990,calculations,A share priced at 203 euros with earnings per share of 13.99 euros has a price-to-earnings ratio of about 14.5.
3991,calculations,"An investment of 43,000 dollars at 3% annual interest compounded annually grows to about 98,380.89 dollars after 28 years."
3992,calculations,"At a simple interest rate of 2% per year, a principal of 10,000 pounds earns 2,000.00 pounds in interest over 10 years."
3993,calculations,"The present value of 20,000 euros received in 19 years, discounted at 2% per year, is about 13,728.62 euros."
3994,calculations,"The present value of 91,000 pounds received in 1 years, discounted at 4% per year, is about 87,500.00 pounds."
3995,calculations,"A company with 419 million shares outstanding at a price of 253.73 euros has a market capitalization of about 106,312.9 million euros."
3996,calculations,A share priced at 134 pounds with earnings per share of 7.04 pounds has a price-to-earnings ratio of about 19.0.
3997,calculations,"An asset whose price moves from 4,700 to 4,076 pounds has a return of -13.3%, excluding income."
3998,calculations,An annual dividend of 0.44 euros on a share priced at 146 euros gives a dividend yield of 0.30%.
3999,calculations,"If revenue changes from 4,550 to 5,325 thousand pounds, the percentage change is +17.0%."
4000,concepts,"As a general principle, leverage amplifies both gains and losses by using borrowed funds."
